2026-08-27 10:59:10.686 [main] [] INFO  o.e.s.StudentSystemApplication - Starting StudentSystemApplication using Java 17.0.19 with PID 4611 (/Users/mark/Desktop/JavaStudent/target/classes started by mark in /Users/mark/Desktop/JavaStudent)
2026-08-27 10:59:10.688 [main] [] DEBUG o.e.s.StudentSystemApplication - Running with Spring Boot v4.0.6, Spring v7.0.7
2026-08-27 10:59:10.689 [main] [] INFO  o.e.s.StudentSystemApplication - The following 1 profile is active: "dev"
2026-08-27 10:59:10.755 [background-preinit] [] INFO  o.h.validator.internal.util.Version - HV000001: Hibernate Validator 9.0.1.Final
2026-08-27 10:59:10.888 [main] [] INFO  o.s.d.r.c.RepositoryConfigurationDelegate - Multiple Spring Data modules found, entering strict repository configuration mode
2026-08-27 10:59:10.889 [main] [] INFO  o.s.d.r.c.RepositoryConfigurationDelegate - Bootstrapping Spring Data Redis repositories in DEFAULT mode.
2026-08-27 10:59:10.898 [main] [] INFO  o.s.d.r.c.RepositoryConfigurationDelegate - Finished Spring Data repository scanning in 3 ms. Found 0 Redis repository interfaces.
2026-08-27 10:59:11.126 [main] [] INFO  o.s.boot.tomcat.TomcatWebServer - Tomcat initialized with port 8081 (http)
2026-08-27 10:59:11.130 [main] [] INFO  o.a.coyote.http11.Http11NioProtocol - Initializing ProtocolHandler ["http-nio-8081"]
2026-08-27 10:59:11.131 [main] [] INFO  o.a.catalina.core.StandardService - Starting service [Tomcat]
2026-08-27 10:59:11.131 [main] [] INFO  o.a.catalina.core.StandardEngine - Starting Servlet engine: [Apache Tomcat/11.0.21]
2026-08-27 10:59:11.147 [main] [] INFO  o.s.b.w.c.s.WebApplicationContextInitializer - Root WebApplicationContext: initialization completed in 436 ms
2026-08-27 10:59:11.356 [main] [] WARN  i.n.r.d.DnsServerAddressStreamProviders - Can not find io.netty.resolver.dns.macos.MacOSDnsServerAddressStreamProvider in the classpath, fallback to system defaults. This may result in incorrect DNS resolutions on MacOS. Check whether you have a dependency on 'io.netty:netty-resolver-dns-native-macos'
2026-08-27 10:59:11.479 [main] [] INFO  o.a.coyote.http11.Http11NioProtocol - Starting ProtocolHandler ["http-nio-8081"]
2026-08-27 10:59:11.485 [main] [] INFO  o.s.boot.tomcat.TomcatWebServer - Tomcat started on port 8081 (http) with context path '/'
2026-08-27 10:59:11.487 [main] [] INFO  o.e.s.StudentSystemApplication - Started StudentSystemApplication in 0.981 seconds (process running for 1.112)
2026-08-27 10:59:12.874 [SpringApplicationShutdownHook] [] INFO  o.s.boot.tomcat.GracefulShutdown - Commencing graceful shutdown. Waiting for active requests to complete
2026-08-27 10:59:14.884 [tomcat-shutdown] [] INFO  o.s.boot.tomcat.GracefulShutdown - Graceful shutdown complete
2026-08-27 10:59:17.660 [main] [] INFO  o.e.s.StudentSystemApplication - Starting StudentSystemApplication using Java 17.0.19 with PID 4624 (/Users/mark/Desktop/JavaStudent/target/classes started by mark in /Users/mark/Desktop/JavaStudent)
2026-08-27 10:59:17.661 [main] [] DEBUG o.e.s.StudentSystemApplication - Running with Spring Boot v4.0.6, Spring v7.0.7
2026-08-27 10:59:17.661 [main] [] INFO  o.e.s.StudentSystemApplication - The following 1 profile is active: "dev"
2026-08-27 10:59:17.731 [background-preinit] [] INFO  o.h.validator.internal.util.Version - HV000001: Hibernate Validator 9.0.1.Final
2026-08-27 10:59:17.870 [main] [] INFO  o.s.d.r.c.RepositoryConfigurationDelegate - Multiple Spring Data modules found, entering strict repository configuration mode
2026-08-27 10:59:17.871 [main] [] INFO  o.s.d.r.c.RepositoryConfigurationDelegate - Bootstrapping Spring Data Redis repositories in DEFAULT mode.
2026-08-27 10:59:17.884 [main] [] INFO  o.s.d.r.c.RepositoryConfigurationDelegate - Finished Spring Data repository scanning in 3 ms. Found 0 Redis repository interfaces.
2026-08-27 10:59:18.147 [main] [] INFO  o.s.boot.tomcat.TomcatWebServer - Tomcat initialized with port 8081 (http)
2026-08-27 10:59:18.151 [main] [] INFO  o.a.coyote.http11.Http11NioProtocol - Initializing ProtocolHandler ["http-nio-8081"]
2026-08-27 10:59:18.152 [main] [] INFO  o.a.catalina.core.StandardService - Starting service [Tomcat]
2026-08-27 10:59:18.152 [main] [] INFO  o.a.catalina.core.StandardEngine - Starting Servlet engine: [Apache Tomcat/11.0.21]
2026-08-27 10:59:18.170 [main] [] INFO  o.s.b.w.c.s.WebApplicationContextInitializer - Root WebApplicationContext: initialization completed in 495 ms
2026-08-27 10:59:18.402 [main] [] WARN  i.n.r.d.DnsServerAddressStreamProviders - Can not find io.netty.resolver.dns.macos.MacOSDnsServerAddressStreamProvider in the classpath, fallback to system defaults. This may result in incorrect DNS resolutions on MacOS. Check whether you have a dependency on 'io.netty:netty-resolver-dns-native-macos'
2026-08-27 10:59:18.526 [main] [] INFO  o.a.coyote.http11.Http11NioProtocol - Starting ProtocolHandler ["http-nio-8081"]
2026-08-27 10:59:18.545 [main] [] INFO  o.s.boot.tomcat.TomcatWebServer - Tomcat started on port 8081 (http) with context path '/'
2026-08-27 10:59:18.553 [main] [] INFO  o.e.s.StudentSystemApplication - Started StudentSystemApplication in 1.069 seconds (process running for 1.49)
2026-08-27 10:59:22.403 [http-nio-8081-exec-1] [] INFO  o.a.c.c.C.[Tomcat].[localhost].[/] - Initializing Spring DispatcherServlet 'dispatcherServlet'
2026-08-27 10:59:22.403 [http-nio-8081-exec-1] [] INFO  o.s.web.servlet.DispatcherServlet - Initializing Servlet 'dispatcherServlet'
2026-08-27 10:59:22.404 [http-nio-8081-exec-1] [] INFO  o.s.web.servlet.DispatcherServlet - Completed initialization in 1 ms
2026-08-27 10:59:22.419 [http-nio-8081-exec-1] [1c4b5fb889a5436e] INFO  o.e.s.aspect.WebLogAspect - [请求] GET /teacher/infoById TeacherController.getTeacherInfoById args=[1001, 3, 10]
2026-08-27 10:59:22.419 [http-nio-8081-exec-1] [1c4b5fb889a5436e] INFO  o.e.s.s.impl.TeacherServiceImpl - 查询教师详情, id=1001, pageNum=3, pageSize=10
2026-08-27 10:59:22.425 [http-nio-8081-exec-1] [1c4b5fb889a5436e] INFO  com.zaxxer.hikari.HikariDataSource - HikariPool-1 - Starting...
2026-08-27 10:59:22.542 [http-nio-8081-exec-1] [1c4b5fb889a5436e] INFO  com.zaxxer.hikari.pool.HikariPool - HikariPool-1 - Added connection com.mysql.cj.jdbc.ConnectionImpl@623c07b4
2026-08-27 10:59:22.542 [http-nio-8081-exec-1] [1c4b5fb889a5436e] INFO  com.zaxxer.hikari.HikariDataSource - HikariPool-1 - Start completed.
2026-08-27 10:59:22.545 [http-nio-8081-exec-1] [1c4b5fb889a5436e] DEBUG o.e.s.mapper.TeacherMapper.listById - ==>  Preparing: SELECT id, name, age, gender FROM teacher WHERE id = ? ORDER BY id
2026-08-27 10:59:22.555 [http-nio-8081-exec-1] [1c4b5fb889a5436e] DEBUG o.e.s.mapper.TeacherMapper.listById - ==> Parameters: 1001(Integer)
2026-08-27 10:59:22.564 [http-nio-8081-exec-1] [1c4b5fb889a5436e] DEBUG o.e.s.mapper.TeacherMapper.listById - <==      Total: 1
2026-08-27 10:59:22.586 [http-nio-8081-exec-1] [1c4b5fb889a5436e] DEBUG o.e.s.m.S.listByTeacherId_COUNT - ==>  Preparing: SELECT count(0) FROM student WHERE teacher_id = ?
2026-08-27 10:59:22.586 [http-nio-8081-exec-1] [1c4b5fb889a5436e] DEBUG o.e.s.m.S.listByTeacherId_COUNT - ==> Parameters: 1001(Integer)
2026-08-27 10:59:22.587 [http-nio-8081-exec-1] [1c4b5fb889a5436e] DEBUG o.e.s.m.S.listByTeacherId_COUNT - <==      Total: 1
2026-08-27 10:59:22.588 [http-nio-8081-exec-1] [1c4b5fb889a5436e] DEBUG o.e.s.m.S.listByTeacherId - ==>  Preparing: SELECT id, name, age, gender, chinese, math, english, teacher_id AS teacherId FROM student WHERE teacher_id = ? ORDER BY id LIMIT ?, ?
2026-08-27 10:59:22.588 [http-nio-8081-exec-1] [1c4b5fb889a5436e] DEBUG o.e.s.m.S.listByTeacherId - ==> Parameters: 1001(Integer), 20(Long), 10(Integer)
2026-08-27 10:59:22.590 [http-nio-8081-exec-1] [1c4b5fb889a5436e] DEBUG o.e.s.m.S.listByTeacherId - <==      Total: 10
2026-08-27 10:59:22.591 [http-nio-8081-exec-1] [1c4b5fb889a5436e] INFO  o.e.s.s.impl.TeacherServiceImpl - 查询教师详情完成, id=1001, total=30, pages=3
2026-08-27 10:59:22.591 [http-nio-8081-exec-1] [1c4b5fb889a5436e] INFO  o.e.s.aspect.WebLogAspect - [响应] TeacherController.getTeacherInfoById cost=172ms
2026-08-27 11:06:18.170 [SpringApplicationShutdownHook] [] INFO  o.s.boot.tomcat.GracefulShutdown - Commencing graceful shutdown. Waiting for active requests to complete
2026-08-27 11:06:20.177 [tomcat-shutdown] [] INFO  o.s.boot.tomcat.GracefulShutdown - Graceful shutdown complete
2026-08-27 11:06:20.185 [SpringApplicationShutdownHook] [] INFO  com.zaxxer.hikari.HikariDataSource - HikariPool-1 - Shutdown initiated...
2026-08-27 11:06:20.186 [SpringApplicationShutdownHook] [] INFO  com.zaxxer.hikari.HikariDataSource - HikariPool-1 - Shutdown completed.
2026-08-27 11:06:21.192 [main] [] INFO  o.e.s.StudentSystemApplication - Starting StudentSystemApplication using Java 17.0.19 with PID 4919 (/Users/mark/Desktop/JavaStudent/target/classes started by mark in /Users/mark/Desktop/JavaStudent)
2026-08-27 11:06:21.192 [main] [] DEBUG o.e.s.StudentSystemApplication - Running with Spring Boot v4.0.6, Spring v7.0.7
2026-08-27 11:06:21.193 [main] [] INFO  o.e.s.StudentSystemApplication - The following 1 profile is active: "dev"
2026-08-27 11:06:21.256 [background-preinit] [] INFO  o.h.validator.internal.util.Version - HV000001: Hibernate Validator 9.0.1.Final
2026-08-27 11:06:21.398 [main] [] INFO  o.s.d.r.c.RepositoryConfigurationDelegate - Multiple Spring Data modules found, entering strict repository configuration mode
2026-08-27 11:06:21.399 [main] [] INFO  o.s.d.r.c.RepositoryConfigurationDelegate - Bootstrapping Spring Data Redis repositories in DEFAULT mode.
2026-08-27 11:06:21.409 [main] [] INFO  o.s.d.r.c.RepositoryConfigurationDelegate - Finished Spring Data repository scanning in 3 ms. Found 0 Redis repository interfaces.
2026-08-27 11:06:21.674 [main] [] INFO  o.s.boot.tomcat.TomcatWebServer - Tomcat initialized with port 8081 (http)
2026-08-27 11:06:21.678 [main] [] INFO  o.a.coyote.http11.Http11NioProtocol - Initializing ProtocolHandler ["http-nio-8081"]
2026-08-27 11:06:21.678 [main] [] INFO  o.a.catalina.core.StandardService - Starting service [Tomcat]
2026-08-27 11:06:21.678 [main] [] INFO  o.a.catalina.core.StandardEngine - Starting Servlet engine: [Apache Tomcat/11.0.21]
2026-08-27 11:06:21.695 [main] [] INFO  o.s.b.w.c.s.WebApplicationContextInitializer - Root WebApplicationContext: initialization completed in 488 ms
2026-08-27 11:06:21.952 [main] [] WARN  i.n.r.d.DnsServerAddressStreamProviders - Can not find io.netty.resolver.dns.macos.MacOSDnsServerAddressStreamProvider in the classpath, fallback to system defaults. This may result in incorrect DNS resolutions on MacOS. Check whether you have a dependency on 'io.netty:netty-resolver-dns-native-macos'
2026-08-27 11:06:22.096 [main] [] INFO  o.a.coyote.http11.Http11NioProtocol - Starting ProtocolHandler ["http-nio-8081"]
2026-08-27 11:06:22.107 [main] [] INFO  o.s.boot.tomcat.TomcatWebServer - Tomcat started on port 8081 (http) with context path '/'
2026-08-27 11:06:22.110 [main] [] INFO  o.e.s.StudentSystemApplication - Started StudentSystemApplication in 1.138 seconds (process running for 1.36)
2026-08-27 11:06:27.448 [http-nio-8081-exec-1] [] INFO  o.a.c.c.C.[Tomcat].[localhost].[/] - Initializing Spring DispatcherServlet 'dispatcherServlet'
2026-08-27 11:06:27.448 [http-nio-8081-exec-1] [] INFO  o.s.web.servlet.DispatcherServlet - Initializing Servlet 'dispatcherServlet'
2026-08-27 11:06:27.449 [http-nio-8081-exec-1] [] INFO  o.s.web.servlet.DispatcherServlet - Completed initialization in 1 ms
2026-08-27 11:06:27.462 [http-nio-8081-exec-1] [cb5cf2b1ba0748b9] INFO  o.e.s.aspect.WebLogAspect - [请求] GET /teacher/infoById TeacherController.getTeacherInfoById args=[1001, 3, 10]
2026-08-27 11:06:27.462 [http-nio-8081-exec-1] [cb5cf2b1ba0748b9] DEBUG o.e.s.aspect.ServiceLogAspect - [Service] TeacherServiceImpl.getTeacherInfoById args=[1001, 3, 10]
2026-08-27 11:06:27.468 [http-nio-8081-exec-1] [cb5cf2b1ba0748b9] INFO  com.zaxxer.hikari.HikariDataSource - HikariPool-1 - Starting...
2026-08-27 11:06:27.583 [http-nio-8081-exec-1] [cb5cf2b1ba0748b9] INFO  com.zaxxer.hikari.pool.HikariPool - HikariPool-1 - Added connection com.mysql.cj.jdbc.ConnectionImpl@2f3b6873
2026-08-27 11:06:27.584 [http-nio-8081-exec-1] [cb5cf2b1ba0748b9] INFO  com.zaxxer.hikari.HikariDataSource - HikariPool-1 - Start completed.
2026-08-27 11:06:27.587 [http-nio-8081-exec-1] [cb5cf2b1ba0748b9] DEBUG o.e.s.mapper.TeacherMapper.listById - ==>  Preparing: SELECT id, name, age, gender FROM teacher WHERE id = ? ORDER BY id
2026-08-27 11:06:27.595 [http-nio-8081-exec-1] [cb5cf2b1ba0748b9] DEBUG o.e.s.mapper.TeacherMapper.listById - ==> Parameters: 1001(Integer)
2026-08-27 11:06:27.603 [http-nio-8081-exec-1] [cb5cf2b1ba0748b9] DEBUG o.e.s.mapper.TeacherMapper.listById - <==      Total: 1
2026-08-27 11:06:27.623 [http-nio-8081-exec-1] [cb5cf2b1ba0748b9] DEBUG o.e.s.m.S.listByTeacherId_COUNT - ==>  Preparing: SELECT count(0) FROM student WHERE teacher_id = ?
2026-08-27 11:06:27.623 [http-nio-8081-exec-1] [cb5cf2b1ba0748b9] DEBUG o.e.s.m.S.listByTeacherId_COUNT - ==> Parameters: 1001(Integer)
2026-08-27 11:06:27.624 [http-nio-8081-exec-1] [cb5cf2b1ba0748b9] DEBUG o.e.s.m.S.listByTeacherId_COUNT - <==      Total: 1
2026-08-27 11:06:27.625 [http-nio-8081-exec-1] [cb5cf2b1ba0748b9] DEBUG o.e.s.m.S.listByTeacherId - ==>  Preparing: SELECT id, name, age, gender, chinese, math, english, teacher_id AS teacherId FROM student WHERE teacher_id = ? ORDER BY id LIMIT ?, ?
2026-08-27 11:06:27.625 [http-nio-8081-exec-1] [cb5cf2b1ba0748b9] DEBUG o.e.s.m.S.listByTeacherId - ==> Parameters: 1001(Integer), 20(Long), 10(Integer)
2026-08-27 11:06:27.627 [http-nio-8081-exec-1] [cb5cf2b1ba0748b9] DEBUG o.e.s.m.S.listByTeacherId - <==      Total: 10
2026-08-27 11:06:27.627 [http-nio-8081-exec-1] [cb5cf2b1ba0748b9] DEBUG o.e.s.aspect.ServiceLogAspect - [Service] TeacherServiceImpl.getTeacherInfoById cost=165ms
2026-08-27 11:06:27.627 [http-nio-8081-exec-1] [cb5cf2b1ba0748b9] INFO  o.e.s.aspect.WebLogAspect - [响应] TeacherController.getTeacherInfoById cost=165ms
2026-08-27 11:15:59.538 [SpringApplicationShutdownHook] [] INFO  o.s.boot.tomcat.GracefulShutdown - Commencing graceful shutdown. Waiting for active requests to complete
2026-08-27 11:16:01.544 [tomcat-shutdown] [] INFO  o.s.boot.tomcat.GracefulShutdown - Graceful shutdown complete
2026-08-27 11:16:01.551 [SpringApplicationShutdownHook] [] INFO  com.zaxxer.hikari.HikariDataSource - HikariPool-1 - Shutdown initiated...
2026-08-27 11:16:01.553 [SpringApplicationShutdownHook] [] INFO  com.zaxxer.hikari.HikariDataSource - HikariPool-1 - Shutdown completed.
2026-08-27 11:16:02.628 [main] [] INFO  o.e.s.StudentSystemApplication - Starting StudentSystemApplication using Java 17.0.19 with PID 5314 (/Users/mark/Desktop/JavaStudent/target/classes started by mark in /Users/mark/Desktop/JavaStudent)
2026-08-27 11:16:02.629 [main] [] INFO  o.e.s.StudentSystemApplication - The following 1 profile is active: "dev"
2026-08-27 11:16:02.691 [background-preinit] [] INFO  o.h.validator.internal.util.Version - HV000001: Hibernate Validator 9.0.1.Final
2026-08-27 11:16:02.827 [main] [] INFO  o.s.d.r.c.RepositoryConfigurationDelegate - Multiple Spring Data modules found, entering strict repository configuration mode
2026-08-27 11:16:02.828 [main] [] INFO  o.s.d.r.c.RepositoryConfigurationDelegate - Bootstrapping Spring Data Redis repositories in DEFAULT mode.
2026-08-27 11:16:02.842 [main] [] INFO  o.s.d.r.c.RepositoryConfigurationDelegate - Finished Spring Data repository scanning in 3 ms. Found 0 Redis repository interfaces.
2026-08-27 11:16:03.097 [main] [] INFO  o.s.boot.tomcat.TomcatWebServer - Tomcat initialized with port 8081 (http)
2026-08-27 11:16:03.101 [main] [] INFO  o.a.coyote.http11.Http11NioProtocol - Initializing ProtocolHandler ["http-nio-8081"]
2026-08-27 11:16:03.101 [main] [] INFO  o.a.catalina.core.StandardService - Starting service [Tomcat]
2026-08-27 11:16:03.101 [main] [] INFO  o.a.catalina.core.StandardEngine - Starting Servlet engine: [Apache Tomcat/11.0.21]
2026-08-27 11:16:03.119 [main] [] INFO  o.s.b.w.c.s.WebApplicationContextInitializer - Root WebApplicationContext: initialization completed in 475 ms
2026-08-27 11:16:03.372 [main] [] WARN  i.n.r.d.DnsServerAddressStreamProviders - Can not find io.netty.resolver.dns.macos.MacOSDnsServerAddressStreamProvider in the classpath, fallback to system defaults. This may result in incorrect DNS resolutions on MacOS. Check whether you have a dependency on 'io.netty:netty-resolver-dns-native-macos'
2026-08-27 11:16:03.515 [main] [] INFO  o.a.coyote.http11.Http11NioProtocol - Starting ProtocolHandler ["http-nio-8081"]
2026-08-27 11:16:03.526 [main] [] INFO  o.s.boot.tomcat.TomcatWebServer - Tomcat started on port 8081 (http) with context path '/'
2026-08-27 11:16:03.528 [main] [] INFO  o.e.s.StudentSystemApplication - Started StudentSystemApplication in 1.098 seconds (process running for 1.294)
2026-08-27 11:16:08.768 [http-nio-8081-exec-1] [] INFO  o.a.c.c.C.[Tomcat].[localhost].[/] - Initializing Spring DispatcherServlet 'dispatcherServlet'
2026-08-27 11:16:08.768 [http-nio-8081-exec-1] [] INFO  o.s.web.servlet.DispatcherServlet - Initializing Servlet 'dispatcherServlet'
2026-08-27 11:16:08.769 [http-nio-8081-exec-1] [] INFO  o.s.web.servlet.DispatcherServlet - Completed initialization in 1 ms
2026-08-27 11:16:08.782 [http-nio-8081-exec-1] [c123a3c4801f43a9] INFO  o.e.s.aspect.WebLogAspect - 
══════════════════════════════════════════════════════════════
>>> 【API 请求】 GET /teacher/infoById?id=1001&pageNum=3&pageSize=10
    traceId : c123a3c4801f43a9
    client  : 127.0.0.1
    handler : TeacherController.getTeacherInfoById
    args    : [1001, 3, 10]
══════════════════════════════════════════════════════════════

2026-08-27 11:16:08.782 [http-nio-8081-exec-1] [c123a3c4801f43a9] INFO  o.e.s.aspect.ServiceLogAspect -     ▶ 【Service 进入】 TeacherServiceImpl.getTeacherInfoById | args=[1001, 3, 10]
2026-08-27 11:16:08.788 [http-nio-8081-exec-1] [c123a3c4801f43a9] INFO  com.zaxxer.hikari.HikariDataSource - HikariPool-1 - Starting...
2026-08-27 11:16:08.903 [http-nio-8081-exec-1] [c123a3c4801f43a9] INFO  com.zaxxer.hikari.pool.HikariPool - HikariPool-1 - Added connection com.mysql.cj.jdbc.ConnectionImpl@1f51ded3
2026-08-27 11:16:08.903 [http-nio-8081-exec-1] [c123a3c4801f43a9] INFO  com.zaxxer.hikari.HikariDataSource - HikariPool-1 - Start completed.
2026-08-27 11:16:08.906 [http-nio-8081-exec-1] [c123a3c4801f43a9] DEBUG o.e.s.mapper.TeacherMapper.listById - ==>  Preparing: SELECT id, name, age, gender FROM teacher WHERE id = ? ORDER BY id
2026-08-27 11:16:08.915 [http-nio-8081-exec-1] [c123a3c4801f43a9] DEBUG o.e.s.mapper.TeacherMapper.listById - ==> Parameters: 1001(Integer)
2026-08-27 11:16:08.923 [http-nio-8081-exec-1] [c123a3c4801f43a9] DEBUG o.e.s.mapper.TeacherMapper.listById - <==      Total: 1
2026-08-27 11:16:08.955 [http-nio-8081-exec-1] [c123a3c4801f43a9] DEBUG o.e.s.m.S.listByTeacherId_COUNT - ==>  Preparing: SELECT count(0) FROM student WHERE teacher_id = ?
2026-08-27 11:16:08.955 [http-nio-8081-exec-1] [c123a3c4801f43a9] DEBUG o.e.s.m.S.listByTeacherId_COUNT - ==> Parameters: 1001(Integer)
2026-08-27 11:16:08.957 [http-nio-8081-exec-1] [c123a3c4801f43a9] DEBUG o.e.s.m.S.listByTeacherId_COUNT - <==      Total: 1
2026-08-27 11:16:08.959 [http-nio-8081-exec-1] [c123a3c4801f43a9] DEBUG o.e.s.m.S.listByTeacherId - ==>  Preparing: SELECT id, name, age, gender, chinese, math, english, teacher_id AS teacherId FROM student WHERE teacher_id = ? ORDER BY id LIMIT ?, ?
2026-08-27 11:16:08.960 [http-nio-8081-exec-1] [c123a3c4801f43a9] DEBUG o.e.s.m.S.listByTeacherId - ==> Parameters: 1001(Integer), 20(Long), 10(Integer)
2026-08-27 11:16:08.968 [http-nio-8081-exec-1] [c123a3c4801f43a9] DEBUG o.e.s.m.S.listByTeacherId - <==      Total: 10
2026-08-27 11:16:08.975 [http-nio-8081-exec-1] [c123a3c4801f43a9] INFO  o.e.s.aspect.ServiceLogAspect -     ◀ 【Service 完成】 TeacherServiceImpl.getTeacherInfoById | 188ms | result=TeacherDetail(id=1001, name=教师1001, total=30, page=3/3, students=10)
2026-08-27 11:16:08.977 [http-nio-8081-exec-1] [c123a3c4801f43a9] INFO  o.e.s.aspect.WebLogAspect - 
══════════════════════════════════════════════════════════════
<<< 【API 响应】 TeacherController.getTeacherInfoById | 195ms
    result : code=200, message=success, content=TeacherDetail(id=1001, name=教师1001, total=30, page=3/3, students=10)
══════════════════════════════════════════════════════════════

2026-08-27 11:17:10.445 [http-nio-8081-exec-3] [69955b666b61415a] INFO  o.e.s.aspect.WebLogAspect - 
══════════════════════════════════════════════════════════════
>>> 【API 请求】 GET /teacher/infoById?id=1001&pageNum=4&pageSize=10
    traceId : 69955b666b61415a
    client  : 127.0.0.1
    handler : TeacherController.getTeacherInfoById
    args    : [1001, 4, 10]
══════════════════════════════════════════════════════════════

2026-08-27 11:17:10.445 [http-nio-8081-exec-3] [69955b666b61415a] INFO  o.e.s.aspect.ServiceLogAspect -     ▶ 【Service 进入】 TeacherServiceImpl.getTeacherInfoById | args=[1001, 4, 10]
2026-08-27 11:17:10.445 [http-nio-8081-exec-3] [69955b666b61415a] DEBUG o.e.s.mapper.TeacherMapper.listById - ==>  Preparing: SELECT id, name, age, gender FROM teacher WHERE id = ? ORDER BY id
2026-08-27 11:17:10.446 [http-nio-8081-exec-3] [69955b666b61415a] DEBUG o.e.s.mapper.TeacherMapper.listById - ==> Parameters: 1001(Integer)
2026-08-27 11:17:10.446 [http-nio-8081-exec-3] [69955b666b61415a] DEBUG o.e.s.mapper.TeacherMapper.listById - <==      Total: 1
2026-08-27 11:17:10.448 [http-nio-8081-exec-3] [69955b666b61415a] DEBUG o.e.s.m.S.listByTeacherId_COUNT - ==>  Preparing: SELECT count(0) FROM student WHERE teacher_id = ?
2026-08-27 11:17:10.448 [http-nio-8081-exec-3] [69955b666b61415a] DEBUG o.e.s.m.S.listByTeacherId_COUNT - ==> Parameters: 1001(Integer)
2026-08-27 11:17:10.449 [http-nio-8081-exec-3] [69955b666b61415a] DEBUG o.e.s.m.S.listByTeacherId_COUNT - <==      Total: 1
2026-08-27 11:17:10.449 [http-nio-8081-exec-3] [69955b666b61415a] INFO  o.e.s.aspect.ServiceLogAspect -     ◀ 【Service 完成】 TeacherServiceImpl.getTeacherInfoById | 4ms | result=TeacherDetail(id=1001, name=教师1001, total=30, page=4/3, students=0)
2026-08-27 11:17:10.449 [http-nio-8081-exec-3] [69955b666b61415a] INFO  o.e.s.aspect.WebLogAspect - 
══════════════════════════════════════════════════════════════
<<< 【API 响应】 TeacherController.getTeacherInfoById | 4ms
    result : code=200, message=success, content=TeacherDetail(id=1001, name=教师1001, total=30, page=4/3, students=0)
══════════════════════════════════════════════════════════════

2026-08-27 11:19:30.525 [SpringApplicationShutdownHook] [] INFO  o.s.boot.tomcat.GracefulShutdown - Commencing graceful shutdown. Waiting for active requests to complete
2026-08-27 11:19:32.538 [tomcat-shutdown] [] INFO  o.s.boot.tomcat.GracefulShutdown - Graceful shutdown complete
2026-08-27 11:19:32.546 [SpringApplicationShutdownHook] [] INFO  com.zaxxer.hikari.HikariDataSource - HikariPool-1 - Shutdown initiated...
2026-08-27 11:19:32.548 [SpringApplicationShutdownHook] [] INFO  com.zaxxer.hikari.HikariDataSource - HikariPool-1 - Shutdown completed.
2026-08-27 11:19:33.818 [main] [] INFO  o.e.s.StudentSystemApplication - Starting StudentSystemApplication using Java 17.0.19 with PID 5614 (/Users/mark/Desktop/JavaStudent/target/classes started by mark in /Users/mark/Desktop/JavaStudent)
2026-08-27 11:19:33.820 [main] [] INFO  o.e.s.StudentSystemApplication - The following 1 profile is active: "dev"
2026-08-27 11:19:33.923 [background-preinit] [] INFO  o.h.validator.internal.util.Version - HV000001: Hibernate Validator 9.0.1.Final
2026-08-27 11:19:34.127 [main] [] INFO  o.s.d.r.c.RepositoryConfigurationDelegate - Multiple Spring Data modules found, entering strict repository configuration mode
2026-08-27 11:19:34.128 [main] [] INFO  o.s.d.r.c.RepositoryConfigurationDelegate - Bootstrapping Spring Data Redis repositories in DEFAULT mode.
2026-08-27 11:19:34.136 [main] [] INFO  o.s.d.r.c.RepositoryConfigurationDelegate - Finished Spring Data repository scanning in 2 ms. Found 0 Redis repository interfaces.
2026-08-27 11:19:34.165 [main] [] DEBUG o.apache.ibatis.logging.LogFactory - Logging initialized using 'class org.apache.ibatis.logging.slf4j.Slf4jImpl' adapter.
2026-08-27 11:19:34.399 [main] [] INFO  o.s.boot.tomcat.TomcatWebServer - Tomcat initialized with port 8081 (http)
2026-08-27 11:19:34.404 [main] [] INFO  o.a.coyote.http11.Http11NioProtocol - Initializing ProtocolHandler ["http-nio-8081"]
2026-08-27 11:19:34.404 [main] [] INFO  o.a.catalina.core.StandardService - Starting service [Tomcat]
2026-08-27 11:19:34.405 [main] [] INFO  o.a.catalina.core.StandardEngine - Starting Servlet engine: [Apache Tomcat/11.0.21]
2026-08-27 11:19:34.423 [main] [] INFO  o.s.b.w.c.s.WebApplicationContextInitializer - Root WebApplicationContext: initialization completed in 584 ms
2026-08-27 11:19:34.489 [main] [] DEBUG o.apache.ibatis.logging.LogFactory - Logging initialized using 'class org.apache.ibatis.logging.slf4j.Slf4jImpl' adapter.
2026-08-27 11:19:34.696 [main] [] WARN  i.n.r.d.DnsServerAddressStreamProviders - Can not find io.netty.resolver.dns.macos.MacOSDnsServerAddressStreamProvider in the classpath, fallback to system defaults. This may result in incorrect DNS resolutions on MacOS. Check whether you have a dependency on 'io.netty:netty-resolver-dns-native-macos'
2026-08-27 11:19:34.851 [main] [] INFO  o.a.coyote.http11.Http11NioProtocol - Starting ProtocolHandler ["http-nio-8081"]
2026-08-27 11:19:34.862 [main] [] INFO  o.s.boot.tomcat.TomcatWebServer - Tomcat started on port 8081 (http) with context path '/'
2026-08-27 11:19:34.865 [main] [] INFO  o.e.s.StudentSystemApplication - Started StudentSystemApplication in 1.286 seconds (process running for 1.474)
2026-08-27 11:19:42.016 [http-nio-8081-exec-1] [] INFO  o.a.c.c.C.[Tomcat].[localhost].[/] - Initializing Spring DispatcherServlet 'dispatcherServlet'
2026-08-27 11:19:42.016 [http-nio-8081-exec-1] [] INFO  o.s.web.servlet.DispatcherServlet - Initializing Servlet 'dispatcherServlet'
2026-08-27 11:19:42.017 [http-nio-8081-exec-1] [] INFO  o.s.web.servlet.DispatcherServlet - Completed initialization in 1 ms
2026-08-27 11:19:42.088 [http-nio-8081-exec-1] [cd061b4ab8a94575] INFO  o.e.s.aspect.WebLogAspect - 
══════════════════════════════════════════════════════════════
>>> 【API 请求】 GET /teacher/infoById?id=1001&pageNum=3&pageSize=10
    traceId : cd061b4ab8a94575
    client  : 127.0.0.1
    handler : TeacherController.getTeacherInfoById
    headers : {
  "User-Agent" : "PostmanRuntime/7.56.1",
  "Accept" : "*/*",
  "Postman-Token" : "87f5a788-268b-483c-9cd3-28909a7ec219",
  "Host" : "127.0.0.1:8081",
  "Accept-Encoding" : "gzip, deflate, br",
  "Connection" : "keep-alive"
}
    args    : [ 1001, 3, 10 ]
══════════════════════════════════════════════════════════════

2026-08-27 11:19:42.088 [http-nio-8081-exec-1] [cd061b4ab8a94575] INFO  o.e.s.aspect.ServiceLogAspect -     ▶ 【Service 进入】 TeacherServiceImpl.getTeacherInfoById
        args :
    [ 1001, 3, 10 ]

2026-08-27 11:19:42.095 [http-nio-8081-exec-1] [cd061b4ab8a94575] INFO  com.zaxxer.hikari.HikariDataSource - HikariPool-1 - Starting...
2026-08-27 11:19:42.247 [http-nio-8081-exec-1] [cd061b4ab8a94575] INFO  com.zaxxer.hikari.pool.HikariPool - HikariPool-1 - Added connection com.mysql.cj.jdbc.ConnectionImpl@1eb82c7b
2026-08-27 11:19:42.247 [http-nio-8081-exec-1] [cd061b4ab8a94575] INFO  com.zaxxer.hikari.HikariDataSource - HikariPool-1 - Start completed.
2026-08-27 11:19:42.250 [http-nio-8081-exec-1] [cd061b4ab8a94575] DEBUG o.e.s.mapper.TeacherMapper.listById - ==>  Preparing: SELECT id, name, age, gender FROM teacher WHERE id = ? ORDER BY id
2026-08-27 11:19:42.259 [http-nio-8081-exec-1] [cd061b4ab8a94575] DEBUG o.e.s.mapper.TeacherMapper.listById - ==> Parameters: 1001(Integer)
2026-08-27 11:19:42.267 [http-nio-8081-exec-1] [cd061b4ab8a94575] DEBUG o.e.s.mapper.TeacherMapper.listById - <==      Total: 1
2026-08-27 11:19:42.290 [http-nio-8081-exec-1] [cd061b4ab8a94575] DEBUG o.e.s.m.S.listByTeacherId_COUNT - ==>  Preparing: SELECT count(0) FROM student WHERE teacher_id = ?
2026-08-27 11:19:42.291 [http-nio-8081-exec-1] [cd061b4ab8a94575] DEBUG o.e.s.m.S.listByTeacherId_COUNT - ==> Parameters: 1001(Integer)
2026-08-27 11:19:42.292 [http-nio-8081-exec-1] [cd061b4ab8a94575] DEBUG o.e.s.m.S.listByTeacherId_COUNT - <==      Total: 1
2026-08-27 11:19:42.292 [http-nio-8081-exec-1] [cd061b4ab8a94575] DEBUG o.e.s.m.S.listByTeacherId - ==>  Preparing: SELECT id, name, age, gender, chinese, math, english, teacher_id AS teacherId FROM student WHERE teacher_id = ? ORDER BY id LIMIT ?, ?
2026-08-27 11:19:42.292 [http-nio-8081-exec-1] [cd061b4ab8a94575] DEBUG o.e.s.m.S.listByTeacherId - ==> Parameters: 1001(Integer), 20(Long), 10(Integer)
2026-08-27 11:19:42.294 [http-nio-8081-exec-1] [cd061b4ab8a94575] DEBUG o.e.s.m.S.listByTeacherId - <==      Total: 10
2026-08-27 11:19:42.303 [http-nio-8081-exec-1] [cd061b4ab8a94575] INFO  o.e.s.aspect.ServiceLogAspect -     ◀ 【Service 完成】 TeacherServiceImpl.getTeacherInfoById | 206ms
        result :
    {
  "id" : 1001,
  "name" : "教师1001",
  "gender" : "女",
  "age" : 30,
  "students" : [ {
    "id" : 1020,
    "name" : "张1020",
    "age" : 14,
    "gender" : "男",
    "chinese" : 44,
    "math" : 17,
    "english" : 56,
    "teacherId" : 1001
  }, {
    "id" : 1021,
    "name" : "张1021",
    "age" : 5,
    "gender" : "女",
    "chinese" : 47,
    "math" : 40,
    "english" : 60,
    "teacherId" : 1001
  }, {
    "id" : 1022,
    "name" : "张1022",
    "age" : 15,
    "gender" : "男",
    "chinese" : 27,
    "math" : 97,
    "english" : 3,
    "teacherId" : 1001
  }, {
    "id" : 1023,
    "name" : "张1023",
    "age" : 5,
    "gender" : "男",
    "chinese" : 12,
    "math" : 10,
    "english" : 13,
    "teacherId" : 1001
  }, {
    "id" : 1024,
    "name" : "张1024",
    "age" : 7,
    "gender" : "男",
    "chinese" : 14,
    "math" : 35,
    "english" : 34,
    "teacherId" : 1001
  }, {
    "id" : 1025,
    "name" : "张1025",
    "age" : 12,
    "gender" : "男",
    "chinese" : 29,
    "math" : 70,
    "english" : 60,
    "teacherId" : 1001
  }, {
    "id" : 1026,
    "name" : "张1026",
    "age" : 17,
    "gender" : "女",
    "chinese" : 33,
    "math" : 19,
    "english" : 95,
    "teacherId" : 1001
  }, {
    "id" : 1027,
    "name" : "张1027",
    "age" : 4,
    "gender" : "男",
    "chinese" : 85,
    "math" : 97,
    "english" : 31,
    "teacherId" : 1001
  }, {
    "id" : 1028,
    "name" : "张1028",
    "age" : 13,
    "gender" : "男",
    "chinese" : 17,
    "math" : 53,
    "english" : 12,
    "teacherId" : 1001
  }, {
    "id" : 1029,
    "name" : "张1029",
    "age" : 1,
    "gender" : "女",
    "chinese" : 2,
    "math" : 65,
    "english" : 14,
    "teacherId" : 1001
  } ],
  "total" : 30,
  "pageNum" : 3,
  "pageSize" : 10,
  "pages" : 3
}

2026-08-27 11:19:42.305 [http-nio-8081-exec-1] [cd061b4ab8a94575] INFO  o.e.s.aspect.WebLogAspect - 
══════════════════════════════════════════════════════════════
<<< 【API 响应】 TeacherController.getTeacherInfoById | 275ms
    result :
{
  "code" : 200,
  "message" : "success",
  "content" : {
    "id" : 1001,
    "name" : "教师1001",
    "gender" : "女",
    "age" : 30,
    "students" : [ {
      "id" : 1020,
      "name" : "张1020",
      "age" : 14,
      "gender" : "男",
      "chinese" : 44,
      "math" : 17,
      "english" : 56,
      "teacherId" : 1001
    }, {
      "id" : 1021,
      "name" : "张1021",
      "age" : 5,
      "gender" : "女",
      "chinese" : 47,
      "math" : 40,
      "english" : 60,
      "teacherId" : 1001
    }, {
      "id" : 1022,
      "name" : "张1022",
      "age" : 15,
      "gender" : "男",
      "chinese" : 27,
      "math" : 97,
      "english" : 3,
      "teacherId" : 1001
    }, {
      "id" : 1023,
      "name" : "张1023",
      "age" : 5,
      "gender" : "男",
      "chinese" : 12,
      "math" : 10,
      "english" : 13,
      "teacherId" : 1001
    }, {
      "id" : 1024,
      "name" : "张1024",
      "age" : 7,
      "gender" : "男",
      "chinese" : 14,
      "math" : 35,
      "english" : 34,
      "teacherId" : 1001
    }, {
      "id" : 1025,
      "name" : "张1025",
      "age" : 12,
      "gender" : "男",
      "chinese" : 29,
      "math" : 70,
      "english" : 60,
      "teacherId" : 1001
    }, {
      "id" : 1026,
      "name" : "张1026",
      "age" : 17,
      "gender" : "女",
      "chinese" : 33,
      "math" : 19,
      "english" : 95,
      "teacherId" : 1001
    }, {
      "id" : 1027,
      "name" : "张1027",
      "age" : 4,
      "gender" : "男",
      "chinese" : 85,
      "math" : 97,
      "english" : 31,
      "teacherId" : 1001
    }, {
      "id" : 1028,
      "name" : "张1028",
      "age" : 13,
      "gender" : "男",
      "chinese" : 17,
      "math" : 53,
      "english" : 12,
      "teacherId" : 1001
    }, {
      "id" : 1029,
      "name" : "张1029",
      "age" : 1,
      "gender" : "女",
      "chinese" : 2,
      "math" : 65,
      "english" : 14,
      "teacherId" : 1001
    } ],
    "total" : 30,
    "pageNum" : 3,
    "pageSize" : 10,
    "pages" : 3
  }
}
══════════════════════════════════════════════════════════════

2026-08-27 11:21:09.434 [http-nio-8081-exec-3] [38337ab18c6a473d] ERROR o.e.s.common.GlobalExceptionHandler - 
══════════════════════════════════════════════════════════════
✖ 【系统异常】 traceId=38337ab18c6a473d
    detail :
"Required request parameter 'id' for method parameter type Integer is not present"
══════════════════════════════════════════════════════════════

org.springframework.web.bind.MissingServletRequestParameterException: Required request parameter 'id' for method parameter type Integer is not present
	at org.springframework.web.method.annotation.RequestParamMethodArgumentResolver.handleMissingValueInternal(RequestParamMethodArgumentResolver.java:219)
	at org.springframework.web.method.annotation.RequestParamMethodArgumentResolver.handleMissingValue(RequestParamMethodArgumentResolver.java:195)
	at org.springframework.web.method.annotation.AbstractNamedValueMethodArgumentResolver.resolveArgument(AbstractNamedValueMethodArgumentResolver.java:123)
	at org.springframework.web.method.support.HandlerMethodArgumentResolverComposite.resolveArgument(HandlerMethodArgumentResolverComposite.java:122)
	at org.springframework.web.method.support.InvocableHandlerMethod.getMethodArgumentValues(InvocableHandlerMethod.java:224)
	at org.springframework.web.method.support.InvocableHandlerMethod.invokeForRequest(InvocableHandlerMethod.java:174)
	at org.springframework.web.servlet.mvc.method.annotation.ServletInvocableHandlerMethod.invokeAndHandle(ServletInvocableHandlerMethod.java:117)
	at org.springframework.web.servlet.mvc.method.annotation.RequestMappingHandlerAdapter.invokeHandlerMethod(RequestMappingHandlerAdapter.java:934)
	at org.springframework.web.servlet.mvc.method.annotation.RequestMappingHandlerAdapter.handleInternal(RequestMappingHandlerAdapter.java:853)
	at org.springframework.web.servlet.mvc.method.AbstractHandlerMethodAdapter.handle(AbstractHandlerMethodAdapter.java:86)
	at org.springframework.web.servlet.DispatcherServlet.doDispatch(DispatcherServlet.java:963)
	at org.springframework.web.servlet.DispatcherServlet.doService(DispatcherServlet.java:866)
	at org.springframework.web.servlet.FrameworkServlet.processRequest(FrameworkServlet.java:1000)
	at org.springframework.web.servlet.FrameworkServlet.doGet(FrameworkServlet.java:892)
	at jakarta.servlet.http.HttpServlet.service(HttpServlet.java:622)
	at org.springframework.web.servlet.FrameworkServlet.service(FrameworkServlet.java:874)
	at jakarta.servlet.http.HttpServlet.service(HttpServlet.java:710)
	at org.apache.catalina.core.ApplicationFilterChain.doFilter(ApplicationFilterChain.java:128)
	at org.apache.tomcat.websocket.server.WsFilter.doFilter(WsFilter.java:53)
	at org.apache.catalina.core.ApplicationFilterChain.doFilter(ApplicationFilterChain.java:107)
	at org.springframework.web.filter.RequestContextFilter.doFilterInternal(RequestContextFilter.java:100)
	at org.springframework.web.filter.OncePerRequestFilter.doFilter(OncePerRequestFilter.java:116)
	at org.apache.catalina.core.ApplicationFilterChain.doFilter(ApplicationFilterChain.java:107)
	at org.springframework.web.filter.FormContentFilter.doFilterInternal(FormContentFilter.java:93)
	at org.springframework.web.filter.OncePerRequestFilter.doFilter(OncePerRequestFilter.java:116)
	at org.apache.catalina.core.ApplicationFilterChain.doFilter(ApplicationFilterChain.java:107)
	at org.springframework.web.filter.CharacterEncodingFilter.doFilterInternal(CharacterEncodingFilter.java:199)
	at org.springframework.web.filter.OncePerRequestFilter.doFilter(OncePerRequestFilter.java:116)
	at org.apache.catalina.core.ApplicationFilterChain.doFilter(ApplicationFilterChain.java:107)
	at org.example.studentsystem.filter.TraceFilter.doFilter(TraceFilter.java:29)
	at org.apache.catalina.core.ApplicationFilterChain.doFilter(ApplicationFilterChain.java:107)
	at org.apache.catalina.core.StandardWrapperValve.invoke(StandardWrapperValve.java:165)
	at org.apache.catalina.core.StandardContextValve.invoke(StandardContextValve.java:77)
	at org.apache.catalina.authenticator.AuthenticatorBase.invoke(AuthenticatorBase.java:492)
	at org.apache.catalina.core.StandardHostValve.invoke(StandardHostValve.java:113)
	at org.apache.catalina.valves.ErrorReportValve.invoke(ErrorReportValve.java:83)
	at org.apache.catalina.core.StandardEngineValve.invoke(StandardEngineValve.java:72)
	at org.apache.catalina.connector.CoyoteAdapter.service(CoyoteAdapter.java:341)
	at org.apache.coyote.http11.Http11Processor.service(Http11Processor.java:397)
	at org.apache.coyote.AbstractProcessorLight.process(AbstractProcessorLight.java:63)
	at org.apache.coyote.AbstractProtocol$ConnectionHandler.process(AbstractProtocol.java:903)
	at org.apache.tomcat.util.net.NioEndpoint$SocketProcessor.doRun(NioEndpoint.java:1801)
	at org.apache.tomcat.util.net.SocketProcessorBase.run(SocketProcessorBase.java:52)
	at org.apache.tomcat.util.threads.ThreadPoolExecutor.runWorker(ThreadPoolExecutor.java:946)
	at org.apache.tomcat.util.threads.ThreadPoolExecutor$Worker.run(ThreadPoolExecutor.java:480)
	at org.apache.tomcat.util.threads.TaskThread$WrappingRunnable.run(TaskThread.java:57)
	at java.base/java.lang.Thread.run(Thread.java:840)
2026-08-27 11:21:45.315 [SpringApplicationShutdownHook] [] INFO  o.s.boot.tomcat.GracefulShutdown - Commencing graceful shutdown. Waiting for active requests to complete
2026-08-27 11:21:47.320 [tomcat-shutdown] [] INFO  o.s.boot.tomcat.GracefulShutdown - Graceful shutdown complete
2026-08-27 11:21:47.324 [SpringApplicationShutdownHook] [] INFO  com.zaxxer.hikari.HikariDataSource - HikariPool-1 - Shutdown initiated...
2026-08-27 11:21:47.326 [SpringApplicationShutdownHook] [] INFO  com.zaxxer.hikari.HikariDataSource - HikariPool-1 - Shutdown completed.
2026-08-27 11:21:49.559 [main] [] INFO  o.e.s.StudentSystemApplication - Starting StudentSystemApplication using Java 17.0.19 with PID 5632 (/Users/mark/Desktop/JavaStudent/target/classes started by mark in /Users/mark/Desktop/JavaStudent)
2026-08-27 11:21:49.560 [main] [] INFO  o.e.s.StudentSystemApplication - The following 1 profile is active: "dev"
2026-08-27 11:21:49.620 [background-preinit] [] INFO  o.h.validator.internal.util.Version - HV000001: Hibernate Validator 9.0.1.Final
2026-08-27 11:21:49.745 [main] [] INFO  o.s.d.r.c.RepositoryConfigurationDelegate - Multiple Spring Data modules found, entering strict repository configuration mode
2026-08-27 11:21:49.746 [main] [] INFO  o.s.d.r.c.RepositoryConfigurationDelegate - Bootstrapping Spring Data Redis repositories in DEFAULT mode.
2026-08-27 11:21:49.754 [main] [] INFO  o.s.d.r.c.RepositoryConfigurationDelegate - Finished Spring Data repository scanning in 2 ms. Found 0 Redis repository interfaces.
2026-08-27 11:21:49.781 [main] [] DEBUG o.apache.ibatis.logging.LogFactory - Logging initialized using 'class org.apache.ibatis.logging.slf4j.Slf4jImpl' adapter.
2026-08-27 11:21:49.965 [main] [] INFO  o.s.boot.tomcat.TomcatWebServer - Tomcat initialized with port 8081 (http)
2026-08-27 11:21:49.969 [main] [] INFO  o.a.coyote.http11.Http11NioProtocol - Initializing ProtocolHandler ["http-nio-8081"]
2026-08-27 11:21:49.969 [main] [] INFO  o.a.catalina.core.StandardService - Starting service [Tomcat]
2026-08-27 11:21:49.970 [main] [] INFO  o.a.catalina.core.StandardEngine - Starting Servlet engine: [Apache Tomcat/11.0.21]
2026-08-27 11:21:49.985 [main] [] INFO  o.s.b.w.c.s.WebApplicationContextInitializer - Root WebApplicationContext: initialization completed in 409 ms
2026-08-27 11:21:50.042 [main] [] DEBUG o.apache.ibatis.logging.LogFactory - Logging initialized using 'class org.apache.ibatis.logging.slf4j.Slf4jImpl' adapter.
2026-08-27 11:21:50.203 [main] [] WARN  i.n.r.d.DnsServerAddressStreamProviders - Can not find io.netty.resolver.dns.macos.MacOSDnsServerAddressStreamProvider in the classpath, fallback to system defaults. This may result in incorrect DNS resolutions on MacOS. Check whether you have a dependency on 'io.netty:netty-resolver-dns-native-macos'
2026-08-27 11:21:50.321 [main] [] INFO  o.a.coyote.http11.Http11NioProtocol - Starting ProtocolHandler ["http-nio-8081"]
2026-08-27 11:21:50.326 [main] [] INFO  o.s.boot.tomcat.TomcatWebServer - Tomcat started on port 8081 (http) with context path '/'
2026-08-27 11:21:50.328 [main] [] INFO  o.e.s.StudentSystemApplication - Started StudentSystemApplication in 0.933 seconds (process running for 1.071)
2026-08-27 11:22:02.482 [http-nio-8081-exec-1] [] INFO  o.a.c.c.C.[Tomcat].[localhost].[/] - Initializing Spring DispatcherServlet 'dispatcherServlet'
2026-08-27 11:22:02.483 [http-nio-8081-exec-1] [] INFO  o.s.web.servlet.DispatcherServlet - Initializing Servlet 'dispatcherServlet'
2026-08-27 11:22:02.484 [http-nio-8081-exec-1] [] INFO  o.s.web.servlet.DispatcherServlet - Completed initialization in 1 ms
2026-08-27 11:22:02.551 [http-nio-8081-exec-1] [8fb645956b48457e] INFO  o.e.s.aspect.WebLogAspect - 
══════════════════════════════════════════════════════════════
>>> 【API 请求】 GET /teacher/infoById?id=1001&pageNum=3&pageSize=10
    traceId : 8fb645956b48457e
    client  : 127.0.0.1
    handler : TeacherController.getTeacherInfoById
    headers : {
  "User-Agent" : "PostmanRuntime/7.56.1",
  "Accept" : "*/*",
  "Postman-Token" : "3f5affca-67c7-4b3e-b439-136a58015c92",
  "Host" : "127.0.0.1:8081",
  "Accept-Encoding" : "gzip, deflate, br",
  "Connection" : "keep-alive"
}
    args    : [ 1001, 3, 10 ]
══════════════════════════════════════════════════════════════

2026-08-27 11:22:02.551 [http-nio-8081-exec-1] [8fb645956b48457e] INFO  o.e.s.aspect.ServiceLogAspect -     ▶ 【Service 进入】 TeacherServiceImpl.getTeacherInfoById
        args :
    [ 1001, 3, 10 ]

2026-08-27 11:22:02.557 [http-nio-8081-exec-1] [8fb645956b48457e] INFO  com.zaxxer.hikari.HikariDataSource - HikariPool-1 - Starting...
2026-08-27 11:22:02.649 [http-nio-8081-exec-1] [8fb645956b48457e] INFO  com.zaxxer.hikari.pool.HikariPool - HikariPool-1 - Added connection com.mysql.cj.jdbc.ConnectionImpl@68f5118b
2026-08-27 11:22:02.650 [http-nio-8081-exec-1] [8fb645956b48457e] INFO  com.zaxxer.hikari.HikariDataSource - HikariPool-1 - Start completed.
2026-08-27 11:22:02.652 [http-nio-8081-exec-1] [8fb645956b48457e] DEBUG o.e.s.mapper.TeacherMapper.listById - ==>  Preparing: SELECT id, name, age, gender FROM teacher WHERE id = ? ORDER BY id
2026-08-27 11:22:02.660 [http-nio-8081-exec-1] [8fb645956b48457e] DEBUG o.e.s.mapper.TeacherMapper.listById - ==> Parameters: 1001(Integer)
2026-08-27 11:22:02.667 [http-nio-8081-exec-1] [8fb645956b48457e] DEBUG o.e.s.mapper.TeacherMapper.listById - <==      Total: 1
2026-08-27 11:22:02.690 [http-nio-8081-exec-1] [8fb645956b48457e] DEBUG o.e.s.m.S.listByTeacherId_COUNT - ==>  Preparing: SELECT count(0) FROM student WHERE teacher_id = ?
2026-08-27 11:22:02.690 [http-nio-8081-exec-1] [8fb645956b48457e] DEBUG o.e.s.m.S.listByTeacherId_COUNT - ==> Parameters: 1001(Integer)
2026-08-27 11:22:02.691 [http-nio-8081-exec-1] [8fb645956b48457e] DEBUG o.e.s.m.S.listByTeacherId_COUNT - <==      Total: 1
2026-08-27 11:22:02.692 [http-nio-8081-exec-1] [8fb645956b48457e] DEBUG o.e.s.m.S.listByTeacherId - ==>  Preparing: SELECT id, name, age, gender, chinese, math, english, teacher_id AS teacherId FROM student WHERE teacher_id = ? ORDER BY id LIMIT ?, ?
2026-08-27 11:22:02.693 [http-nio-8081-exec-1] [8fb645956b48457e] DEBUG o.e.s.m.S.listByTeacherId - ==> Parameters: 1001(Integer), 20(Long), 10(Integer)
2026-08-27 11:22:02.694 [http-nio-8081-exec-1] [8fb645956b48457e] DEBUG o.e.s.m.S.listByTeacherId - <==      Total: 10
2026-08-27 11:22:02.703 [http-nio-8081-exec-1] [8fb645956b48457e] INFO  o.e.s.aspect.ServiceLogAspect -     ◀ 【Service 完成】 TeacherServiceImpl.getTeacherInfoById | 144ms
        result :
    {
  "id" : 1001,
  "name" : "教师1001",
  "gender" : "女",
  "age" : 30,
  "students" : [ {
    "id" : 1020,
    "name" : "张1020",
    "age" : 14,
    "gender" : "男",
    "chinese" : 44,
    "math" : 17,
    "english" : 56,
    "teacherId" : 1001
  }, {
    "id" : 1021,
    "name" : "张1021",
    "age" : 5,
    "gender" : "女",
    "chinese" : 47,
    "math" : 40,
    "english" : 60,
    "teacherId" : 1001
  }, {
    "id" : 1022,
    "name" : "张1022",
    "age" : 15,
    "gender" : "男",
    "chinese" : 27,
    "math" : 97,
    "english" : 3,
    "teacherId" : 1001
  }, {
    "id" : 1023,
    "name" : "张1023",
    "age" : 5,
    "gender" : "男",
    "chinese" : 12,
    "math" : 10,
    "english" : 13,
    "teacherId" : 1001
  }, {
    "id" : 1024,
    "name" : "张1024",
    "age" : 7,
    "gender" : "男",
    "chinese" : 14,
    "math" : 35,
    "english" : 34,
    "teacherId" : 1001
  }, {
    "id" : 1025,
    "name" : "张1025",
    "age" : 12,
    "gender" : "男",
    "chinese" : 29,
    "math" : 70,
    "english" : 60,
    "teacherId" : 1001
  }, {
    "id" : 1026,
    "name" : "张1026",
    "age" : 17,
    "gender" : "女",
    "chinese" : 33,
    "math" : 19,
    "english" : 95,
    "teacherId" : 1001
  }, {
    "id" : 1027,
    "name" : "张1027",
    "age" : 4,
    "gender" : "男",
    "chinese" : 85,
    "math" : 97,
    "english" : 31,
    "teacherId" : 1001
  }, {
    "id" : 1028,
    "name" : "张1028",
    "age" : 13,
    "gender" : "男",
    "chinese" : 17,
    "math" : 53,
    "english" : 12,
    "teacherId" : 1001
  }, {
    "id" : 1029,
    "name" : "张1029",
    "age" : 1,
    "gender" : "女",
    "chinese" : 2,
    "math" : 65,
    "english" : 14,
    "teacherId" : 1001
  } ],
  "total" : 30,
  "pageNum" : 3,
  "pageSize" : 10,
  "pages" : 3
}

2026-08-27 11:22:02.704 [http-nio-8081-exec-1] [8fb645956b48457e] INFO  o.e.s.aspect.WebLogAspect - 
══════════════════════════════════════════════════════════════
<<< 【API 响应】 TeacherController.getTeacherInfoById | 205ms
    result :
{
  "code" : 200,
  "message" : "success",
  "content" : {
    "id" : 1001,
    "name" : "教师1001",
    "gender" : "女",
    "age" : 30,
    "students" : [ {
      "id" : 1020,
      "name" : "张1020",
      "age" : 14,
      "gender" : "男",
      "chinese" : 44,
      "math" : 17,
      "english" : 56,
      "teacherId" : 1001
    }, {
      "id" : 1021,
      "name" : "张1021",
      "age" : 5,
      "gender" : "女",
      "chinese" : 47,
      "math" : 40,
      "english" : 60,
      "teacherId" : 1001
    }, {
      "id" : 1022,
      "name" : "张1022",
      "age" : 15,
      "gender" : "男",
      "chinese" : 27,
      "math" : 97,
      "english" : 3,
      "teacherId" : 1001
    }, {
      "id" : 1023,
      "name" : "张1023",
      "age" : 5,
      "gender" : "男",
      "chinese" : 12,
      "math" : 10,
      "english" : 13,
      "teacherId" : 1001
    }, {
      "id" : 1024,
      "name" : "张1024",
      "age" : 7,
      "gender" : "男",
      "chinese" : 14,
      "math" : 35,
      "english" : 34,
      "teacherId" : 1001
    }, {
      "id" : 1025,
      "name" : "张1025",
      "age" : 12,
      "gender" : "男",
      "chinese" : 29,
      "math" : 70,
      "english" : 60,
      "teacherId" : 1001
    }, {
      "id" : 1026,
      "name" : "张1026",
      "age" : 17,
      "gender" : "女",
      "chinese" : 33,
      "math" : 19,
      "english" : 95,
      "teacherId" : 1001
    }, {
      "id" : 1027,
      "name" : "张1027",
      "age" : 4,
      "gender" : "男",
      "chinese" : 85,
      "math" : 97,
      "english" : 31,
      "teacherId" : 1001
    }, {
      "id" : 1028,
      "name" : "张1028",
      "age" : 13,
      "gender" : "男",
      "chinese" : 17,
      "math" : 53,
      "english" : 12,
      "teacherId" : 1001
    }, {
      "id" : 1029,
      "name" : "张1029",
      "age" : 1,
      "gender" : "女",
      "chinese" : 2,
      "math" : 65,
      "english" : 14,
      "teacherId" : 1001
    } ],
    "total" : 30,
    "pageNum" : 3,
    "pageSize" : 10,
    "pages" : 3
  }
}
══════════════════════════════════════════════════════════════

2026-08-27 14:31:23.113 [http-nio-8081-exec-3] [427c6708cbb04243] INFO  o.e.s.aspect.WebLogAspect - 
══════════════════════════════════════════════════════════════
>>> 【API 请求】 GET /teacher/infoById?id=1001&pageNum=3&pageSize=10
    traceId : 427c6708cbb04243
    client  : 127.0.0.1
    handler : TeacherController.getTeacherInfoById
    headers : {
  "User-Agent" : "PostmanRuntime/7.56.1",
  "Accept" : "*/*",
  "Postman-Token" : "255f4540-bdc6-4415-90b1-bdf9db9aff42",
  "Host" : "127.0.0.1:8081",
  "Accept-Encoding" : "gzip, deflate, br",
  "Connection" : "keep-alive"
}
    args    : [ 1001, 3, 10 ]
══════════════════════════════════════════════════════════════

2026-08-27 14:31:23.115 [http-nio-8081-exec-3] [427c6708cbb04243] INFO  o.e.s.aspect.ServiceLogAspect -     ▶ 【Service 进入】 TeacherServiceImpl.getTeacherInfoById
        args :
    [ 1001, 3, 10 ]

2026-08-27 14:31:23.117 [http-nio-8081-exec-3] [427c6708cbb04243] DEBUG o.e.s.mapper.TeacherMapper.listById - ==>  Preparing: SELECT id, name, age, gender FROM teacher WHERE id = ? ORDER BY id
2026-08-27 14:31:23.118 [http-nio-8081-exec-3] [427c6708cbb04243] DEBUG o.e.s.mapper.TeacherMapper.listById - ==> Parameters: 1001(Integer)
2026-08-27 14:31:23.136 [http-nio-8081-exec-3] [427c6708cbb04243] DEBUG o.e.s.mapper.TeacherMapper.listById - <==      Total: 1
2026-08-27 14:31:23.142 [http-nio-8081-exec-3] [427c6708cbb04243] DEBUG o.e.s.m.S.listByTeacherId_COUNT - ==>  Preparing: SELECT count(0) FROM student WHERE teacher_id = ?
2026-08-27 14:31:23.143 [http-nio-8081-exec-3] [427c6708cbb04243] DEBUG o.e.s.m.S.listByTeacherId_COUNT - ==> Parameters: 1001(Integer)
2026-08-27 14:31:23.148 [http-nio-8081-exec-3] [427c6708cbb04243] DEBUG o.e.s.m.S.listByTeacherId_COUNT - <==      Total: 1
2026-08-27 14:31:23.148 [http-nio-8081-exec-3] [427c6708cbb04243] DEBUG o.e.s.m.S.listByTeacherId - ==>  Preparing: SELECT id, name, age, gender, chinese, math, english, teacher_id AS teacherId FROM student WHERE teacher_id = ? ORDER BY id LIMIT ?, ?
2026-08-27 14:31:23.149 [http-nio-8081-exec-3] [427c6708cbb04243] DEBUG o.e.s.m.S.listByTeacherId - ==> Parameters: 1001(Integer), 20(Long), 10(Integer)
2026-08-27 14:31:23.155 [http-nio-8081-exec-3] [427c6708cbb04243] DEBUG o.e.s.m.S.listByTeacherId - <==      Total: 10
2026-08-27 14:31:23.156 [http-nio-8081-exec-3] [427c6708cbb04243] INFO  o.e.s.aspect.ServiceLogAspect -     ◀ 【Service 完成】 TeacherServiceImpl.getTeacherInfoById | 40ms
        result :
    {
  "id" : 1001,
  "name" : "教师1001",
  "gender" : "女",
  "age" : 30,
  "students" : [ {
    "id" : 1020,
    "name" : "张1020",
    "age" : 14,
    "gender" : "男",
    "chinese" : 44,
    "math" : 17,
    "english" : 56,
    "teacherId" : 1001
  }, {
    "id" : 1021,
    "name" : "张1021",
    "age" : 5,
    "gender" : "女",
    "chinese" : 47,
    "math" : 40,
    "english" : 60,
    "teacherId" : 1001
  }, {
    "id" : 1022,
    "name" : "张1022",
    "age" : 15,
    "gender" : "男",
    "chinese" : 27,
    "math" : 97,
    "english" : 3,
    "teacherId" : 1001
  }, {
    "id" : 1023,
    "name" : "张1023",
    "age" : 5,
    "gender" : "男",
    "chinese" : 12,
    "math" : 10,
    "english" : 13,
    "teacherId" : 1001
  }, {
    "id" : 1024,
    "name" : "张1024",
    "age" : 7,
    "gender" : "男",
    "chinese" : 14,
    "math" : 35,
    "english" : 34,
    "teacherId" : 1001
  }, {
    "id" : 1025,
    "name" : "张1025",
    "age" : 12,
    "gender" : "男",
    "chinese" : 29,
    "math" : 70,
    "english" : 60,
    "teacherId" : 1001
  }, {
    "id" : 1026,
    "name" : "张1026",
    "age" : 17,
    "gender" : "女",
    "chinese" : 33,
    "math" : 19,
    "english" : 95,
    "teacherId" : 1001
  }, {
    "id" : 1027,
    "name" : "张1027",
    "age" : 4,
    "gender" : "男",
    "chinese" : 85,
    "math" : 97,
    "english" : 31,
    "teacherId" : 1001
  }, {
    "id" : 1028,
    "name" : "张1028",
    "age" : 13,
    "gender" : "男",
    "chinese" : 17,
    "math" : 53,
    "english" : 12,
    "teacherId" : 1001
  }, {
    "id" : 1029,
    "name" : "张1029",
    "age" : 1,
    "gender" : "女",
    "chinese" : 2,
    "math" : 65,
    "english" : 14,
    "teacherId" : 1001
  } ],
  "total" : 30,
  "pageNum" : 3,
  "pageSize" : 10,
  "pages" : 3
}

2026-08-27 14:31:23.157 [http-nio-8081-exec-3] [427c6708cbb04243] INFO  o.e.s.aspect.WebLogAspect - 
══════════════════════════════════════════════════════════════
<<< 【API 响应】 TeacherController.getTeacherInfoById | 46ms
    result :
{
  "code" : 200,
  "message" : "success",
  "content" : {
    "id" : 1001,
    "name" : "教师1001",
    "gender" : "女",
    "age" : 30,
    "students" : [ {
      "id" : 1020,
      "name" : "张1020",
      "age" : 14,
      "gender" : "男",
      "chinese" : 44,
      "math" : 17,
      "english" : 56,
      "teacherId" : 1001
    }, {
      "id" : 1021,
      "name" : "张1021",
      "age" : 5,
      "gender" : "女",
      "chinese" : 47,
      "math" : 40,
      "english" : 60,
      "teacherId" : 1001
    }, {
      "id" : 1022,
      "name" : "张1022",
      "age" : 15,
      "gender" : "男",
      "chinese" : 27,
      "math" : 97,
      "english" : 3,
      "teacherId" : 1001
    }, {
      "id" : 1023,
      "name" : "张1023",
      "age" : 5,
      "gender" : "男",
      "chinese" : 12,
      "math" : 10,
      "english" : 13,
      "teacherId" : 1001
    }, {
      "id" : 1024,
      "name" : "张1024",
      "age" : 7,
      "gender" : "男",
      "chinese" : 14,
      "math" : 35,
      "english" : 34,
      "teacherId" : 1001
    }, {
      "id" : 1025,
      "name" : "张1025",
      "age" : 12,
      "gender" : "男",
      "chinese" : 29,
      "math" : 70,
      "english" : 60,
      "teacherId" : 1001
    }, {
      "id" : 1026,
      "name" : "张1026",
      "age" : 17,
      "gender" : "女",
      "chinese" : 33,
      "math" : 19,
      "english" : 95,
      "teacherId" : 1001
    }, {
      "id" : 1027,
      "name" : "张1027",
      "age" : 4,
      "gender" : "男",
      "chinese" : 85,
      "math" : 97,
      "english" : 31,
      "teacherId" : 1001
    }, {
      "id" : 1028,
      "name" : "张1028",
      "age" : 13,
      "gender" : "男",
      "chinese" : 17,
      "math" : 53,
      "english" : 12,
      "teacherId" : 1001
    }, {
      "id" : 1029,
      "name" : "张1029",
      "age" : 1,
      "gender" : "女",
      "chinese" : 2,
      "math" : 65,
      "english" : 14,
      "teacherId" : 1001
    } ],
    "total" : 30,
    "pageNum" : 3,
    "pageSize" : 10,
    "pages" : 3
  }
}
══════════════════════════════════════════════════════════════

2026-08-27 14:44:56.144 [SpringApplicationShutdownHook] [] INFO  o.s.boot.tomcat.GracefulShutdown - Commencing graceful shutdown. Waiting for active requests to complete
2026-08-27 14:44:58.159 [tomcat-shutdown] [] INFO  o.s.boot.tomcat.GracefulShutdown - Graceful shutdown complete
2026-08-27 14:44:58.178 [SpringApplicationShutdownHook] [] INFO  com.zaxxer.hikari.HikariDataSource - HikariPool-1 - Shutdown initiated...
2026-08-27 14:44:58.181 [SpringApplicationShutdownHook] [] INFO  com.zaxxer.hikari.HikariDataSource - HikariPool-1 - Shutdown completed.
2026-08-27 14:44:59.906 [main] [] INFO  o.e.s.StudentSystemApplication - Starting StudentSystemApplication using Java 17.0.19 with PID 18021 (/Users/mark/Desktop/JavaStudent/target/classes started by mark in /Users/mark/Desktop/JavaStudent)
2026-08-27 14:44:59.907 [main] [] INFO  o.e.s.StudentSystemApplication - The following 1 profile is active: "dev"
2026-08-27 14:44:59.980 [background-preinit] [] INFO  o.h.validator.internal.util.Version - HV000001: Hibernate Validator 9.0.1.Final
2026-08-27 14:45:00.137 [main] [] INFO  o.s.d.r.c.RepositoryConfigurationDelegate - Multiple Spring Data modules found, entering strict repository configuration mode
2026-08-27 14:45:00.138 [main] [] INFO  o.s.d.r.c.RepositoryConfigurationDelegate - Bootstrapping Spring Data Redis repositories in DEFAULT mode.
2026-08-27 14:45:00.148 [main] [] INFO  o.s.d.r.c.RepositoryConfigurationDelegate - Finished Spring Data repository scanning in 3 ms. Found 0 Redis repository interfaces.
2026-08-27 14:45:00.184 [main] [] DEBUG o.apache.ibatis.logging.LogFactory - Logging initialized using 'class org.apache.ibatis.logging.slf4j.Slf4jImpl' adapter.
2026-08-27 14:45:00.419 [main] [] INFO  o.s.boot.tomcat.TomcatWebServer - Tomcat initialized with port 8081 (http)
2026-08-27 14:45:00.423 [main] [] INFO  o.a.coyote.http11.Http11NioProtocol - Initializing ProtocolHandler ["http-nio-8081"]
2026-08-27 14:45:00.424 [main] [] INFO  o.a.catalina.core.StandardService - Starting service [Tomcat]
2026-08-27 14:45:00.424 [main] [] INFO  o.a.catalina.core.StandardEngine - Starting Servlet engine: [Apache Tomcat/11.0.21]
2026-08-27 14:45:00.443 [main] [] INFO  o.s.b.w.c.s.WebApplicationContextInitializer - Root WebApplicationContext: initialization completed in 522 ms
2026-08-27 14:45:00.508 [main] [] DEBUG o.apache.ibatis.logging.LogFactory - Logging initialized using 'class org.apache.ibatis.logging.slf4j.Slf4jImpl' adapter.
2026-08-27 14:45:00.734 [main] [] WARN  i.n.r.d.DnsServerAddressStreamProviders - Can not find io.netty.resolver.dns.macos.MacOSDnsServerAddressStreamProvider in the classpath, fallback to system defaults. This may result in incorrect DNS resolutions on MacOS. Check whether you have a dependency on 'io.netty:netty-resolver-dns-native-macos'
2026-08-27 14:45:00.878 [main] [] INFO  o.a.coyote.http11.Http11NioProtocol - Starting ProtocolHandler ["http-nio-8081"]
2026-08-27 14:45:00.883 [main] [] INFO  o.s.boot.tomcat.TomcatWebServer - Tomcat started on port 8081 (http) with context path '/'
2026-08-27 14:45:00.886 [main] [] INFO  o.e.s.StudentSystemApplication - Started StudentSystemApplication in 1.187 seconds (process running for 1.339)
2026-08-27 14:53:02.107 [http-nio-8081-exec-1] [] INFO  o.a.c.c.C.[Tomcat].[localhost].[/] - Initializing Spring DispatcherServlet 'dispatcherServlet'
2026-08-27 14:53:02.108 [http-nio-8081-exec-1] [] INFO  o.s.web.servlet.DispatcherServlet - Initializing Servlet 'dispatcherServlet'
2026-08-27 14:53:02.109 [http-nio-8081-exec-1] [] INFO  o.s.web.servlet.DispatcherServlet - Completed initialization in 1 ms
2026-08-27 14:53:02.182 [http-nio-8081-exec-1] [223c53d5e0934593] INFO  o.e.s.aspect.WebLogAspect - 
══════════════════════════════════════════════════════════════
>>> 【API 请求】 GET /operation-log/list?pageNum=1&pageSize=5
    traceId : 223c53d5e0934593
    client  : 127.0.0.1
    handler : OperationLogController.list
    headers : {
  "Host" : "127.0.0.1:8081",
  "User-Agent" : "curl/8.7.1",
  "Accept" : "*/*"
}
    args    : [ null, null, 1, 5 ]
══════════════════════════════════════════════════════════════

2026-08-27 14:53:02.183 [http-nio-8081-exec-1] [223c53d5e0934593] INFO  o.e.s.aspect.ServiceLogAspect -     ▶ 【Service 进入】 OperationLogServiceImpl.list
        args :
    [ null, null, 1, 5 ]

2026-08-27 14:53:02.217 [http-nio-8081-exec-1] [223c53d5e0934593] INFO  com.zaxxer.hikari.HikariDataSource - HikariPool-1 - Starting...
2026-08-27 14:53:02.344 [http-nio-8081-exec-1] [223c53d5e0934593] INFO  com.zaxxer.hikari.pool.HikariPool - HikariPool-1 - Added connection com.mysql.cj.jdbc.ConnectionImpl@5915d746
2026-08-27 14:53:02.344 [http-nio-8081-exec-1] [223c53d5e0934593] INFO  com.zaxxer.hikari.HikariDataSource - HikariPool-1 - Start completed.
2026-08-27 14:53:02.347 [http-nio-8081-exec-1] [223c53d5e0934593] DEBUG o.e.s.m.O.list_COUNT - ==>  Preparing: SELECT count(0) FROM operation_log
2026-08-27 14:53:02.354 [http-nio-8081-exec-1] [223c53d5e0934593] DEBUG o.e.s.m.O.list_COUNT - ==> Parameters: 
2026-08-27 14:53:02.363 [http-nio-8081-exec-1] [223c53d5e0934593] DEBUG o.e.s.m.O.list_COUNT - <==      Total: 1
2026-08-27 14:53:02.364 [http-nio-8081-exec-1] [223c53d5e0934593] DEBUG o.e.s.mapper.OperationLogMapper.list - ==>  Preparing: SELECT id, trace_id AS traceId, module, operation, description, method, request_url AS requestUrl, request_params AS requestParams, response_code AS responseCode, operator_name AS operatorName, client_ip AS clientIp, cost_ms AS costMs, status, error_msg AS errorMsg, created_at AS createdAt FROM operation_log ORDER BY created_at DESC LIMIT ?
2026-08-27 14:53:02.365 [http-nio-8081-exec-1] [223c53d5e0934593] DEBUG o.e.s.mapper.OperationLogMapper.list - ==> Parameters: 5(Integer)
2026-08-27 14:53:02.408 [http-nio-8081-exec-1] [223c53d5e0934593] WARN  o.e.s.aspect.ServiceLogAspect -     ✖ 【Service 异常】 OperationLogServiceImpl.list | 226ms
        error :
    "\n### Error querying database.  Cause: java.sql.SQLSyntaxErrorException: Unknown column 'trace_id' in 'field list'\n### The error may exist in org/example/studentsystem/mapper/OperationLogMapper.java (best guess)\n### The error may involve org.example.studentsystem.mapper.OperationLogMapper.list-Inline\n### The error occurred while setting parameters\n### SQL: SELECT id, trace_id AS traceId, module, operation, description, method,        request_url AS requestUrl, request_params AS requestParams,        response_code AS responseCode, operator_name AS operatorName,        client_ip AS clientIp, cost_ms AS costMs, status, error_msg AS errorMsg,        created_at AS createdAt FROM operation_log    ORDER BY created_at DESC  LIMIT ?\n### Cause: java.sql.SQLSyntaxErrorException: Unknown column 'trace_id' in 'field list'\n; bad SQL grammar []"

org.springframework.jdbc.BadSqlGrammarException: 
### Error querying database.  Cause: java.sql.SQLSyntaxErrorException: Unknown column 'trace_id' in 'field list'
### The error may exist in org/example/studentsystem/mapper/OperationLogMapper.java (best guess)
### The error may involve org.example.studentsystem.mapper.OperationLogMapper.list-Inline
### The error occurred while setting parameters
### SQL: SELECT id, trace_id AS traceId, module, operation, description, method,        request_url AS requestUrl, request_params AS requestParams,        response_code AS responseCode, operator_name AS operatorName,        client_ip AS clientIp, cost_ms AS costMs, status, error_msg AS errorMsg,        created_at AS createdAt FROM operation_log    ORDER BY created_at DESC  LIMIT ?
### Cause: java.sql.SQLSyntaxErrorException: Unknown column 'trace_id' in 'field list'
; bad SQL grammar []
	at org.springframework.jdbc.support.SQLErrorCodeSQLExceptionTranslator.doTranslate(SQLErrorCodeSQLExceptionTranslator.java:244)
	at org.springframework.jdbc.support.AbstractFallbackSQLExceptionTranslator.translate(AbstractFallbackSQLExceptionTranslator.java:102)
	at org.mybatis.spring.MyBatisExceptionTranslator.translateExceptionIfPossible(MyBatisExceptionTranslator.java:95)
	at org.mybatis.spring.SqlSessionTemplate$SqlSessionInterceptor.invoke(SqlSessionTemplate.java:362)
	at jdk.proxy2/jdk.proxy2.$Proxy80.selectList(Unknown Source)
	at org.mybatis.spring.SqlSessionTemplate.selectList(SqlSessionTemplate.java:209)
	at org.apache.ibatis.binding.MapperMethod.executeForMany(MapperMethod.java:147)
	at org.apache.ibatis.binding.MapperMethod.execute(MapperMethod.java:80)
	at org.apache.ibatis.binding.MapperProxy$PlainMethodInvoker.invoke(MapperProxy.java:141)
	at org.apache.ibatis.binding.MapperProxy.invoke(MapperProxy.java:86)
	at jdk.proxy2/jdk.proxy2.$Proxy83.list(Unknown Source)
	at org.example.studentsystem.service.impl.OperationLogServiceImpl.list(OperationLogServiceImpl.java:39)
	at java.base/jdk.internal.reflect.NativeMethodAccessorImpl.invoke0(Native Method)
	at java.base/jdk.internal.reflect.NativeMethodAccessorImpl.invoke(NativeMethodAccessorImpl.java:77)
	at java.base/jdk.internal.reflect.DelegatingMethodAccessorImpl.invoke(DelegatingMethodAccessorImpl.java:43)
	at java.base/java.lang.reflect.Method.invoke(Method.java:569)
	at org.springframework.aop.support.AopUtils.invokeJoinpointUsingReflection(AopUtils.java:359)
	at org.springframework.aop.framework.ReflectiveMethodInvocation.invokeJoinpoint(ReflectiveMethodInvocation.java:190)
	at org.springframework.aop.framework.ReflectiveMethodInvocation.proceed(ReflectiveMethodInvocation.java:158)
	at org.springframework.aop.aspectj.MethodInvocationProceedingJoinPoint.proceed(MethodInvocationProceedingJoinPoint.java:82)
	at org.example.studentsystem.aspect.ServiceLogAspect.around(ServiceLogAspect.java:35)
	at java.base/jdk.internal.reflect.NativeMethodAccessorImpl.invoke0(Native Method)
	at java.base/jdk.internal.reflect.NativeMethodAccessorImpl.invoke(NativeMethodAccessorImpl.java:77)
	at java.base/jdk.internal.reflect.DelegatingMethodAccessorImpl.invoke(DelegatingMethodAccessorImpl.java:43)
	at java.base/java.lang.reflect.Method.invoke(Method.java:569)
	at org.springframework.aop.aspectj.AbstractAspectJAdvice.invokeAdviceMethodWithGivenArgs(AbstractAspectJAdvice.java:648)
	at org.springframework.aop.aspectj.AbstractAspectJAdvice.invokeAdviceMethod(AbstractAspectJAdvice.java:630)
	at org.springframework.aop.aspectj.AspectJAroundAdvice.invoke(AspectJAroundAdvice.java:70)
	at org.springframework.aop.framework.ReflectiveMethodInvocation.proceed(ReflectiveMethodInvocation.java:179)
	at org.springframework.aop.interceptor.ExposeInvocationInterceptor.invoke(ExposeInvocationInterceptor.java:96)
	at org.springframework.aop.framework.ReflectiveMethodInvocation.proceed(ReflectiveMethodInvocation.java:179)
	at org.springframework.aop.framework.CglibAopProxy$DynamicAdvisedInterceptor.intercept(CglibAopProxy.java:719)
	at org.example.studentsystem.service.impl.OperationLogServiceImpl$$SpringCGLIB$$0.list(<generated>)
	at org.example.studentsystem.controller.OperationLogController.list(OperationLogController.java:28)
	at java.base/jdk.internal.reflect.NativeMethodAccessorImpl.invoke0(Native Method)
	at java.base/jdk.internal.reflect.NativeMethodAccessorImpl.invoke(NativeMethodAccessorImpl.java:77)
	at java.base/jdk.internal.reflect.DelegatingMethodAccessorImpl.invoke(DelegatingMethodAccessorImpl.java:43)
	at java.base/java.lang.reflect.Method.invoke(Method.java:569)
	at org.springframework.aop.support.AopUtils.invokeJoinpointUsingReflection(AopUtils.java:359)
	at org.springframework.aop.framework.ReflectiveMethodInvocation.invokeJoinpoint(ReflectiveMethodInvocation.java:190)
	at org.springframework.aop.framework.ReflectiveMethodInvocation.proceed(ReflectiveMethodInvocation.java:158)
	at org.springframework.aop.aspectj.MethodInvocationProceedingJoinPoint.proceed(MethodInvocationProceedingJoinPoint.java:82)
	at org.example.studentsystem.aspect.WebLogAspect.around(WebLogAspect.java:56)
	at java.base/jdk.internal.reflect.NativeMethodAccessorImpl.invoke0(Native Method)
	at java.base/jdk.internal.reflect.NativeMethodAccessorImpl.invoke(NativeMethodAccessorImpl.java:77)
	at java.base/jdk.internal.reflect.DelegatingMethodAccessorImpl.invoke(DelegatingMethodAccessorImpl.java:43)
	at java.base/java.lang.reflect.Method.invoke(Method.java:569)
	at org.springframework.aop.aspectj.AbstractAspectJAdvice.invokeAdviceMethodWithGivenArgs(AbstractAspectJAdvice.java:648)
	at org.springframework.aop.aspectj.AbstractAspectJAdvice.invokeAdviceMethod(AbstractAspectJAdvice.java:630)
	at org.springframework.aop.aspectj.AspectJAroundAdvice.invoke(AspectJAroundAdvice.java:70)
	at org.springframework.aop.framework.ReflectiveMethodInvocation.proceed(ReflectiveMethodInvocation.java:179)
	at org.springframework.aop.interceptor.ExposeInvocationInterceptor.invoke(ExposeInvocationInterceptor.java:96)
	at org.springframework.aop.framework.ReflectiveMethodInvocation.proceed(ReflectiveMethodInvocation.java:179)
	at org.springframework.aop.framework.CglibAopProxy$DynamicAdvisedInterceptor.intercept(CglibAopProxy.java:719)
	at org.example.studentsystem.controller.OperationLogController$$SpringCGLIB$$0.list(<generated>)
	at java.base/jdk.internal.reflect.NativeMethodAccessorImpl.invoke0(Native Method)
	at java.base/jdk.internal.reflect.NativeMethodAccessorImpl.invoke(NativeMethodAccessorImpl.java:77)
	at java.base/jdk.internal.reflect.DelegatingMethodAccessorImpl.invoke(DelegatingMethodAccessorImpl.java:43)
	at java.base/java.lang.reflect.Method.invoke(Method.java:569)
	at org.springframework.web.method.support.InvocableHandlerMethod.doInvoke(InvocableHandlerMethod.java:252)
	at org.springframework.web.method.support.InvocableHandlerMethod.invokeForRequest(InvocableHandlerMethod.java:184)
	at org.springframework.web.servlet.mvc.method.annotation.ServletInvocableHandlerMethod.invokeAndHandle(ServletInvocableHandlerMethod.java:117)
	at org.springframework.web.servlet.mvc.method.annotation.RequestMappingHandlerAdapter.invokeHandlerMethod(RequestMappingHandlerAdapter.java:934)
	at org.springframework.web.servlet.mvc.method.annotation.RequestMappingHandlerAdapter.handleInternal(RequestMappingHandlerAdapter.java:853)
	at org.springframework.web.servlet.mvc.method.AbstractHandlerMethodAdapter.handle(AbstractHandlerMethodAdapter.java:86)
	at org.springframework.web.servlet.DispatcherServlet.doDispatch(DispatcherServlet.java:963)
	at org.springframework.web.servlet.DispatcherServlet.doService(DispatcherServlet.java:866)
	at org.springframework.web.servlet.FrameworkServlet.processRequest(FrameworkServlet.java:1000)
	at org.springframework.web.servlet.FrameworkServlet.doGet(FrameworkServlet.java:892)
	at jakarta.servlet.http.HttpServlet.service(HttpServlet.java:622)
	at org.springframework.web.servlet.FrameworkServlet.service(FrameworkServlet.java:874)
	at jakarta.servlet.http.HttpServlet.service(HttpServlet.java:710)
	at org.apache.catalina.core.ApplicationFilterChain.doFilter(ApplicationFilterChain.java:128)
	at org.apache.tomcat.websocket.server.WsFilter.doFilter(WsFilter.java:53)
	at org.apache.catalina.core.ApplicationFilterChain.doFilter(ApplicationFilterChain.java:107)
	at org.springframework.web.filter.RequestContextFilter.doFilterInternal(RequestContextFilter.java:100)
	at org.springframework.web.filter.OncePerRequestFilter.doFilter(OncePerRequestFilter.java:116)
	at org.apache.catalina.core.ApplicationFilterChain.doFilter(ApplicationFilterChain.java:107)
	at org.springframework.web.filter.FormContentFilter.doFilterInternal(FormContentFilter.java:93)
	at org.springframework.web.filter.OncePerRequestFilter.doFilter(OncePerRequestFilter.java:116)
	at org.apache.catalina.core.ApplicationFilterChain.doFilter(ApplicationFilterChain.java:107)
	at org.springframework.web.filter.CharacterEncodingFilter.doFilterInternal(CharacterEncodingFilter.java:199)
	at org.springframework.web.filter.OncePerRequestFilter.doFilter(OncePerRequestFilter.java:116)
	at org.apache.catalina.core.ApplicationFilterChain.doFilter(ApplicationFilterChain.java:107)
	at org.example.studentsystem.filter.TraceFilter.doFilter(TraceFilter.java:29)
	at org.apache.catalina.core.ApplicationFilterChain.doFilter(ApplicationFilterChain.java:107)
	at org.apache.catalina.core.StandardWrapperValve.invoke(StandardWrapperValve.java:165)
	at org.apache.catalina.core.StandardContextValve.invoke(StandardContextValve.java:77)
	at org.apache.catalina.authenticator.AuthenticatorBase.invoke(AuthenticatorBase.java:492)
	at org.apache.catalina.core.StandardHostValve.invoke(StandardHostValve.java:113)
	at org.apache.catalina.valves.ErrorReportValve.invoke(ErrorReportValve.java:83)
	at org.apache.catalina.core.StandardEngineValve.invoke(StandardEngineValve.java:72)
	at org.apache.catalina.connector.CoyoteAdapter.service(CoyoteAdapter.java:341)
	at org.apache.coyote.http11.Http11Processor.service(Http11Processor.java:397)
	at org.apache.coyote.AbstractProcessorLight.process(AbstractProcessorLight.java:63)
	at org.apache.coyote.AbstractProtocol$ConnectionHandler.process(AbstractProtocol.java:903)
	at org.apache.tomcat.util.net.NioEndpoint$SocketProcessor.doRun(NioEndpoint.java:1801)
	at org.apache.tomcat.util.net.SocketProcessorBase.run(SocketProcessorBase.java:52)
	at org.apache.tomcat.util.threads.ThreadPoolExecutor.runWorker(ThreadPoolExecutor.java:946)
	at org.apache.tomcat.util.threads.ThreadPoolExecutor$Worker.run(ThreadPoolExecutor.java:480)
	at org.apache.tomcat.util.threads.TaskThread$WrappingRunnable.run(TaskThread.java:57)
	at java.base/java.lang.Thread.run(Thread.java:840)
Caused by: java.sql.SQLSyntaxErrorException: Unknown column 'trace_id' in 'field list'
	at com.mysql.cj.jdbc.exceptions.SQLError.createSQLException(SQLError.java:112)
	at com.mysql.cj.jdbc.exceptions.SQLExceptionsMapping.translateException(SQLExceptionsMapping.java:114)
	at com.mysql.cj.jdbc.ClientPreparedStatement.executeInternal(ClientPreparedStatement.java:988)
	at com.mysql.cj.jdbc.ClientPreparedStatement.execute(ClientPreparedStatement.java:383)
	at com.zaxxer.hikari.pool.ProxyPreparedStatement.execute(ProxyPreparedStatement.java:44)
	at com.zaxxer.hikari.pool.HikariProxyPreparedStatement.execute(HikariProxyPreparedStatement.java)
	at java.base/jdk.internal.reflect.NativeMethodAccessorImpl.invoke0(Native Method)
	at java.base/jdk.internal.reflect.NativeMethodAccessorImpl.invoke(NativeMethodAccessorImpl.java:77)
	at java.base/jdk.internal.reflect.DelegatingMethodAccessorImpl.invoke(DelegatingMethodAccessorImpl.java:43)
	at java.base/java.lang.reflect.Method.invoke(Method.java:569)
	at org.apache.ibatis.logging.jdbc.PreparedStatementLogger.invoke(PreparedStatementLogger.java:58)
	at jdk.proxy3/jdk.proxy3.$Proxy101.execute(Unknown Source)
	at org.apache.ibatis.executor.statement.PreparedStatementHandler.query(PreparedStatementHandler.java:65)
	at org.apache.ibatis.executor.statement.RoutingStatementHandler.query(RoutingStatementHandler.java:80)
	at org.apache.ibatis.executor.SimpleExecutor.doQuery(SimpleExecutor.java:65)
	at org.apache.ibatis.executor.BaseExecutor.queryFromDatabase(BaseExecutor.java:336)
	at org.apache.ibatis.executor.BaseExecutor.query(BaseExecutor.java:158)
	at org.apache.ibatis.executor.CachingExecutor.query(CachingExecutor.java:110)
	at com.github.pagehelper.util.ExecutorUtil.pageQuery(ExecutorUtil.java:215)
	at com.github.pagehelper.PageInterceptor.intercept(PageInterceptor.java:161)
	at org.apache.ibatis.plugin.Plugin.invoke(Plugin.java:59)
	at jdk.proxy2/jdk.proxy2.$Proxy99.query(Unknown Source)
	at org.apache.ibatis.session.defaults.DefaultSqlSession.selectList(DefaultSqlSession.java:154)
	at org.apache.ibatis.session.defaults.DefaultSqlSession.selectList(DefaultSqlSession.java:147)
	at org.apache.ibatis.session.defaults.DefaultSqlSession.selectList(DefaultSqlSession.java:142)
	at java.base/jdk.internal.reflect.NativeMethodAccessorImpl.invoke0(Native Method)
	at java.base/jdk.internal.reflect.NativeMethodAccessorImpl.invoke(NativeMethodAccessorImpl.java:77)
	at java.base/jdk.internal.reflect.DelegatingMethodAccessorImpl.invoke(DelegatingMethodAccessorImpl.java:43)
	at java.base/java.lang.reflect.Method.invoke(Method.java:569)
	at org.mybatis.spring.SqlSessionTemplate$SqlSessionInterceptor.invoke(SqlSessionTemplate.java:348)
	... 98 common frames omitted
2026-08-27 14:53:02.410 [http-nio-8081-exec-1] [223c53d5e0934593] ERROR o.e.s.aspect.WebLogAspect - 
══════════════════════════════════════════════════════════════
✖ 【API 系统异常】 OperationLogController.list | 281ms
    error :
"\n### Error querying database.  Cause: java.sql.SQLSyntaxErrorException: Unknown column 'trace_id' in 'field list'\n### The error may exist in org/example/studentsystem/mapper/OperationLogMapper.java (best guess)\n### The error may involve org.example.studentsystem.mapper.OperationLogMapper.list-Inline\n### The error occurred while setting parameters\n### SQL: SELECT id, trace_id AS traceId, module, operation, description, method,        request_url AS requestUrl, request_params AS requestParams,        response_code AS responseCode, operator_name AS operatorName,        client_ip AS clientIp, cost_ms AS costMs, status, error_msg AS errorMsg,        created_at AS createdAt FROM operation_log    ORDER BY created_at DESC  LIMIT ?\n### Cause: java.sql.SQLSyntaxErrorException: Unknown column 'trace_id' in 'field list'\n; bad SQL grammar []"
══════════════════════════════════════════════════════════════

org.springframework.jdbc.BadSqlGrammarException: 
### Error querying database.  Cause: java.sql.SQLSyntaxErrorException: Unknown column 'trace_id' in 'field list'
### The error may exist in org/example/studentsystem/mapper/OperationLogMapper.java (best guess)
### The error may involve org.example.studentsystem.mapper.OperationLogMapper.list-Inline
### The error occurred while setting parameters
### SQL: SELECT id, trace_id AS traceId, module, operation, description, method,        request_url AS requestUrl, request_params AS requestParams,        response_code AS responseCode, operator_name AS operatorName,        client_ip AS clientIp, cost_ms AS costMs, status, error_msg AS errorMsg,        created_at AS createdAt FROM operation_log    ORDER BY created_at DESC  LIMIT ?
### Cause: java.sql.SQLSyntaxErrorException: Unknown column 'trace_id' in 'field list'
; bad SQL grammar []
	at org.springframework.jdbc.support.SQLErrorCodeSQLExceptionTranslator.doTranslate(SQLErrorCodeSQLExceptionTranslator.java:244)
	at org.springframework.jdbc.support.AbstractFallbackSQLExceptionTranslator.translate(AbstractFallbackSQLExceptionTranslator.java:102)
	at org.mybatis.spring.MyBatisExceptionTranslator.translateExceptionIfPossible(MyBatisExceptionTranslator.java:95)
	at org.mybatis.spring.SqlSessionTemplate$SqlSessionInterceptor.invoke(SqlSessionTemplate.java:362)
	at jdk.proxy2/jdk.proxy2.$Proxy80.selectList(Unknown Source)
	at org.mybatis.spring.SqlSessionTemplate.selectList(SqlSessionTemplate.java:209)
	at org.apache.ibatis.binding.MapperMethod.executeForMany(MapperMethod.java:147)
	at org.apache.ibatis.binding.MapperMethod.execute(MapperMethod.java:80)
	at org.apache.ibatis.binding.MapperProxy$PlainMethodInvoker.invoke(MapperProxy.java:141)
	at org.apache.ibatis.binding.MapperProxy.invoke(MapperProxy.java:86)
	at jdk.proxy2/jdk.proxy2.$Proxy83.list(Unknown Source)
	at org.example.studentsystem.service.impl.OperationLogServiceImpl.list(OperationLogServiceImpl.java:39)
	at java.base/jdk.internal.reflect.NativeMethodAccessorImpl.invoke0(Native Method)
	at java.base/jdk.internal.reflect.NativeMethodAccessorImpl.invoke(NativeMethodAccessorImpl.java:77)
	at java.base/jdk.internal.reflect.DelegatingMethodAccessorImpl.invoke(DelegatingMethodAccessorImpl.java:43)
	at java.base/java.lang.reflect.Method.invoke(Method.java:569)
	at org.springframework.aop.support.AopUtils.invokeJoinpointUsingReflection(AopUtils.java:359)
	at org.springframework.aop.framework.ReflectiveMethodInvocation.invokeJoinpoint(ReflectiveMethodInvocation.java:190)
	at org.springframework.aop.framework.ReflectiveMethodInvocation.proceed(ReflectiveMethodInvocation.java:158)
	at org.springframework.aop.aspectj.MethodInvocationProceedingJoinPoint.proceed(MethodInvocationProceedingJoinPoint.java:82)
	at org.example.studentsystem.aspect.ServiceLogAspect.around(ServiceLogAspect.java:35)
	at java.base/jdk.internal.reflect.NativeMethodAccessorImpl.invoke0(Native Method)
	at java.base/jdk.internal.reflect.NativeMethodAccessorImpl.invoke(NativeMethodAccessorImpl.java:77)
	at java.base/jdk.internal.reflect.DelegatingMethodAccessorImpl.invoke(DelegatingMethodAccessorImpl.java:43)
	at java.base/java.lang.reflect.Method.invoke(Method.java:569)
	at org.springframework.aop.aspectj.AbstractAspectJAdvice.invokeAdviceMethodWithGivenArgs(AbstractAspectJAdvice.java:648)
	at org.springframework.aop.aspectj.AbstractAspectJAdvice.invokeAdviceMethod(AbstractAspectJAdvice.java:630)
	at org.springframework.aop.aspectj.AspectJAroundAdvice.invoke(AspectJAroundAdvice.java:70)
	at org.springframework.aop.framework.ReflectiveMethodInvocation.proceed(ReflectiveMethodInvocation.java:179)
	at org.springframework.aop.interceptor.ExposeInvocationInterceptor.invoke(ExposeInvocationInterceptor.java:96)
	at org.springframework.aop.framework.ReflectiveMethodInvocation.proceed(ReflectiveMethodInvocation.java:179)
	at org.springframework.aop.framework.CglibAopProxy$DynamicAdvisedInterceptor.intercept(CglibAopProxy.java:719)
	at org.example.studentsystem.service.impl.OperationLogServiceImpl$$SpringCGLIB$$0.list(<generated>)
	at org.example.studentsystem.controller.OperationLogController.list(OperationLogController.java:28)
	at java.base/jdk.internal.reflect.NativeMethodAccessorImpl.invoke0(Native Method)
	at java.base/jdk.internal.reflect.NativeMethodAccessorImpl.invoke(NativeMethodAccessorImpl.java:77)
	at java.base/jdk.internal.reflect.DelegatingMethodAccessorImpl.invoke(DelegatingMethodAccessorImpl.java:43)
	at java.base/java.lang.reflect.Method.invoke(Method.java:569)
	at org.springframework.aop.support.AopUtils.invokeJoinpointUsingReflection(AopUtils.java:359)
	at org.springframework.aop.framework.ReflectiveMethodInvocation.invokeJoinpoint(ReflectiveMethodInvocation.java:190)
	at org.springframework.aop.framework.ReflectiveMethodInvocation.proceed(ReflectiveMethodInvocation.java:158)
	at org.springframework.aop.aspectj.MethodInvocationProceedingJoinPoint.proceed(MethodInvocationProceedingJoinPoint.java:82)
	at org.example.studentsystem.aspect.WebLogAspect.around(WebLogAspect.java:56)
	at java.base/jdk.internal.reflect.NativeMethodAccessorImpl.invoke0(Native Method)
	at java.base/jdk.internal.reflect.NativeMethodAccessorImpl.invoke(NativeMethodAccessorImpl.java:77)
	at java.base/jdk.internal.reflect.DelegatingMethodAccessorImpl.invoke(DelegatingMethodAccessorImpl.java:43)
	at java.base/java.lang.reflect.Method.invoke(Method.java:569)
	at org.springframework.aop.aspectj.AbstractAspectJAdvice.invokeAdviceMethodWithGivenArgs(AbstractAspectJAdvice.java:648)
	at org.springframework.aop.aspectj.AbstractAspectJAdvice.invokeAdviceMethod(AbstractAspectJAdvice.java:630)
	at org.springframework.aop.aspectj.AspectJAroundAdvice.invoke(AspectJAroundAdvice.java:70)
	at org.springframework.aop.framework.ReflectiveMethodInvocation.proceed(ReflectiveMethodInvocation.java:179)
	at org.springframework.aop.interceptor.ExposeInvocationInterceptor.invoke(ExposeInvocationInterceptor.java:96)
	at org.springframework.aop.framework.ReflectiveMethodInvocation.proceed(ReflectiveMethodInvocation.java:179)
	at org.springframework.aop.framework.CglibAopProxy$DynamicAdvisedInterceptor.intercept(CglibAopProxy.java:719)
	at org.example.studentsystem.controller.OperationLogController$$SpringCGLIB$$0.list(<generated>)
	at java.base/jdk.internal.reflect.NativeMethodAccessorImpl.invoke0(Native Method)
	at java.base/jdk.internal.reflect.NativeMethodAccessorImpl.invoke(NativeMethodAccessorImpl.java:77)
	at java.base/jdk.internal.reflect.DelegatingMethodAccessorImpl.invoke(DelegatingMethodAccessorImpl.java:43)
	at java.base/java.lang.reflect.Method.invoke(Method.java:569)
	at org.springframework.web.method.support.InvocableHandlerMethod.doInvoke(InvocableHandlerMethod.java:252)
	at org.springframework.web.method.support.InvocableHandlerMethod.invokeForRequest(InvocableHandlerMethod.java:184)
	at org.springframework.web.servlet.mvc.method.annotation.ServletInvocableHandlerMethod.invokeAndHandle(ServletInvocableHandlerMethod.java:117)
	at org.springframework.web.servlet.mvc.method.annotation.RequestMappingHandlerAdapter.invokeHandlerMethod(RequestMappingHandlerAdapter.java:934)
	at org.springframework.web.servlet.mvc.method.annotation.RequestMappingHandlerAdapter.handleInternal(RequestMappingHandlerAdapter.java:853)
	at org.springframework.web.servlet.mvc.method.AbstractHandlerMethodAdapter.handle(AbstractHandlerMethodAdapter.java:86)
	at org.springframework.web.servlet.DispatcherServlet.doDispatch(DispatcherServlet.java:963)
	at org.springframework.web.servlet.DispatcherServlet.doService(DispatcherServlet.java:866)
	at org.springframework.web.servlet.FrameworkServlet.processRequest(FrameworkServlet.java:1000)
	at org.springframework.web.servlet.FrameworkServlet.doGet(FrameworkServlet.java:892)
	at jakarta.servlet.http.HttpServlet.service(HttpServlet.java:622)
	at org.springframework.web.servlet.FrameworkServlet.service(FrameworkServlet.java:874)
	at jakarta.servlet.http.HttpServlet.service(HttpServlet.java:710)
	at org.apache.catalina.core.ApplicationFilterChain.doFilter(ApplicationFilterChain.java:128)
	at org.apache.tomcat.websocket.server.WsFilter.doFilter(WsFilter.java:53)
	at org.apache.catalina.core.ApplicationFilterChain.doFilter(ApplicationFilterChain.java:107)
	at org.springframework.web.filter.RequestContextFilter.doFilterInternal(RequestContextFilter.java:100)
	at org.springframework.web.filter.OncePerRequestFilter.doFilter(OncePerRequestFilter.java:116)
	at org.apache.catalina.core.ApplicationFilterChain.doFilter(ApplicationFilterChain.java:107)
	at org.springframework.web.filter.FormContentFilter.doFilterInternal(FormContentFilter.java:93)
	at org.springframework.web.filter.OncePerRequestFilter.doFilter(OncePerRequestFilter.java:116)
	at org.apache.catalina.core.ApplicationFilterChain.doFilter(ApplicationFilterChain.java:107)
	at org.springframework.web.filter.CharacterEncodingFilter.doFilterInternal(CharacterEncodingFilter.java:199)
	at org.springframework.web.filter.OncePerRequestFilter.doFilter(OncePerRequestFilter.java:116)
	at org.apache.catalina.core.ApplicationFilterChain.doFilter(ApplicationFilterChain.java:107)
	at org.example.studentsystem.filter.TraceFilter.doFilter(TraceFilter.java:29)
	at org.apache.catalina.core.ApplicationFilterChain.doFilter(ApplicationFilterChain.java:107)
	at org.apache.catalina.core.StandardWrapperValve.invoke(StandardWrapperValve.java:165)
	at org.apache.catalina.core.StandardContextValve.invoke(StandardContextValve.java:77)
	at org.apache.catalina.authenticator.AuthenticatorBase.invoke(AuthenticatorBase.java:492)
	at org.apache.catalina.core.StandardHostValve.invoke(StandardHostValve.java:113)
	at org.apache.catalina.valves.ErrorReportValve.invoke(ErrorReportValve.java:83)
	at org.apache.catalina.core.StandardEngineValve.invoke(StandardEngineValve.java:72)
	at org.apache.catalina.connector.CoyoteAdapter.service(CoyoteAdapter.java:341)
	at org.apache.coyote.http11.Http11Processor.service(Http11Processor.java:397)
	at org.apache.coyote.AbstractProcessorLight.process(AbstractProcessorLight.java:63)
	at org.apache.coyote.AbstractProtocol$ConnectionHandler.process(AbstractProtocol.java:903)
	at org.apache.tomcat.util.net.NioEndpoint$SocketProcessor.doRun(NioEndpoint.java:1801)
	at org.apache.tomcat.util.net.SocketProcessorBase.run(SocketProcessorBase.java:52)
	at org.apache.tomcat.util.threads.ThreadPoolExecutor.runWorker(ThreadPoolExecutor.java:946)
	at org.apache.tomcat.util.threads.ThreadPoolExecutor$Worker.run(ThreadPoolExecutor.java:480)
	at org.apache.tomcat.util.threads.TaskThread$WrappingRunnable.run(TaskThread.java:57)
	at java.base/java.lang.Thread.run(Thread.java:840)
Caused by: java.sql.SQLSyntaxErrorException: Unknown column 'trace_id' in 'field list'
	at com.mysql.cj.jdbc.exceptions.SQLError.createSQLException(SQLError.java:112)
	at com.mysql.cj.jdbc.exceptions.SQLExceptionsMapping.translateException(SQLExceptionsMapping.java:114)
	at com.mysql.cj.jdbc.ClientPreparedStatement.executeInternal(ClientPreparedStatement.java:988)
	at com.mysql.cj.jdbc.ClientPreparedStatement.execute(ClientPreparedStatement.java:383)
	at com.zaxxer.hikari.pool.ProxyPreparedStatement.execute(ProxyPreparedStatement.java:44)
	at com.zaxxer.hikari.pool.HikariProxyPreparedStatement.execute(HikariProxyPreparedStatement.java)
	at java.base/jdk.internal.reflect.NativeMethodAccessorImpl.invoke0(Native Method)
	at java.base/jdk.internal.reflect.NativeMethodAccessorImpl.invoke(NativeMethodAccessorImpl.java:77)
	at java.base/jdk.internal.reflect.DelegatingMethodAccessorImpl.invoke(DelegatingMethodAccessorImpl.java:43)
	at java.base/java.lang.reflect.Method.invoke(Method.java:569)
	at org.apache.ibatis.logging.jdbc.PreparedStatementLogger.invoke(PreparedStatementLogger.java:58)
	at jdk.proxy3/jdk.proxy3.$Proxy101.execute(Unknown Source)
	at org.apache.ibatis.executor.statement.PreparedStatementHandler.query(PreparedStatementHandler.java:65)
	at org.apache.ibatis.executor.statement.RoutingStatementHandler.query(RoutingStatementHandler.java:80)
	at org.apache.ibatis.executor.SimpleExecutor.doQuery(SimpleExecutor.java:65)
	at org.apache.ibatis.executor.BaseExecutor.queryFromDatabase(BaseExecutor.java:336)
	at org.apache.ibatis.executor.BaseExecutor.query(BaseExecutor.java:158)
	at org.apache.ibatis.executor.CachingExecutor.query(CachingExecutor.java:110)
	at com.github.pagehelper.util.ExecutorUtil.pageQuery(ExecutorUtil.java:215)
	at com.github.pagehelper.PageInterceptor.intercept(PageInterceptor.java:161)
	at org.apache.ibatis.plugin.Plugin.invoke(Plugin.java:59)
	at jdk.proxy2/jdk.proxy2.$Proxy99.query(Unknown Source)
	at org.apache.ibatis.session.defaults.DefaultSqlSession.selectList(DefaultSqlSession.java:154)
	at org.apache.ibatis.session.defaults.DefaultSqlSession.selectList(DefaultSqlSession.java:147)
	at org.apache.ibatis.session.defaults.DefaultSqlSession.selectList(DefaultSqlSession.java:142)
	at java.base/jdk.internal.reflect.NativeMethodAccessorImpl.invoke0(Native Method)
	at java.base/jdk.internal.reflect.NativeMethodAccessorImpl.invoke(NativeMethodAccessorImpl.java:77)
	at java.base/jdk.internal.reflect.DelegatingMethodAccessorImpl.invoke(DelegatingMethodAccessorImpl.java:43)
	at java.base/java.lang.reflect.Method.invoke(Method.java:569)
	at org.mybatis.spring.SqlSessionTemplate$SqlSessionInterceptor.invoke(SqlSessionTemplate.java:348)
	... 98 common frames omitted
2026-08-27 14:53:02.412 [http-nio-8081-exec-1] [223c53d5e0934593] ERROR o.e.s.common.GlobalExceptionHandler - 
══════════════════════════════════════════════════════════════
✖ 【系统异常】 traceId=223c53d5e0934593
    detail :
"\n### Error querying database.  Cause: java.sql.SQLSyntaxErrorException: Unknown column 'trace_id' in 'field list'\n### The error may exist in org/example/studentsystem/mapper/OperationLogMapper.java (best guess)\n### The error may involve org.example.studentsystem.mapper.OperationLogMapper.list-Inline\n### The error occurred while setting parameters\n### SQL: SELECT id, trace_id AS traceId, module, operation, description, method,        request_url AS requestUrl, request_params AS requestParams,        response_code AS responseCode, operator_name AS operatorName,        client_ip AS clientIp, cost_ms AS costMs, status, error_msg AS errorMsg,        created_at AS createdAt FROM operation_log    ORDER BY created_at DESC  LIMIT ?\n### Cause: java.sql.SQLSyntaxErrorException: Unknown column 'trace_id' in 'field list'\n; bad SQL grammar []"
══════════════════════════════════════════════════════════════

org.springframework.jdbc.BadSqlGrammarException: 
### Error querying database.  Cause: java.sql.SQLSyntaxErrorException: Unknown column 'trace_id' in 'field list'
### The error may exist in org/example/studentsystem/mapper/OperationLogMapper.java (best guess)
### The error may involve org.example.studentsystem.mapper.OperationLogMapper.list-Inline
### The error occurred while setting parameters
### SQL: SELECT id, trace_id AS traceId, module, operation, description, method,        request_url AS requestUrl, request_params AS requestParams,        response_code AS responseCode, operator_name AS operatorName,        client_ip AS clientIp, cost_ms AS costMs, status, error_msg AS errorMsg,        created_at AS createdAt FROM operation_log    ORDER BY created_at DESC  LIMIT ?
### Cause: java.sql.SQLSyntaxErrorException: Unknown column 'trace_id' in 'field list'
; bad SQL grammar []
	at org.springframework.jdbc.support.SQLErrorCodeSQLExceptionTranslator.doTranslate(SQLErrorCodeSQLExceptionTranslator.java:244)
	at org.springframework.jdbc.support.AbstractFallbackSQLExceptionTranslator.translate(AbstractFallbackSQLExceptionTranslator.java:102)
	at org.mybatis.spring.MyBatisExceptionTranslator.translateExceptionIfPossible(MyBatisExceptionTranslator.java:95)
	at org.mybatis.spring.SqlSessionTemplate$SqlSessionInterceptor.invoke(SqlSessionTemplate.java:362)
	at jdk.proxy2/jdk.proxy2.$Proxy80.selectList(Unknown Source)
	at org.mybatis.spring.SqlSessionTemplate.selectList(SqlSessionTemplate.java:209)
	at org.apache.ibatis.binding.MapperMethod.executeForMany(MapperMethod.java:147)
	at org.apache.ibatis.binding.MapperMethod.execute(MapperMethod.java:80)
	at org.apache.ibatis.binding.MapperProxy$PlainMethodInvoker.invoke(MapperProxy.java:141)
	at org.apache.ibatis.binding.MapperProxy.invoke(MapperProxy.java:86)
	at jdk.proxy2/jdk.proxy2.$Proxy83.list(Unknown Source)
	at org.example.studentsystem.service.impl.OperationLogServiceImpl.list(OperationLogServiceImpl.java:39)
	at java.base/jdk.internal.reflect.NativeMethodAccessorImpl.invoke0(Native Method)
	at java.base/jdk.internal.reflect.NativeMethodAccessorImpl.invoke(NativeMethodAccessorImpl.java:77)
	at java.base/jdk.internal.reflect.DelegatingMethodAccessorImpl.invoke(DelegatingMethodAccessorImpl.java:43)
	at java.base/java.lang.reflect.Method.invoke(Method.java:569)
	at org.springframework.aop.support.AopUtils.invokeJoinpointUsingReflection(AopUtils.java:359)
	at org.springframework.aop.framework.ReflectiveMethodInvocation.invokeJoinpoint(ReflectiveMethodInvocation.java:190)
	at org.springframework.aop.framework.ReflectiveMethodInvocation.proceed(ReflectiveMethodInvocation.java:158)
	at org.springframework.aop.aspectj.MethodInvocationProceedingJoinPoint.proceed(MethodInvocationProceedingJoinPoint.java:82)
	at org.example.studentsystem.aspect.ServiceLogAspect.around(ServiceLogAspect.java:35)
	at java.base/jdk.internal.reflect.NativeMethodAccessorImpl.invoke0(Native Method)
	at java.base/jdk.internal.reflect.NativeMethodAccessorImpl.invoke(NativeMethodAccessorImpl.java:77)
	at java.base/jdk.internal.reflect.DelegatingMethodAccessorImpl.invoke(DelegatingMethodAccessorImpl.java:43)
	at java.base/java.lang.reflect.Method.invoke(Method.java:569)
	at org.springframework.aop.aspectj.AbstractAspectJAdvice.invokeAdviceMethodWithGivenArgs(AbstractAspectJAdvice.java:648)
	at org.springframework.aop.aspectj.AbstractAspectJAdvice.invokeAdviceMethod(AbstractAspectJAdvice.java:630)
	at org.springframework.aop.aspectj.AspectJAroundAdvice.invoke(AspectJAroundAdvice.java:70)
	at org.springframework.aop.framework.ReflectiveMethodInvocation.proceed(ReflectiveMethodInvocation.java:179)
	at org.springframework.aop.interceptor.ExposeInvocationInterceptor.invoke(ExposeInvocationInterceptor.java:96)
	at org.springframework.aop.framework.ReflectiveMethodInvocation.proceed(ReflectiveMethodInvocation.java:179)
	at org.springframework.aop.framework.CglibAopProxy$DynamicAdvisedInterceptor.intercept(CglibAopProxy.java:719)
	at org.example.studentsystem.service.impl.OperationLogServiceImpl$$SpringCGLIB$$0.list(<generated>)
	at org.example.studentsystem.controller.OperationLogController.list(OperationLogController.java:28)
	at java.base/jdk.internal.reflect.NativeMethodAccessorImpl.invoke0(Native Method)
	at java.base/jdk.internal.reflect.NativeMethodAccessorImpl.invoke(NativeMethodAccessorImpl.java:77)
	at java.base/jdk.internal.reflect.DelegatingMethodAccessorImpl.invoke(DelegatingMethodAccessorImpl.java:43)
	at java.base/java.lang.reflect.Method.invoke(Method.java:569)
	at org.springframework.aop.support.AopUtils.invokeJoinpointUsingReflection(AopUtils.java:359)
	at org.springframework.aop.framework.ReflectiveMethodInvocation.invokeJoinpoint(ReflectiveMethodInvocation.java:190)
	at org.springframework.aop.framework.ReflectiveMethodInvocation.proceed(ReflectiveMethodInvocation.java:158)
	at org.springframework.aop.aspectj.MethodInvocationProceedingJoinPoint.proceed(MethodInvocationProceedingJoinPoint.java:82)
	at org.example.studentsystem.aspect.WebLogAspect.around(WebLogAspect.java:56)
	at java.base/jdk.internal.reflect.NativeMethodAccessorImpl.invoke0(Native Method)
	at java.base/jdk.internal.reflect.NativeMethodAccessorImpl.invoke(NativeMethodAccessorImpl.java:77)
	at java.base/jdk.internal.reflect.DelegatingMethodAccessorImpl.invoke(DelegatingMethodAccessorImpl.java:43)
	at java.base/java.lang.reflect.Method.invoke(Method.java:569)
	at org.springframework.aop.aspectj.AbstractAspectJAdvice.invokeAdviceMethodWithGivenArgs(AbstractAspectJAdvice.java:648)
	at org.springframework.aop.aspectj.AbstractAspectJAdvice.invokeAdviceMethod(AbstractAspectJAdvice.java:630)
	at org.springframework.aop.aspectj.AspectJAroundAdvice.invoke(AspectJAroundAdvice.java:70)
	at org.springframework.aop.framework.ReflectiveMethodInvocation.proceed(ReflectiveMethodInvocation.java:179)
	at org.springframework.aop.interceptor.ExposeInvocationInterceptor.invoke(ExposeInvocationInterceptor.java:96)
	at org.springframework.aop.framework.ReflectiveMethodInvocation.proceed(ReflectiveMethodInvocation.java:179)
	at org.springframework.aop.framework.CglibAopProxy$DynamicAdvisedInterceptor.intercept(CglibAopProxy.java:719)
	at org.example.studentsystem.controller.OperationLogController$$SpringCGLIB$$0.list(<generated>)
	at java.base/jdk.internal.reflect.NativeMethodAccessorImpl.invoke0(Native Method)
	at java.base/jdk.internal.reflect.NativeMethodAccessorImpl.invoke(NativeMethodAccessorImpl.java:77)
	at java.base/jdk.internal.reflect.DelegatingMethodAccessorImpl.invoke(DelegatingMethodAccessorImpl.java:43)
	at java.base/java.lang.reflect.Method.invoke(Method.java:569)
	at org.springframework.web.method.support.InvocableHandlerMethod.doInvoke(InvocableHandlerMethod.java:252)
	at org.springframework.web.method.support.InvocableHandlerMethod.invokeForRequest(InvocableHandlerMethod.java:184)
	at org.springframework.web.servlet.mvc.method.annotation.ServletInvocableHandlerMethod.invokeAndHandle(ServletInvocableHandlerMethod.java:117)
	at org.springframework.web.servlet.mvc.method.annotation.RequestMappingHandlerAdapter.invokeHandlerMethod(RequestMappingHandlerAdapter.java:934)
	at org.springframework.web.servlet.mvc.method.annotation.RequestMappingHandlerAdapter.handleInternal(RequestMappingHandlerAdapter.java:853)
	at org.springframework.web.servlet.mvc.method.AbstractHandlerMethodAdapter.handle(AbstractHandlerMethodAdapter.java:86)
	at org.springframework.web.servlet.DispatcherServlet.doDispatch(DispatcherServlet.java:963)
	at org.springframework.web.servlet.DispatcherServlet.doService(DispatcherServlet.java:866)
	at org.springframework.web.servlet.FrameworkServlet.processRequest(FrameworkServlet.java:1000)
	at org.springframework.web.servlet.FrameworkServlet.doGet(FrameworkServlet.java:892)
	at jakarta.servlet.http.HttpServlet.service(HttpServlet.java:622)
	at org.springframework.web.servlet.FrameworkServlet.service(FrameworkServlet.java:874)
	at jakarta.servlet.http.HttpServlet.service(HttpServlet.java:710)
	at org.apache.catalina.core.ApplicationFilterChain.doFilter(ApplicationFilterChain.java:128)
	at org.apache.tomcat.websocket.server.WsFilter.doFilter(WsFilter.java:53)
	at org.apache.catalina.core.ApplicationFilterChain.doFilter(ApplicationFilterChain.java:107)
	at org.springframework.web.filter.RequestContextFilter.doFilterInternal(RequestContextFilter.java:100)
	at org.springframework.web.filter.OncePerRequestFilter.doFilter(OncePerRequestFilter.java:116)
	at org.apache.catalina.core.ApplicationFilterChain.doFilter(ApplicationFilterChain.java:107)
	at org.springframework.web.filter.FormContentFilter.doFilterInternal(FormContentFilter.java:93)
	at org.springframework.web.filter.OncePerRequestFilter.doFilter(OncePerRequestFilter.java:116)
	at org.apache.catalina.core.ApplicationFilterChain.doFilter(ApplicationFilterChain.java:107)
	at org.springframework.web.filter.CharacterEncodingFilter.doFilterInternal(CharacterEncodingFilter.java:199)
	at org.springframework.web.filter.OncePerRequestFilter.doFilter(OncePerRequestFilter.java:116)
	at org.apache.catalina.core.ApplicationFilterChain.doFilter(ApplicationFilterChain.java:107)
	at org.example.studentsystem.filter.TraceFilter.doFilter(TraceFilter.java:29)
	at org.apache.catalina.core.ApplicationFilterChain.doFilter(ApplicationFilterChain.java:107)
	at org.apache.catalina.core.StandardWrapperValve.invoke(StandardWrapperValve.java:165)
	at org.apache.catalina.core.StandardContextValve.invoke(StandardContextValve.java:77)
	at org.apache.catalina.authenticator.AuthenticatorBase.invoke(AuthenticatorBase.java:492)
	at org.apache.catalina.core.StandardHostValve.invoke(StandardHostValve.java:113)
	at org.apache.catalina.valves.ErrorReportValve.invoke(ErrorReportValve.java:83)
	at org.apache.catalina.core.StandardEngineValve.invoke(StandardEngineValve.java:72)
	at org.apache.catalina.connector.CoyoteAdapter.service(CoyoteAdapter.java:341)
	at org.apache.coyote.http11.Http11Processor.service(Http11Processor.java:397)
	at org.apache.coyote.AbstractProcessorLight.process(AbstractProcessorLight.java:63)
	at org.apache.coyote.AbstractProtocol$ConnectionHandler.process(AbstractProtocol.java:903)
	at org.apache.tomcat.util.net.NioEndpoint$SocketProcessor.doRun(NioEndpoint.java:1801)
	at org.apache.tomcat.util.net.SocketProcessorBase.run(SocketProcessorBase.java:52)
	at org.apache.tomcat.util.threads.ThreadPoolExecutor.runWorker(ThreadPoolExecutor.java:946)
	at org.apache.tomcat.util.threads.ThreadPoolExecutor$Worker.run(ThreadPoolExecutor.java:480)
	at org.apache.tomcat.util.threads.TaskThread$WrappingRunnable.run(TaskThread.java:57)
	at java.base/java.lang.Thread.run(Thread.java:840)
Caused by: java.sql.SQLSyntaxErrorException: Unknown column 'trace_id' in 'field list'
	at com.mysql.cj.jdbc.exceptions.SQLError.createSQLException(SQLError.java:112)
	at com.mysql.cj.jdbc.exceptions.SQLExceptionsMapping.translateException(SQLExceptionsMapping.java:114)
	at com.mysql.cj.jdbc.ClientPreparedStatement.executeInternal(ClientPreparedStatement.java:988)
	at com.mysql.cj.jdbc.ClientPreparedStatement.execute(ClientPreparedStatement.java:383)
	at com.zaxxer.hikari.pool.ProxyPreparedStatement.execute(ProxyPreparedStatement.java:44)
	at com.zaxxer.hikari.pool.HikariProxyPreparedStatement.execute(HikariProxyPreparedStatement.java)
	at java.base/jdk.internal.reflect.NativeMethodAccessorImpl.invoke0(Native Method)
	at java.base/jdk.internal.reflect.NativeMethodAccessorImpl.invoke(NativeMethodAccessorImpl.java:77)
	at java.base/jdk.internal.reflect.DelegatingMethodAccessorImpl.invoke(DelegatingMethodAccessorImpl.java:43)
	at java.base/java.lang.reflect.Method.invoke(Method.java:569)
	at org.apache.ibatis.logging.jdbc.PreparedStatementLogger.invoke(PreparedStatementLogger.java:58)
	at jdk.proxy3/jdk.proxy3.$Proxy101.execute(Unknown Source)
	at org.apache.ibatis.executor.statement.PreparedStatementHandler.query(PreparedStatementHandler.java:65)
	at org.apache.ibatis.executor.statement.RoutingStatementHandler.query(RoutingStatementHandler.java:80)
	at org.apache.ibatis.executor.SimpleExecutor.doQuery(SimpleExecutor.java:65)
	at org.apache.ibatis.executor.BaseExecutor.queryFromDatabase(BaseExecutor.java:336)
	at org.apache.ibatis.executor.BaseExecutor.query(BaseExecutor.java:158)
	at org.apache.ibatis.executor.CachingExecutor.query(CachingExecutor.java:110)
	at com.github.pagehelper.util.ExecutorUtil.pageQuery(ExecutorUtil.java:215)
	at com.github.pagehelper.PageInterceptor.intercept(PageInterceptor.java:161)
	at org.apache.ibatis.plugin.Plugin.invoke(Plugin.java:59)
	at jdk.proxy2/jdk.proxy2.$Proxy99.query(Unknown Source)
	at org.apache.ibatis.session.defaults.DefaultSqlSession.selectList(DefaultSqlSession.java:154)
	at org.apache.ibatis.session.defaults.DefaultSqlSession.selectList(DefaultSqlSession.java:147)
	at org.apache.ibatis.session.defaults.DefaultSqlSession.selectList(DefaultSqlSession.java:142)
	at java.base/jdk.internal.reflect.NativeMethodAccessorImpl.invoke0(Native Method)
	at java.base/jdk.internal.reflect.NativeMethodAccessorImpl.invoke(NativeMethodAccessorImpl.java:77)
	at java.base/jdk.internal.reflect.DelegatingMethodAccessorImpl.invoke(DelegatingMethodAccessorImpl.java:43)
	at java.base/java.lang.reflect.Method.invoke(Method.java:569)
	at org.mybatis.spring.SqlSessionTemplate$SqlSessionInterceptor.invoke(SqlSessionTemplate.java:348)
	... 98 common frames omitted
2026-08-27 14:54:24.782 [http-nio-8081-exec-2] [af3c2199bcc9480e] INFO  o.e.s.aspect.WebLogAspect - 
══════════════════════════════════════════════════════════════
>>> 【API 请求】 GET /operation-log/list?pageNum=1&pageSize=3
    traceId : af3c2199bcc9480e
    client  : 127.0.0.1
    handler : OperationLogController.list
    headers : {
  "Host" : "127.0.0.1:8081",
  "User-Agent" : "curl/8.7.1",
  "Accept" : "*/*"
}
    args    : [ null, null, 1, 3 ]
══════════════════════════════════════════════════════════════

2026-08-27 14:54:24.782 [http-nio-8081-exec-2] [af3c2199bcc9480e] INFO  o.e.s.aspect.ServiceLogAspect -     ▶ 【Service 进入】 OperationLogServiceImpl.list
        args :
    [ null, null, 1, 3 ]

2026-08-27 14:54:24.784 [http-nio-8081-exec-2] [af3c2199bcc9480e] DEBUG o.e.s.m.O.list_COUNT - ==>  Preparing: SELECT count(0) FROM operation_log
2026-08-27 14:54:24.784 [http-nio-8081-exec-2] [af3c2199bcc9480e] DEBUG o.e.s.m.O.list_COUNT - ==> Parameters: 
2026-08-27 14:54:24.785 [http-nio-8081-exec-2] [af3c2199bcc9480e] DEBUG o.e.s.m.O.list_COUNT - <==      Total: 1
2026-08-27 14:54:24.785 [http-nio-8081-exec-2] [af3c2199bcc9480e] DEBUG o.e.s.mapper.OperationLogMapper.list - ==>  Preparing: SELECT id, trace_id AS traceId, module, operation, description, method, request_url AS requestUrl, request_params AS requestParams, response_code AS responseCode, operator_name AS operatorName, client_ip AS clientIp, cost_ms AS costMs, status, error_msg AS errorMsg, created_at AS createdAt FROM operation_log ORDER BY created_at DESC LIMIT ?
2026-08-27 14:54:24.785 [http-nio-8081-exec-2] [af3c2199bcc9480e] DEBUG o.e.s.mapper.OperationLogMapper.list - ==> Parameters: 3(Integer)
2026-08-27 14:54:24.786 [http-nio-8081-exec-2] [af3c2199bcc9480e] WARN  o.e.s.aspect.ServiceLogAspect -     ✖ 【Service 异常】 OperationLogServiceImpl.list | 4ms
        error :
    "\n### Error querying database.  Cause: java.sql.SQLSyntaxErrorException: Unknown column 'trace_id' in 'field list'\n### The error may exist in org/example/studentsystem/mapper/OperationLogMapper.java (best guess)\n### The error may involve org.example.studentsystem.mapper.OperationLogMapper.list-Inline\n### The error occurred while setting parameters\n### SQL: SELECT id, trace_id AS traceId, module, operation, description, method,        request_url AS requestUrl, request_params AS requestParams,        response_code AS responseCode, operator_name AS operatorName,        client_ip AS clientIp, cost_ms AS costMs, status, error_msg AS errorMsg,        created_at AS createdAt FROM operation_log    ORDER BY created_at DESC  LIMIT ?\n### Cause: java.sql.SQLSyntaxErrorException: Unknown column 'trace_id' in 'field list'\n; bad SQL grammar []"

org.springframework.jdbc.BadSqlGrammarException: 
### Error querying database.  Cause: java.sql.SQLSyntaxErrorException: Unknown column 'trace_id' in 'field list'
### The error may exist in org/example/studentsystem/mapper/OperationLogMapper.java (best guess)
### The error may involve org.example.studentsystem.mapper.OperationLogMapper.list-Inline
### The error occurred while setting parameters
### SQL: SELECT id, trace_id AS traceId, module, operation, description, method,        request_url AS requestUrl, request_params AS requestParams,        response_code AS responseCode, operator_name AS operatorName,        client_ip AS clientIp, cost_ms AS costMs, status, error_msg AS errorMsg,        created_at AS createdAt FROM operation_log    ORDER BY created_at DESC  LIMIT ?
### Cause: java.sql.SQLSyntaxErrorException: Unknown column 'trace_id' in 'field list'
; bad SQL grammar []
	at org.springframework.jdbc.support.SQLErrorCodeSQLExceptionTranslator.doTranslate(SQLErrorCodeSQLExceptionTranslator.java:244)
	at org.springframework.jdbc.support.AbstractFallbackSQLExceptionTranslator.translate(AbstractFallbackSQLExceptionTranslator.java:102)
	at org.mybatis.spring.MyBatisExceptionTranslator.translateExceptionIfPossible(MyBatisExceptionTranslator.java:95)
	at org.mybatis.spring.SqlSessionTemplate$SqlSessionInterceptor.invoke(SqlSessionTemplate.java:362)
	at jdk.proxy2/jdk.proxy2.$Proxy80.selectList(Unknown Source)
	at org.mybatis.spring.SqlSessionTemplate.selectList(SqlSessionTemplate.java:209)
	at org.apache.ibatis.binding.MapperMethod.executeForMany(MapperMethod.java:147)
	at org.apache.ibatis.binding.MapperMethod.execute(MapperMethod.java:80)
	at org.apache.ibatis.binding.MapperProxy$PlainMethodInvoker.invoke(MapperProxy.java:141)
	at org.apache.ibatis.binding.MapperProxy.invoke(MapperProxy.java:86)
	at jdk.proxy2/jdk.proxy2.$Proxy83.list(Unknown Source)
	at org.example.studentsystem.service.impl.OperationLogServiceImpl.list(OperationLogServiceImpl.java:39)
	at java.base/jdk.internal.reflect.NativeMethodAccessorImpl.invoke0(Native Method)
	at java.base/jdk.internal.reflect.NativeMethodAccessorImpl.invoke(NativeMethodAccessorImpl.java:77)
	at java.base/jdk.internal.reflect.DelegatingMethodAccessorImpl.invoke(DelegatingMethodAccessorImpl.java:43)
	at java.base/java.lang.reflect.Method.invoke(Method.java:569)
	at org.springframework.aop.support.AopUtils.invokeJoinpointUsingReflection(AopUtils.java:359)
	at org.springframework.aop.framework.ReflectiveMethodInvocation.invokeJoinpoint(ReflectiveMethodInvocation.java:190)
	at org.springframework.aop.framework.ReflectiveMethodInvocation.proceed(ReflectiveMethodInvocation.java:158)
	at org.springframework.aop.aspectj.MethodInvocationProceedingJoinPoint.proceed(MethodInvocationProceedingJoinPoint.java:82)
	at org.example.studentsystem.aspect.ServiceLogAspect.around(ServiceLogAspect.java:35)
	at java.base/jdk.internal.reflect.NativeMethodAccessorImpl.invoke0(Native Method)
	at java.base/jdk.internal.reflect.NativeMethodAccessorImpl.invoke(NativeMethodAccessorImpl.java:77)
	at java.base/jdk.internal.reflect.DelegatingMethodAccessorImpl.invoke(DelegatingMethodAccessorImpl.java:43)
	at java.base/java.lang.reflect.Method.invoke(Method.java:569)
	at org.springframework.aop.aspectj.AbstractAspectJAdvice.invokeAdviceMethodWithGivenArgs(AbstractAspectJAdvice.java:648)
	at org.springframework.aop.aspectj.AbstractAspectJAdvice.invokeAdviceMethod(AbstractAspectJAdvice.java:630)
	at org.springframework.aop.aspectj.AspectJAroundAdvice.invoke(AspectJAroundAdvice.java:70)
	at org.springframework.aop.framework.ReflectiveMethodInvocation.proceed(ReflectiveMethodInvocation.java:179)
	at org.springframework.aop.interceptor.ExposeInvocationInterceptor.invoke(ExposeInvocationInterceptor.java:96)
	at org.springframework.aop.framework.ReflectiveMethodInvocation.proceed(ReflectiveMethodInvocation.java:179)
	at org.springframework.aop.framework.CglibAopProxy$DynamicAdvisedInterceptor.intercept(CglibAopProxy.java:719)
	at org.example.studentsystem.service.impl.OperationLogServiceImpl$$SpringCGLIB$$0.list(<generated>)
	at org.example.studentsystem.controller.OperationLogController.list(OperationLogController.java:28)
	at java.base/jdk.internal.reflect.NativeMethodAccessorImpl.invoke0(Native Method)
	at java.base/jdk.internal.reflect.NativeMethodAccessorImpl.invoke(NativeMethodAccessorImpl.java:77)
	at java.base/jdk.internal.reflect.DelegatingMethodAccessorImpl.invoke(DelegatingMethodAccessorImpl.java:43)
	at java.base/java.lang.reflect.Method.invoke(Method.java:569)
	at org.springframework.aop.support.AopUtils.invokeJoinpointUsingReflection(AopUtils.java:359)
	at org.springframework.aop.framework.ReflectiveMethodInvocation.invokeJoinpoint(ReflectiveMethodInvocation.java:190)
	at org.springframework.aop.framework.ReflectiveMethodInvocation.proceed(ReflectiveMethodInvocation.java:158)
	at org.springframework.aop.aspectj.MethodInvocationProceedingJoinPoint.proceed(MethodInvocationProceedingJoinPoint.java:82)
	at org.example.studentsystem.aspect.WebLogAspect.around(WebLogAspect.java:56)
	at java.base/jdk.internal.reflect.NativeMethodAccessorImpl.invoke0(Native Method)
	at java.base/jdk.internal.reflect.NativeMethodAccessorImpl.invoke(NativeMethodAccessorImpl.java:77)
	at java.base/jdk.internal.reflect.DelegatingMethodAccessorImpl.invoke(DelegatingMethodAccessorImpl.java:43)
	at java.base/java.lang.reflect.Method.invoke(Method.java:569)
	at org.springframework.aop.aspectj.AbstractAspectJAdvice.invokeAdviceMethodWithGivenArgs(AbstractAspectJAdvice.java:648)
	at org.springframework.aop.aspectj.AbstractAspectJAdvice.invokeAdviceMethod(AbstractAspectJAdvice.java:630)
	at org.springframework.aop.aspectj.AspectJAroundAdvice.invoke(AspectJAroundAdvice.java:70)
	at org.springframework.aop.framework.ReflectiveMethodInvocation.proceed(ReflectiveMethodInvocation.java:179)
	at org.springframework.aop.interceptor.ExposeInvocationInterceptor.invoke(ExposeInvocationInterceptor.java:96)
	at org.springframework.aop.framework.ReflectiveMethodInvocation.proceed(ReflectiveMethodInvocation.java:179)
	at org.springframework.aop.framework.CglibAopProxy$DynamicAdvisedInterceptor.intercept(CglibAopProxy.java:719)
	at org.example.studentsystem.controller.OperationLogController$$SpringCGLIB$$0.list(<generated>)
	at java.base/jdk.internal.reflect.NativeMethodAccessorImpl.invoke0(Native Method)
	at java.base/jdk.internal.reflect.NativeMethodAccessorImpl.invoke(NativeMethodAccessorImpl.java:77)
	at java.base/jdk.internal.reflect.DelegatingMethodAccessorImpl.invoke(DelegatingMethodAccessorImpl.java:43)
	at java.base/java.lang.reflect.Method.invoke(Method.java:569)
	at org.springframework.web.method.support.InvocableHandlerMethod.doInvoke(InvocableHandlerMethod.java:252)
	at org.springframework.web.method.support.InvocableHandlerMethod.invokeForRequest(InvocableHandlerMethod.java:184)
	at org.springframework.web.servlet.mvc.method.annotation.ServletInvocableHandlerMethod.invokeAndHandle(ServletInvocableHandlerMethod.java:117)
	at org.springframework.web.servlet.mvc.method.annotation.RequestMappingHandlerAdapter.invokeHandlerMethod(RequestMappingHandlerAdapter.java:934)
	at org.springframework.web.servlet.mvc.method.annotation.RequestMappingHandlerAdapter.handleInternal(RequestMappingHandlerAdapter.java:853)
	at org.springframework.web.servlet.mvc.method.AbstractHandlerMethodAdapter.handle(AbstractHandlerMethodAdapter.java:86)
	at org.springframework.web.servlet.DispatcherServlet.doDispatch(DispatcherServlet.java:963)
	at org.springframework.web.servlet.DispatcherServlet.doService(DispatcherServlet.java:866)
	at org.springframework.web.servlet.FrameworkServlet.processRequest(FrameworkServlet.java:1000)
	at org.springframework.web.servlet.FrameworkServlet.doGet(FrameworkServlet.java:892)
	at jakarta.servlet.http.HttpServlet.service(HttpServlet.java:622)
	at org.springframework.web.servlet.FrameworkServlet.service(FrameworkServlet.java:874)
	at jakarta.servlet.http.HttpServlet.service(HttpServlet.java:710)
	at org.apache.catalina.core.ApplicationFilterChain.doFilter(ApplicationFilterChain.java:128)
	at org.apache.tomcat.websocket.server.WsFilter.doFilter(WsFilter.java:53)
	at org.apache.catalina.core.ApplicationFilterChain.doFilter(ApplicationFilterChain.java:107)
	at org.springframework.web.filter.RequestContextFilter.doFilterInternal(RequestContextFilter.java:100)
	at org.springframework.web.filter.OncePerRequestFilter.doFilter(OncePerRequestFilter.java:116)
	at org.apache.catalina.core.ApplicationFilterChain.doFilter(ApplicationFilterChain.java:107)
	at org.springframework.web.filter.FormContentFilter.doFilterInternal(FormContentFilter.java:93)
	at org.springframework.web.filter.OncePerRequestFilter.doFilter(OncePerRequestFilter.java:116)
	at org.apache.catalina.core.ApplicationFilterChain.doFilter(ApplicationFilterChain.java:107)
	at org.springframework.web.filter.CharacterEncodingFilter.doFilterInternal(CharacterEncodingFilter.java:199)
	at org.springframework.web.filter.OncePerRequestFilter.doFilter(OncePerRequestFilter.java:116)
	at org.apache.catalina.core.ApplicationFilterChain.doFilter(ApplicationFilterChain.java:107)
	at org.example.studentsystem.filter.TraceFilter.doFilter(TraceFilter.java:29)
	at org.apache.catalina.core.ApplicationFilterChain.doFilter(ApplicationFilterChain.java:107)
	at org.apache.catalina.core.StandardWrapperValve.invoke(StandardWrapperValve.java:165)
	at org.apache.catalina.core.StandardContextValve.invoke(StandardContextValve.java:77)
	at org.apache.catalina.authenticator.AuthenticatorBase.invoke(AuthenticatorBase.java:492)
	at org.apache.catalina.core.StandardHostValve.invoke(StandardHostValve.java:113)
	at org.apache.catalina.valves.ErrorReportValve.invoke(ErrorReportValve.java:83)
	at org.apache.catalina.core.StandardEngineValve.invoke(StandardEngineValve.java:72)
	at org.apache.catalina.connector.CoyoteAdapter.service(CoyoteAdapter.java:341)
	at org.apache.coyote.http11.Http11Processor.service(Http11Processor.java:397)
	at org.apache.coyote.AbstractProcessorLight.process(AbstractProcessorLight.java:63)
	at org.apache.coyote.AbstractProtocol$ConnectionHandler.process(AbstractProtocol.java:903)
	at org.apache.tomcat.util.net.NioEndpoint$SocketProcessor.doRun(NioEndpoint.java:1801)
	at org.apache.tomcat.util.net.SocketProcessorBase.run(SocketProcessorBase.java:52)
	at org.apache.tomcat.util.threads.ThreadPoolExecutor.runWorker(ThreadPoolExecutor.java:946)
	at org.apache.tomcat.util.threads.ThreadPoolExecutor$Worker.run(ThreadPoolExecutor.java:480)
	at org.apache.tomcat.util.threads.TaskThread$WrappingRunnable.run(TaskThread.java:57)
	at java.base/java.lang.Thread.run(Thread.java:840)
Caused by: java.sql.SQLSyntaxErrorException: Unknown column 'trace_id' in 'field list'
	at com.mysql.cj.jdbc.exceptions.SQLError.createSQLException(SQLError.java:112)
	at com.mysql.cj.jdbc.exceptions.SQLExceptionsMapping.translateException(SQLExceptionsMapping.java:114)
	at com.mysql.cj.jdbc.ClientPreparedStatement.executeInternal(ClientPreparedStatement.java:988)
	at com.mysql.cj.jdbc.ClientPreparedStatement.execute(ClientPreparedStatement.java:383)
	at com.zaxxer.hikari.pool.ProxyPreparedStatement.execute(ProxyPreparedStatement.java:44)
	at com.zaxxer.hikari.pool.HikariProxyPreparedStatement.execute(HikariProxyPreparedStatement.java)
	at java.base/jdk.internal.reflect.NativeMethodAccessorImpl.invoke0(Native Method)
	at java.base/jdk.internal.reflect.NativeMethodAccessorImpl.invoke(NativeMethodAccessorImpl.java:77)
	at java.base/jdk.internal.reflect.DelegatingMethodAccessorImpl.invoke(DelegatingMethodAccessorImpl.java:43)
	at java.base/java.lang.reflect.Method.invoke(Method.java:569)
	at org.apache.ibatis.logging.jdbc.PreparedStatementLogger.invoke(PreparedStatementLogger.java:58)
	at jdk.proxy3/jdk.proxy3.$Proxy101.execute(Unknown Source)
	at org.apache.ibatis.executor.statement.PreparedStatementHandler.query(PreparedStatementHandler.java:65)
	at org.apache.ibatis.executor.statement.RoutingStatementHandler.query(RoutingStatementHandler.java:80)
	at org.apache.ibatis.executor.SimpleExecutor.doQuery(SimpleExecutor.java:65)
	at org.apache.ibatis.executor.BaseExecutor.queryFromDatabase(BaseExecutor.java:336)
	at org.apache.ibatis.executor.BaseExecutor.query(BaseExecutor.java:158)
	at org.apache.ibatis.executor.CachingExecutor.query(CachingExecutor.java:110)
	at com.github.pagehelper.util.ExecutorUtil.pageQuery(ExecutorUtil.java:215)
	at com.github.pagehelper.PageInterceptor.intercept(PageInterceptor.java:161)
	at org.apache.ibatis.plugin.Plugin.invoke(Plugin.java:59)
	at jdk.proxy2/jdk.proxy2.$Proxy99.query(Unknown Source)
	at org.apache.ibatis.session.defaults.DefaultSqlSession.selectList(DefaultSqlSession.java:154)
	at org.apache.ibatis.session.defaults.DefaultSqlSession.selectList(DefaultSqlSession.java:147)
	at org.apache.ibatis.session.defaults.DefaultSqlSession.selectList(DefaultSqlSession.java:142)
	at java.base/jdk.internal.reflect.NativeMethodAccessorImpl.invoke0(Native Method)
	at java.base/jdk.internal.reflect.NativeMethodAccessorImpl.invoke(NativeMethodAccessorImpl.java:77)
	at java.base/jdk.internal.reflect.DelegatingMethodAccessorImpl.invoke(DelegatingMethodAccessorImpl.java:43)
	at java.base/java.lang.reflect.Method.invoke(Method.java:569)
	at org.mybatis.spring.SqlSessionTemplate$SqlSessionInterceptor.invoke(SqlSessionTemplate.java:348)
	... 98 common frames omitted
2026-08-27 14:54:24.786 [http-nio-8081-exec-2] [af3c2199bcc9480e] ERROR o.e.s.aspect.WebLogAspect - 
══════════════════════════════════════════════════════════════
✖ 【API 系统异常】 OperationLogController.list | 5ms
    error :
"\n### Error querying database.  Cause: java.sql.SQLSyntaxErrorException: Unknown column 'trace_id' in 'field list'\n### The error may exist in org/example/studentsystem/mapper/OperationLogMapper.java (best guess)\n### The error may involve org.example.studentsystem.mapper.OperationLogMapper.list-Inline\n### The error occurred while setting parameters\n### SQL: SELECT id, trace_id AS traceId, module, operation, description, method,        request_url AS requestUrl, request_params AS requestParams,        response_code AS responseCode, operator_name AS operatorName,        client_ip AS clientIp, cost_ms AS costMs, status, error_msg AS errorMsg,        created_at AS createdAt FROM operation_log    ORDER BY created_at DESC  LIMIT ?\n### Cause: java.sql.SQLSyntaxErrorException: Unknown column 'trace_id' in 'field list'\n; bad SQL grammar []"
══════════════════════════════════════════════════════════════

org.springframework.jdbc.BadSqlGrammarException: 
### Error querying database.  Cause: java.sql.SQLSyntaxErrorException: Unknown column 'trace_id' in 'field list'
### The error may exist in org/example/studentsystem/mapper/OperationLogMapper.java (best guess)
### The error may involve org.example.studentsystem.mapper.OperationLogMapper.list-Inline
### The error occurred while setting parameters
### SQL: SELECT id, trace_id AS traceId, module, operation, description, method,        request_url AS requestUrl, request_params AS requestParams,        response_code AS responseCode, operator_name AS operatorName,        client_ip AS clientIp, cost_ms AS costMs, status, error_msg AS errorMsg,        created_at AS createdAt FROM operation_log    ORDER BY created_at DESC  LIMIT ?
### Cause: java.sql.SQLSyntaxErrorException: Unknown column 'trace_id' in 'field list'
; bad SQL grammar []
	at org.springframework.jdbc.support.SQLErrorCodeSQLExceptionTranslator.doTranslate(SQLErrorCodeSQLExceptionTranslator.java:244)
	at org.springframework.jdbc.support.AbstractFallbackSQLExceptionTranslator.translate(AbstractFallbackSQLExceptionTranslator.java:102)
	at org.mybatis.spring.MyBatisExceptionTranslator.translateExceptionIfPossible(MyBatisExceptionTranslator.java:95)
	at org.mybatis.spring.SqlSessionTemplate$SqlSessionInterceptor.invoke(SqlSessionTemplate.java:362)
	at jdk.proxy2/jdk.proxy2.$Proxy80.selectList(Unknown Source)
	at org.mybatis.spring.SqlSessionTemplate.selectList(SqlSessionTemplate.java:209)
	at org.apache.ibatis.binding.MapperMethod.executeForMany(MapperMethod.java:147)
	at org.apache.ibatis.binding.MapperMethod.execute(MapperMethod.java:80)
	at org.apache.ibatis.binding.MapperProxy$PlainMethodInvoker.invoke(MapperProxy.java:141)
	at org.apache.ibatis.binding.MapperProxy.invoke(MapperProxy.java:86)
	at jdk.proxy2/jdk.proxy2.$Proxy83.list(Unknown Source)
	at org.example.studentsystem.service.impl.OperationLogServiceImpl.list(OperationLogServiceImpl.java:39)
	at java.base/jdk.internal.reflect.NativeMethodAccessorImpl.invoke0(Native Method)
	at java.base/jdk.internal.reflect.NativeMethodAccessorImpl.invoke(NativeMethodAccessorImpl.java:77)
	at java.base/jdk.internal.reflect.DelegatingMethodAccessorImpl.invoke(DelegatingMethodAccessorImpl.java:43)
	at java.base/java.lang.reflect.Method.invoke(Method.java:569)
	at org.springframework.aop.support.AopUtils.invokeJoinpointUsingReflection(AopUtils.java:359)
	at org.springframework.aop.framework.ReflectiveMethodInvocation.invokeJoinpoint(ReflectiveMethodInvocation.java:190)
	at org.springframework.aop.framework.ReflectiveMethodInvocation.proceed(ReflectiveMethodInvocation.java:158)
	at org.springframework.aop.aspectj.MethodInvocationProceedingJoinPoint.proceed(MethodInvocationProceedingJoinPoint.java:82)
	at org.example.studentsystem.aspect.ServiceLogAspect.around(ServiceLogAspect.java:35)
	at java.base/jdk.internal.reflect.NativeMethodAccessorImpl.invoke0(Native Method)
	at java.base/jdk.internal.reflect.NativeMethodAccessorImpl.invoke(NativeMethodAccessorImpl.java:77)
	at java.base/jdk.internal.reflect.DelegatingMethodAccessorImpl.invoke(DelegatingMethodAccessorImpl.java:43)
	at java.base/java.lang.reflect.Method.invoke(Method.java:569)
	at org.springframework.aop.aspectj.AbstractAspectJAdvice.invokeAdviceMethodWithGivenArgs(AbstractAspectJAdvice.java:648)
	at org.springframework.aop.aspectj.AbstractAspectJAdvice.invokeAdviceMethod(AbstractAspectJAdvice.java:630)
	at org.springframework.aop.aspectj.AspectJAroundAdvice.invoke(AspectJAroundAdvice.java:70)
	at org.springframework.aop.framework.ReflectiveMethodInvocation.proceed(ReflectiveMethodInvocation.java:179)
	at org.springframework.aop.interceptor.ExposeInvocationInterceptor.invoke(ExposeInvocationInterceptor.java:96)
	at org.springframework.aop.framework.ReflectiveMethodInvocation.proceed(ReflectiveMethodInvocation.java:179)
	at org.springframework.aop.framework.CglibAopProxy$DynamicAdvisedInterceptor.intercept(CglibAopProxy.java:719)
	at org.example.studentsystem.service.impl.OperationLogServiceImpl$$SpringCGLIB$$0.list(<generated>)
	at org.example.studentsystem.controller.OperationLogController.list(OperationLogController.java:28)
	at java.base/jdk.internal.reflect.NativeMethodAccessorImpl.invoke0(Native Method)
	at java.base/jdk.internal.reflect.NativeMethodAccessorImpl.invoke(NativeMethodAccessorImpl.java:77)
	at java.base/jdk.internal.reflect.DelegatingMethodAccessorImpl.invoke(DelegatingMethodAccessorImpl.java:43)
	at java.base/java.lang.reflect.Method.invoke(Method.java:569)
	at org.springframework.aop.support.AopUtils.invokeJoinpointUsingReflection(AopUtils.java:359)
	at org.springframework.aop.framework.ReflectiveMethodInvocation.invokeJoinpoint(ReflectiveMethodInvocation.java:190)
	at org.springframework.aop.framework.ReflectiveMethodInvocation.proceed(ReflectiveMethodInvocation.java:158)
	at org.springframework.aop.aspectj.MethodInvocationProceedingJoinPoint.proceed(MethodInvocationProceedingJoinPoint.java:82)
	at org.example.studentsystem.aspect.WebLogAspect.around(WebLogAspect.java:56)
	at java.base/jdk.internal.reflect.NativeMethodAccessorImpl.invoke0(Native Method)
	at java.base/jdk.internal.reflect.NativeMethodAccessorImpl.invoke(NativeMethodAccessorImpl.java:77)
	at java.base/jdk.internal.reflect.DelegatingMethodAccessorImpl.invoke(DelegatingMethodAccessorImpl.java:43)
	at java.base/java.lang.reflect.Method.invoke(Method.java:569)
	at org.springframework.aop.aspectj.AbstractAspectJAdvice.invokeAdviceMethodWithGivenArgs(AbstractAspectJAdvice.java:648)
	at org.springframework.aop.aspectj.AbstractAspectJAdvice.invokeAdviceMethod(AbstractAspectJAdvice.java:630)
	at org.springframework.aop.aspectj.AspectJAroundAdvice.invoke(AspectJAroundAdvice.java:70)
	at org.springframework.aop.framework.ReflectiveMethodInvocation.proceed(ReflectiveMethodInvocation.java:179)
	at org.springframework.aop.interceptor.ExposeInvocationInterceptor.invoke(ExposeInvocationInterceptor.java:96)
	at org.springframework.aop.framework.ReflectiveMethodInvocation.proceed(ReflectiveMethodInvocation.java:179)
	at org.springframework.aop.framework.CglibAopProxy$DynamicAdvisedInterceptor.intercept(CglibAopProxy.java:719)
	at org.example.studentsystem.controller.OperationLogController$$SpringCGLIB$$0.list(<generated>)
	at java.base/jdk.internal.reflect.NativeMethodAccessorImpl.invoke0(Native Method)
	at java.base/jdk.internal.reflect.NativeMethodAccessorImpl.invoke(NativeMethodAccessorImpl.java:77)
	at java.base/jdk.internal.reflect.DelegatingMethodAccessorImpl.invoke(DelegatingMethodAccessorImpl.java:43)
	at java.base/java.lang.reflect.Method.invoke(Method.java:569)
	at org.springframework.web.method.support.InvocableHandlerMethod.doInvoke(InvocableHandlerMethod.java:252)
	at org.springframework.web.method.support.InvocableHandlerMethod.invokeForRequest(InvocableHandlerMethod.java:184)
	at org.springframework.web.servlet.mvc.method.annotation.ServletInvocableHandlerMethod.invokeAndHandle(ServletInvocableHandlerMethod.java:117)
	at org.springframework.web.servlet.mvc.method.annotation.RequestMappingHandlerAdapter.invokeHandlerMethod(RequestMappingHandlerAdapter.java:934)
	at org.springframework.web.servlet.mvc.method.annotation.RequestMappingHandlerAdapter.handleInternal(RequestMappingHandlerAdapter.java:853)
	at org.springframework.web.servlet.mvc.method.AbstractHandlerMethodAdapter.handle(AbstractHandlerMethodAdapter.java:86)
	at org.springframework.web.servlet.DispatcherServlet.doDispatch(DispatcherServlet.java:963)
	at org.springframework.web.servlet.DispatcherServlet.doService(DispatcherServlet.java:866)
	at org.springframework.web.servlet.FrameworkServlet.processRequest(FrameworkServlet.java:1000)
	at org.springframework.web.servlet.FrameworkServlet.doGet(FrameworkServlet.java:892)
	at jakarta.servlet.http.HttpServlet.service(HttpServlet.java:622)
	at org.springframework.web.servlet.FrameworkServlet.service(FrameworkServlet.java:874)
	at jakarta.servlet.http.HttpServlet.service(HttpServlet.java:710)
	at org.apache.catalina.core.ApplicationFilterChain.doFilter(ApplicationFilterChain.java:128)
	at org.apache.tomcat.websocket.server.WsFilter.doFilter(WsFilter.java:53)
	at org.apache.catalina.core.ApplicationFilterChain.doFilter(ApplicationFilterChain.java:107)
	at org.springframework.web.filter.RequestContextFilter.doFilterInternal(RequestContextFilter.java:100)
	at org.springframework.web.filter.OncePerRequestFilter.doFilter(OncePerRequestFilter.java:116)
	at org.apache.catalina.core.ApplicationFilterChain.doFilter(ApplicationFilterChain.java:107)
	at org.springframework.web.filter.FormContentFilter.doFilterInternal(FormContentFilter.java:93)
	at org.springframework.web.filter.OncePerRequestFilter.doFilter(OncePerRequestFilter.java:116)
	at org.apache.catalina.core.ApplicationFilterChain.doFilter(ApplicationFilterChain.java:107)
	at org.springframework.web.filter.CharacterEncodingFilter.doFilterInternal(CharacterEncodingFilter.java:199)
	at org.springframework.web.filter.OncePerRequestFilter.doFilter(OncePerRequestFilter.java:116)
	at org.apache.catalina.core.ApplicationFilterChain.doFilter(ApplicationFilterChain.java:107)
	at org.example.studentsystem.filter.TraceFilter.doFilter(TraceFilter.java:29)
	at org.apache.catalina.core.ApplicationFilterChain.doFilter(ApplicationFilterChain.java:107)
	at org.apache.catalina.core.StandardWrapperValve.invoke(StandardWrapperValve.java:165)
	at org.apache.catalina.core.StandardContextValve.invoke(StandardContextValve.java:77)
	at org.apache.catalina.authenticator.AuthenticatorBase.invoke(AuthenticatorBase.java:492)
	at org.apache.catalina.core.StandardHostValve.invoke(StandardHostValve.java:113)
	at org.apache.catalina.valves.ErrorReportValve.invoke(ErrorReportValve.java:83)
	at org.apache.catalina.core.StandardEngineValve.invoke(StandardEngineValve.java:72)
	at org.apache.catalina.connector.CoyoteAdapter.service(CoyoteAdapter.java:341)
	at org.apache.coyote.http11.Http11Processor.service(Http11Processor.java:397)
	at org.apache.coyote.AbstractProcessorLight.process(AbstractProcessorLight.java:63)
	at org.apache.coyote.AbstractProtocol$ConnectionHandler.process(AbstractProtocol.java:903)
	at org.apache.tomcat.util.net.NioEndpoint$SocketProcessor.doRun(NioEndpoint.java:1801)
	at org.apache.tomcat.util.net.SocketProcessorBase.run(SocketProcessorBase.java:52)
	at org.apache.tomcat.util.threads.ThreadPoolExecutor.runWorker(ThreadPoolExecutor.java:946)
	at org.apache.tomcat.util.threads.ThreadPoolExecutor$Worker.run(ThreadPoolExecutor.java:480)
	at org.apache.tomcat.util.threads.TaskThread$WrappingRunnable.run(TaskThread.java:57)
	at java.base/java.lang.Thread.run(Thread.java:840)
Caused by: java.sql.SQLSyntaxErrorException: Unknown column 'trace_id' in 'field list'
	at com.mysql.cj.jdbc.exceptions.SQLError.createSQLException(SQLError.java:112)
	at com.mysql.cj.jdbc.exceptions.SQLExceptionsMapping.translateException(SQLExceptionsMapping.java:114)
	at com.mysql.cj.jdbc.ClientPreparedStatement.executeInternal(ClientPreparedStatement.java:988)
	at com.mysql.cj.jdbc.ClientPreparedStatement.execute(ClientPreparedStatement.java:383)
	at com.zaxxer.hikari.pool.ProxyPreparedStatement.execute(ProxyPreparedStatement.java:44)
	at com.zaxxer.hikari.pool.HikariProxyPreparedStatement.execute(HikariProxyPreparedStatement.java)
	at java.base/jdk.internal.reflect.NativeMethodAccessorImpl.invoke0(Native Method)
	at java.base/jdk.internal.reflect.NativeMethodAccessorImpl.invoke(NativeMethodAccessorImpl.java:77)
	at java.base/jdk.internal.reflect.DelegatingMethodAccessorImpl.invoke(DelegatingMethodAccessorImpl.java:43)
	at java.base/java.lang.reflect.Method.invoke(Method.java:569)
	at org.apache.ibatis.logging.jdbc.PreparedStatementLogger.invoke(PreparedStatementLogger.java:58)
	at jdk.proxy3/jdk.proxy3.$Proxy101.execute(Unknown Source)
	at org.apache.ibatis.executor.statement.PreparedStatementHandler.query(PreparedStatementHandler.java:65)
	at org.apache.ibatis.executor.statement.RoutingStatementHandler.query(RoutingStatementHandler.java:80)
	at org.apache.ibatis.executor.SimpleExecutor.doQuery(SimpleExecutor.java:65)
	at org.apache.ibatis.executor.BaseExecutor.queryFromDatabase(BaseExecutor.java:336)
	at org.apache.ibatis.executor.BaseExecutor.query(BaseExecutor.java:158)
	at org.apache.ibatis.executor.CachingExecutor.query(CachingExecutor.java:110)
	at com.github.pagehelper.util.ExecutorUtil.pageQuery(ExecutorUtil.java:215)
	at com.github.pagehelper.PageInterceptor.intercept(PageInterceptor.java:161)
	at org.apache.ibatis.plugin.Plugin.invoke(Plugin.java:59)
	at jdk.proxy2/jdk.proxy2.$Proxy99.query(Unknown Source)
	at org.apache.ibatis.session.defaults.DefaultSqlSession.selectList(DefaultSqlSession.java:154)
	at org.apache.ibatis.session.defaults.DefaultSqlSession.selectList(DefaultSqlSession.java:147)
	at org.apache.ibatis.session.defaults.DefaultSqlSession.selectList(DefaultSqlSession.java:142)
	at java.base/jdk.internal.reflect.NativeMethodAccessorImpl.invoke0(Native Method)
	at java.base/jdk.internal.reflect.NativeMethodAccessorImpl.invoke(NativeMethodAccessorImpl.java:77)
	at java.base/jdk.internal.reflect.DelegatingMethodAccessorImpl.invoke(DelegatingMethodAccessorImpl.java:43)
	at java.base/java.lang.reflect.Method.invoke(Method.java:569)
	at org.mybatis.spring.SqlSessionTemplate$SqlSessionInterceptor.invoke(SqlSessionTemplate.java:348)
	... 98 common frames omitted
2026-08-27 14:54:24.787 [http-nio-8081-exec-2] [af3c2199bcc9480e] ERROR o.e.s.common.GlobalExceptionHandler - 
══════════════════════════════════════════════════════════════
✖ 【系统异常】 traceId=af3c2199bcc9480e
    detail :
"\n### Error querying database.  Cause: java.sql.SQLSyntaxErrorException: Unknown column 'trace_id' in 'field list'\n### The error may exist in org/example/studentsystem/mapper/OperationLogMapper.java (best guess)\n### The error may involve org.example.studentsystem.mapper.OperationLogMapper.list-Inline\n### The error occurred while setting parameters\n### SQL: SELECT id, trace_id AS traceId, module, operation, description, method,        request_url AS requestUrl, request_params AS requestParams,        response_code AS responseCode, operator_name AS operatorName,        client_ip AS clientIp, cost_ms AS costMs, status, error_msg AS errorMsg,        created_at AS createdAt FROM operation_log    ORDER BY created_at DESC  LIMIT ?\n### Cause: java.sql.SQLSyntaxErrorException: Unknown column 'trace_id' in 'field list'\n; bad SQL grammar []"
══════════════════════════════════════════════════════════════

org.springframework.jdbc.BadSqlGrammarException: 
### Error querying database.  Cause: java.sql.SQLSyntaxErrorException: Unknown column 'trace_id' in 'field list'
### The error may exist in org/example/studentsystem/mapper/OperationLogMapper.java (best guess)
### The error may involve org.example.studentsystem.mapper.OperationLogMapper.list-Inline
### The error occurred while setting parameters
### SQL: SELECT id, trace_id AS traceId, module, operation, description, method,        request_url AS requestUrl, request_params AS requestParams,        response_code AS responseCode, operator_name AS operatorName,        client_ip AS clientIp, cost_ms AS costMs, status, error_msg AS errorMsg,        created_at AS createdAt FROM operation_log    ORDER BY created_at DESC  LIMIT ?
### Cause: java.sql.SQLSyntaxErrorException: Unknown column 'trace_id' in 'field list'
; bad SQL grammar []
	at org.springframework.jdbc.support.SQLErrorCodeSQLExceptionTranslator.doTranslate(SQLErrorCodeSQLExceptionTranslator.java:244)
	at org.springframework.jdbc.support.AbstractFallbackSQLExceptionTranslator.translate(AbstractFallbackSQLExceptionTranslator.java:102)
	at org.mybatis.spring.MyBatisExceptionTranslator.translateExceptionIfPossible(MyBatisExceptionTranslator.java:95)
	at org.mybatis.spring.SqlSessionTemplate$SqlSessionInterceptor.invoke(SqlSessionTemplate.java:362)
	at jdk.proxy2/jdk.proxy2.$Proxy80.selectList(Unknown Source)
	at org.mybatis.spring.SqlSessionTemplate.selectList(SqlSessionTemplate.java:209)
	at org.apache.ibatis.binding.MapperMethod.executeForMany(MapperMethod.java:147)
	at org.apache.ibatis.binding.MapperMethod.execute(MapperMethod.java:80)
	at org.apache.ibatis.binding.MapperProxy$PlainMethodInvoker.invoke(MapperProxy.java:141)
	at org.apache.ibatis.binding.MapperProxy.invoke(MapperProxy.java:86)
	at jdk.proxy2/jdk.proxy2.$Proxy83.list(Unknown Source)
	at org.example.studentsystem.service.impl.OperationLogServiceImpl.list(OperationLogServiceImpl.java:39)
	at java.base/jdk.internal.reflect.NativeMethodAccessorImpl.invoke0(Native Method)
	at java.base/jdk.internal.reflect.NativeMethodAccessorImpl.invoke(NativeMethodAccessorImpl.java:77)
	at java.base/jdk.internal.reflect.DelegatingMethodAccessorImpl.invoke(DelegatingMethodAccessorImpl.java:43)
	at java.base/java.lang.reflect.Method.invoke(Method.java:569)
	at org.springframework.aop.support.AopUtils.invokeJoinpointUsingReflection(AopUtils.java:359)
	at org.springframework.aop.framework.ReflectiveMethodInvocation.invokeJoinpoint(ReflectiveMethodInvocation.java:190)
	at org.springframework.aop.framework.ReflectiveMethodInvocation.proceed(ReflectiveMethodInvocation.java:158)
	at org.springframework.aop.aspectj.MethodInvocationProceedingJoinPoint.proceed(MethodInvocationProceedingJoinPoint.java:82)
	at org.example.studentsystem.aspect.ServiceLogAspect.around(ServiceLogAspect.java:35)
	at java.base/jdk.internal.reflect.NativeMethodAccessorImpl.invoke0(Native Method)
	at java.base/jdk.internal.reflect.NativeMethodAccessorImpl.invoke(NativeMethodAccessorImpl.java:77)
	at java.base/jdk.internal.reflect.DelegatingMethodAccessorImpl.invoke(DelegatingMethodAccessorImpl.java:43)
	at java.base/java.lang.reflect.Method.invoke(Method.java:569)
	at org.springframework.aop.aspectj.AbstractAspectJAdvice.invokeAdviceMethodWithGivenArgs(AbstractAspectJAdvice.java:648)
	at org.springframework.aop.aspectj.AbstractAspectJAdvice.invokeAdviceMethod(AbstractAspectJAdvice.java:630)
	at org.springframework.aop.aspectj.AspectJAroundAdvice.invoke(AspectJAroundAdvice.java:70)
	at org.springframework.aop.framework.ReflectiveMethodInvocation.proceed(ReflectiveMethodInvocation.java:179)
	at org.springframework.aop.interceptor.ExposeInvocationInterceptor.invoke(ExposeInvocationInterceptor.java:96)
	at org.springframework.aop.framework.ReflectiveMethodInvocation.proceed(ReflectiveMethodInvocation.java:179)
	at org.springframework.aop.framework.CglibAopProxy$DynamicAdvisedInterceptor.intercept(CglibAopProxy.java:719)
	at org.example.studentsystem.service.impl.OperationLogServiceImpl$$SpringCGLIB$$0.list(<generated>)
	at org.example.studentsystem.controller.OperationLogController.list(OperationLogController.java:28)
	at java.base/jdk.internal.reflect.NativeMethodAccessorImpl.invoke0(Native Method)
	at java.base/jdk.internal.reflect.NativeMethodAccessorImpl.invoke(NativeMethodAccessorImpl.java:77)
	at java.base/jdk.internal.reflect.DelegatingMethodAccessorImpl.invoke(DelegatingMethodAccessorImpl.java:43)
	at java.base/java.lang.reflect.Method.invoke(Method.java:569)
	at org.springframework.aop.support.AopUtils.invokeJoinpointUsingReflection(AopUtils.java:359)
	at org.springframework.aop.framework.ReflectiveMethodInvocation.invokeJoinpoint(ReflectiveMethodInvocation.java:190)
	at org.springframework.aop.framework.ReflectiveMethodInvocation.proceed(ReflectiveMethodInvocation.java:158)
	at org.springframework.aop.aspectj.MethodInvocationProceedingJoinPoint.proceed(MethodInvocationProceedingJoinPoint.java:82)
	at org.example.studentsystem.aspect.WebLogAspect.around(WebLogAspect.java:56)
	at java.base/jdk.internal.reflect.NativeMethodAccessorImpl.invoke0(Native Method)
	at java.base/jdk.internal.reflect.NativeMethodAccessorImpl.invoke(NativeMethodAccessorImpl.java:77)
	at java.base/jdk.internal.reflect.DelegatingMethodAccessorImpl.invoke(DelegatingMethodAccessorImpl.java:43)
	at java.base/java.lang.reflect.Method.invoke(Method.java:569)
	at org.springframework.aop.aspectj.AbstractAspectJAdvice.invokeAdviceMethodWithGivenArgs(AbstractAspectJAdvice.java:648)
	at org.springframework.aop.aspectj.AbstractAspectJAdvice.invokeAdviceMethod(AbstractAspectJAdvice.java:630)
	at org.springframework.aop.aspectj.AspectJAroundAdvice.invoke(AspectJAroundAdvice.java:70)
	at org.springframework.aop.framework.ReflectiveMethodInvocation.proceed(ReflectiveMethodInvocation.java:179)
	at org.springframework.aop.interceptor.ExposeInvocationInterceptor.invoke(ExposeInvocationInterceptor.java:96)
	at org.springframework.aop.framework.ReflectiveMethodInvocation.proceed(ReflectiveMethodInvocation.java:179)
	at org.springframework.aop.framework.CglibAopProxy$DynamicAdvisedInterceptor.intercept(CglibAopProxy.java:719)
	at org.example.studentsystem.controller.OperationLogController$$SpringCGLIB$$0.list(<generated>)
	at java.base/jdk.internal.reflect.NativeMethodAccessorImpl.invoke0(Native Method)
	at java.base/jdk.internal.reflect.NativeMethodAccessorImpl.invoke(NativeMethodAccessorImpl.java:77)
	at java.base/jdk.internal.reflect.DelegatingMethodAccessorImpl.invoke(DelegatingMethodAccessorImpl.java:43)
	at java.base/java.lang.reflect.Method.invoke(Method.java:569)
	at org.springframework.web.method.support.InvocableHandlerMethod.doInvoke(InvocableHandlerMethod.java:252)
	at org.springframework.web.method.support.InvocableHandlerMethod.invokeForRequest(InvocableHandlerMethod.java:184)
	at org.springframework.web.servlet.mvc.method.annotation.ServletInvocableHandlerMethod.invokeAndHandle(ServletInvocableHandlerMethod.java:117)
	at org.springframework.web.servlet.mvc.method.annotation.RequestMappingHandlerAdapter.invokeHandlerMethod(RequestMappingHandlerAdapter.java:934)
	at org.springframework.web.servlet.mvc.method.annotation.RequestMappingHandlerAdapter.handleInternal(RequestMappingHandlerAdapter.java:853)
	at org.springframework.web.servlet.mvc.method.AbstractHandlerMethodAdapter.handle(AbstractHandlerMethodAdapter.java:86)
	at org.springframework.web.servlet.DispatcherServlet.doDispatch(DispatcherServlet.java:963)
	at org.springframework.web.servlet.DispatcherServlet.doService(DispatcherServlet.java:866)
	at org.springframework.web.servlet.FrameworkServlet.processRequest(FrameworkServlet.java:1000)
	at org.springframework.web.servlet.FrameworkServlet.doGet(FrameworkServlet.java:892)
	at jakarta.servlet.http.HttpServlet.service(HttpServlet.java:622)
	at org.springframework.web.servlet.FrameworkServlet.service(FrameworkServlet.java:874)
	at jakarta.servlet.http.HttpServlet.service(HttpServlet.java:710)
	at org.apache.catalina.core.ApplicationFilterChain.doFilter(ApplicationFilterChain.java:128)
	at org.apache.tomcat.websocket.server.WsFilter.doFilter(WsFilter.java:53)
	at org.apache.catalina.core.ApplicationFilterChain.doFilter(ApplicationFilterChain.java:107)
	at org.springframework.web.filter.RequestContextFilter.doFilterInternal(RequestContextFilter.java:100)
	at org.springframework.web.filter.OncePerRequestFilter.doFilter(OncePerRequestFilter.java:116)
	at org.apache.catalina.core.ApplicationFilterChain.doFilter(ApplicationFilterChain.java:107)
	at org.springframework.web.filter.FormContentFilter.doFilterInternal(FormContentFilter.java:93)
	at org.springframework.web.filter.OncePerRequestFilter.doFilter(OncePerRequestFilter.java:116)
	at org.apache.catalina.core.ApplicationFilterChain.doFilter(ApplicationFilterChain.java:107)
	at org.springframework.web.filter.CharacterEncodingFilter.doFilterInternal(CharacterEncodingFilter.java:199)
	at org.springframework.web.filter.OncePerRequestFilter.doFilter(OncePerRequestFilter.java:116)
	at org.apache.catalina.core.ApplicationFilterChain.doFilter(ApplicationFilterChain.java:107)
	at org.example.studentsystem.filter.TraceFilter.doFilter(TraceFilter.java:29)
	at org.apache.catalina.core.ApplicationFilterChain.doFilter(ApplicationFilterChain.java:107)
	at org.apache.catalina.core.StandardWrapperValve.invoke(StandardWrapperValve.java:165)
	at org.apache.catalina.core.StandardContextValve.invoke(StandardContextValve.java:77)
	at org.apache.catalina.authenticator.AuthenticatorBase.invoke(AuthenticatorBase.java:492)
	at org.apache.catalina.core.StandardHostValve.invoke(StandardHostValve.java:113)
	at org.apache.catalina.valves.ErrorReportValve.invoke(ErrorReportValve.java:83)
	at org.apache.catalina.core.StandardEngineValve.invoke(StandardEngineValve.java:72)
	at org.apache.catalina.connector.CoyoteAdapter.service(CoyoteAdapter.java:341)
	at org.apache.coyote.http11.Http11Processor.service(Http11Processor.java:397)
	at org.apache.coyote.AbstractProcessorLight.process(AbstractProcessorLight.java:63)
	at org.apache.coyote.AbstractProtocol$ConnectionHandler.process(AbstractProtocol.java:903)
	at org.apache.tomcat.util.net.NioEndpoint$SocketProcessor.doRun(NioEndpoint.java:1801)
	at org.apache.tomcat.util.net.SocketProcessorBase.run(SocketProcessorBase.java:52)
	at org.apache.tomcat.util.threads.ThreadPoolExecutor.runWorker(ThreadPoolExecutor.java:946)
	at org.apache.tomcat.util.threads.ThreadPoolExecutor$Worker.run(ThreadPoolExecutor.java:480)
	at org.apache.tomcat.util.threads.TaskThread$WrappingRunnable.run(TaskThread.java:57)
	at java.base/java.lang.Thread.run(Thread.java:840)
Caused by: java.sql.SQLSyntaxErrorException: Unknown column 'trace_id' in 'field list'
	at com.mysql.cj.jdbc.exceptions.SQLError.createSQLException(SQLError.java:112)
	at com.mysql.cj.jdbc.exceptions.SQLExceptionsMapping.translateException(SQLExceptionsMapping.java:114)
	at com.mysql.cj.jdbc.ClientPreparedStatement.executeInternal(ClientPreparedStatement.java:988)
	at com.mysql.cj.jdbc.ClientPreparedStatement.execute(ClientPreparedStatement.java:383)
	at com.zaxxer.hikari.pool.ProxyPreparedStatement.execute(ProxyPreparedStatement.java:44)
	at com.zaxxer.hikari.pool.HikariProxyPreparedStatement.execute(HikariProxyPreparedStatement.java)
	at java.base/jdk.internal.reflect.NativeMethodAccessorImpl.invoke0(Native Method)
	at java.base/jdk.internal.reflect.NativeMethodAccessorImpl.invoke(NativeMethodAccessorImpl.java:77)
	at java.base/jdk.internal.reflect.DelegatingMethodAccessorImpl.invoke(DelegatingMethodAccessorImpl.java:43)
	at java.base/java.lang.reflect.Method.invoke(Method.java:569)
	at org.apache.ibatis.logging.jdbc.PreparedStatementLogger.invoke(PreparedStatementLogger.java:58)
	at jdk.proxy3/jdk.proxy3.$Proxy101.execute(Unknown Source)
	at org.apache.ibatis.executor.statement.PreparedStatementHandler.query(PreparedStatementHandler.java:65)
	at org.apache.ibatis.executor.statement.RoutingStatementHandler.query(RoutingStatementHandler.java:80)
	at org.apache.ibatis.executor.SimpleExecutor.doQuery(SimpleExecutor.java:65)
	at org.apache.ibatis.executor.BaseExecutor.queryFromDatabase(BaseExecutor.java:336)
	at org.apache.ibatis.executor.BaseExecutor.query(BaseExecutor.java:158)
	at org.apache.ibatis.executor.CachingExecutor.query(CachingExecutor.java:110)
	at com.github.pagehelper.util.ExecutorUtil.pageQuery(ExecutorUtil.java:215)
	at com.github.pagehelper.PageInterceptor.intercept(PageInterceptor.java:161)
	at org.apache.ibatis.plugin.Plugin.invoke(Plugin.java:59)
	at jdk.proxy2/jdk.proxy2.$Proxy99.query(Unknown Source)
	at org.apache.ibatis.session.defaults.DefaultSqlSession.selectList(DefaultSqlSession.java:154)
	at org.apache.ibatis.session.defaults.DefaultSqlSession.selectList(DefaultSqlSession.java:147)
	at org.apache.ibatis.session.defaults.DefaultSqlSession.selectList(DefaultSqlSession.java:142)
	at java.base/jdk.internal.reflect.NativeMethodAccessorImpl.invoke0(Native Method)
	at java.base/jdk.internal.reflect.NativeMethodAccessorImpl.invoke(NativeMethodAccessorImpl.java:77)
	at java.base/jdk.internal.reflect.DelegatingMethodAccessorImpl.invoke(DelegatingMethodAccessorImpl.java:43)
	at java.base/java.lang.reflect.Method.invoke(Method.java:569)
	at org.mybatis.spring.SqlSessionTemplate$SqlSessionInterceptor.invoke(SqlSessionTemplate.java:348)
	... 98 common frames omitted
2026-08-27 14:54:32.890 [main] [] INFO  o.e.s.StudentSystemApplication - Starting StudentSystemApplication using Java 26.0.1 with PID 18855 (/Users/mark/Desktop/JavaStudent/target/classes started by mark in /Users/mark/Desktop/JavaStudent)
2026-08-27 14:54:32.890 [main] [] INFO  o.e.s.StudentSystemApplication - The following 1 profile is active: "dev"
2026-08-27 14:54:32.948 [background-preinit] [] INFO  o.h.validator.internal.util.Version - HV000001: Hibernate Validator 9.0.1.Final
2026-08-27 14:54:33.094 [main] [] INFO  o.s.d.r.c.RepositoryConfigurationDelegate - Multiple Spring Data modules found, entering strict repository configuration mode
2026-08-27 14:54:33.094 [main] [] INFO  o.s.d.r.c.RepositoryConfigurationDelegate - Bootstrapping Spring Data Redis repositories in DEFAULT mode.
2026-08-27 14:54:33.102 [main] [] INFO  o.s.d.r.c.RepositoryConfigurationDelegate - Finished Spring Data repository scanning in 2 ms. Found 0 Redis repository interfaces.
2026-08-27 14:54:33.128 [main] [] DEBUG o.apache.ibatis.logging.LogFactory - Logging initialized using 'class org.apache.ibatis.logging.slf4j.Slf4jImpl' adapter.
2026-08-27 14:54:33.342 [main] [] INFO  o.s.boot.tomcat.TomcatWebServer - Tomcat initialized with port 8081 (http)
2026-08-27 14:54:33.347 [main] [] INFO  o.a.coyote.http11.Http11NioProtocol - Initializing ProtocolHandler ["http-nio-8081"]
2026-08-27 14:54:33.348 [main] [] INFO  o.a.catalina.core.StandardService - Starting service [Tomcat]
2026-08-27 14:54:33.348 [main] [] INFO  o.a.catalina.core.StandardEngine - Starting Servlet engine: [Apache Tomcat/11.0.21]
2026-08-27 14:54:33.372 [main] [] INFO  o.s.b.w.c.s.WebApplicationContextInitializer - Root WebApplicationContext: initialization completed in 469 ms
2026-08-27 14:54:33.435 [main] [] DEBUG o.apache.ibatis.logging.LogFactory - Logging initialized using 'class org.apache.ibatis.logging.slf4j.Slf4jImpl' adapter.
2026-08-27 14:54:33.646 [main] [] WARN  i.n.r.d.DnsServerAddressStreamProviders - Can not find io.netty.resolver.dns.macos.MacOSDnsServerAddressStreamProvider in the classpath, fallback to system defaults. This may result in incorrect DNS resolutions on MacOS. Check whether you have a dependency on 'io.netty:netty-resolver-dns-native-macos'
2026-08-27 14:54:33.781 [main] [] INFO  o.a.coyote.http11.Http11NioProtocol - Starting ProtocolHandler ["http-nio-8081"]
2026-08-27 14:54:33.788 [main] [] WARN  o.s.b.w.s.s.c.AnnotationConfigServletWebServerApplicationContext - Exception encountered during context initialization - cancelling refresh attempt: org.springframework.context.ApplicationContextException: Failed to start bean 'webServerStartStop'
2026-08-27 14:54:33.794 [main] [] INFO  o.s.b.a.l.ConditionEvaluationReportLogger - 

Error starting ApplicationContext. To display the condition evaluation report re-run your application with 'debug' enabled.
2026-08-27 14:54:33.797 [main] [] ERROR o.s.b.d.LoggingFailureAnalysisReporter - 

***************************
APPLICATION FAILED TO START
***************************

Description:

Web server failed to start. Port 8081 was already in use.

Action:

Identify and stop the process that's listening on port 8081 or configure this application to listen on another port.

2026-08-27 14:55:51.101 [main] [] INFO  o.e.s.StudentSystemApplication - Starting StudentSystemApplication using Java 26.0.1 with PID 19042 (/Users/mark/Desktop/JavaStudent/target/classes started by mark in /Users/mark/Desktop/JavaStudent)
2026-08-27 14:55:51.101 [main] [] INFO  o.e.s.StudentSystemApplication - The following 1 profile is active: "dev"
2026-08-27 14:55:51.151 [background-preinit] [] INFO  o.h.validator.internal.util.Version - HV000001: Hibernate Validator 9.0.1.Final
2026-08-27 14:55:51.283 [main] [] INFO  o.s.d.r.c.RepositoryConfigurationDelegate - Multiple Spring Data modules found, entering strict repository configuration mode
2026-08-27 14:55:51.284 [main] [] INFO  o.s.d.r.c.RepositoryConfigurationDelegate - Bootstrapping Spring Data Redis repositories in DEFAULT mode.
2026-08-27 14:55:51.290 [main] [] INFO  o.s.d.r.c.RepositoryConfigurationDelegate - Finished Spring Data repository scanning in 2 ms. Found 0 Redis repository interfaces.
2026-08-27 14:55:51.314 [main] [] DEBUG o.apache.ibatis.logging.LogFactory - Logging initialized using 'class org.apache.ibatis.logging.slf4j.Slf4jImpl' adapter.
2026-08-27 14:55:51.505 [main] [] INFO  o.s.boot.tomcat.TomcatWebServer - Tomcat initialized with port 8081 (http)
2026-08-27 14:55:51.508 [main] [] INFO  o.a.coyote.http11.Http11NioProtocol - Initializing ProtocolHandler ["http-nio-8081"]
2026-08-27 14:55:51.509 [main] [] INFO  o.a.catalina.core.StandardService - Starting service [Tomcat]
2026-08-27 14:55:51.509 [main] [] INFO  o.a.catalina.core.StandardEngine - Starting Servlet engine: [Apache Tomcat/11.0.21]
2026-08-27 14:55:51.525 [main] [] INFO  o.s.b.w.c.s.WebApplicationContextInitializer - Root WebApplicationContext: initialization completed in 412 ms
2026-08-27 14:55:51.585 [main] [] DEBUG o.apache.ibatis.logging.LogFactory - Logging initialized using 'class org.apache.ibatis.logging.slf4j.Slf4jImpl' adapter.
2026-08-27 14:55:51.780 [main] [] WARN  i.n.r.d.DnsServerAddressStreamProviders - Can not find io.netty.resolver.dns.macos.MacOSDnsServerAddressStreamProvider in the classpath, fallback to system defaults. This may result in incorrect DNS resolutions on MacOS. Check whether you have a dependency on 'io.netty:netty-resolver-dns-native-macos'
2026-08-27 14:55:51.921 [main] [] INFO  o.a.coyote.http11.Http11NioProtocol - Starting ProtocolHandler ["http-nio-8081"]
2026-08-27 14:55:51.927 [main] [] INFO  o.s.boot.tomcat.TomcatWebServer - Tomcat started on port 8081 (http) with context path '/'
2026-08-27 14:55:51.929 [main] [] INFO  o.e.s.StudentSystemApplication - Started StudentSystemApplication in 0.973 seconds (process running for 1.076)
2026-08-27 14:55:57.538 [http-nio-8081-exec-1] [] INFO  o.a.c.c.C.[Tomcat].[localhost].[/] - Initializing Spring DispatcherServlet 'dispatcherServlet'
2026-08-27 14:55:57.539 [http-nio-8081-exec-1] [] INFO  o.s.web.servlet.DispatcherServlet - Initializing Servlet 'dispatcherServlet'
2026-08-27 14:55:57.539 [http-nio-8081-exec-1] [] INFO  o.s.web.servlet.DispatcherServlet - Completed initialization in 0 ms
2026-08-27 14:55:57.599 [http-nio-8081-exec-1] [5b51227fa48942fd] INFO  o.e.s.aspect.WebLogAspect - 
══════════════════════════════════════════════════════════════
>>> 【API 请求】 GET /operation-log/list?pageNum=1&pageSize=2
    traceId : 5b51227fa48942fd
    client  : 127.0.0.1
    handler : OperationLogController.list
    headers : {
  "Host" : "127.0.0.1:8081",
  "User-Agent" : "curl/8.7.1",
  "Accept" : "*/*"
}
    args    : [ null, 1, 2 ]
══════════════════════════════════════════════════════════════

2026-08-27 14:55:57.600 [http-nio-8081-exec-1] [5b51227fa48942fd] INFO  o.e.s.aspect.ServiceLogAspect -     ▶ 【Service 进入】 OperationLogServiceImpl.list
        args :
    [ null, 1, 2 ]

2026-08-27 14:55:57.638 [http-nio-8081-exec-1] [5b51227fa48942fd] INFO  com.zaxxer.hikari.HikariDataSource - HikariPool-1 - Starting...
2026-08-27 14:55:57.751 [http-nio-8081-exec-1] [5b51227fa48942fd] INFO  com.zaxxer.hikari.pool.HikariPool - HikariPool-1 - Added connection com.mysql.cj.jdbc.ConnectionImpl@6932233e
2026-08-27 14:55:57.751 [http-nio-8081-exec-1] [5b51227fa48942fd] INFO  com.zaxxer.hikari.HikariDataSource - HikariPool-1 - Start completed.
2026-08-27 14:55:57.754 [http-nio-8081-exec-1] [5b51227fa48942fd] DEBUG o.e.s.m.O.list_COUNT - ==>  Preparing: SELECT count(0) FROM operation_log
2026-08-27 14:55:57.761 [http-nio-8081-exec-1] [5b51227fa48942fd] DEBUG o.e.s.m.O.list_COUNT - ==> Parameters: 
2026-08-27 14:55:57.768 [http-nio-8081-exec-1] [5b51227fa48942fd] DEBUG o.e.s.m.O.list_COUNT - <==      Total: 1
2026-08-27 14:55:57.770 [http-nio-8081-exec-1] [5b51227fa48942fd] DEBUG o.e.s.mapper.OperationLogMapper.list - ==>  Preparing: SELECT id, operation, request_url AS requestUrl, http_method AS httpMethod, class_method AS classMethod, ip, token, user_id AS userId, user_name AS userName, params, result, cost_time AS costTime, create_time AS createTime FROM operation_log ORDER BY create_time DESC LIMIT ?
2026-08-27 14:55:57.771 [http-nio-8081-exec-1] [5b51227fa48942fd] DEBUG o.e.s.mapper.OperationLogMapper.list - ==> Parameters: 2(Integer)
2026-08-27 14:55:57.773 [http-nio-8081-exec-1] [5b51227fa48942fd] DEBUG o.e.s.mapper.OperationLogMapper.list - <==      Total: 2
2026-08-27 14:55:57.781 [http-nio-8081-exec-1] [5b51227fa48942fd] INFO  o.e.s.aspect.ServiceLogAspect -     ◀ 【Service 完成】 OperationLogServiceImpl.list | 173ms
        result :
    PageInfo{pageNum=1, pageSize=2, size=2, startRow=1, endRow=2, total=26, pages=13, list=Page{count=true, pageNum=1, pageSize=2, startRow=0, endRow=2, total=26, pages=13, reasonable=false, pageSizeZero=false}[OperationLog(id=26, operation=通过ID查询教师信息, requestUrl=http://127.0.0.1:8081/teacher/info/1001, httpMethod=GET, classMethod=TeacherController.getTeacher(..), ip=127.0.0.1, token=Bearer eyJhbGciOiJIUzI1NiJ9.eyJzdWIiOiIxMjMxMjMxMiIsInVzZXJOYW1lIjoi5ZCN5a2XNi4yNC4xIiwiaWF0IjoxNzgyMjg0NzExLCJleHAiOjE3ODIzNzExMTF9.WSzjH6GiA-oeAx_BRe6PSYNqmtZZwcniPfbw7zpZZjs, userId=12312312, userName=名字6.24.1, params=[1001], result={"code":200,"content":{"age":17,"id":1001,"name":"1001","years":18},"message":"success"}, costTime=6, createTime=2026-06-24T15:35:42), OperationLog(id=25, operation=通过ID查询教师信息, requestUrl=http://127.0.0.1:8081/teacher/info/1001, httpMethod=GET, classMethod=TeacherController.getTeacher(..), ip=127.0.0.1, token=Bearer eyJhbGciOiJIUzI1NiJ9.eyJzdWIiOiIxMjMxMjMxMiIsInVzZXJOYW1lIjoi5ZCN5a2XNi4yNC4xIiwiaWF0IjoxNzgyMjg0NzExLCJleHAiOjE3ODIzNzExMTF9.WSzjH6GiA-oeAx_BRe6PSYNqmtZZwcniPfbw7zpZZjs, userId=12312312, userName=名字6.24.1, params=[1001], result={"code":200,"content":{"age":17,"id":1001,"name":"1001","years":18},"message":"success"}, costTime=31, createTime=2026-06-24T15:35:39)], prePage=0, nextPage=2, isFirstPage=true, isLastPage=false, hasPreviousPage=false, hasNextPage=true, navigatePages=8, navigateFirstPage=1, navigateLastPage=8, navigatepageNums=[1, 2, 3, 4, 5, 6, 7, 8]}

2026-08-27 14:55:57.782 [http-nio-8081-exec-1] [5b51227fa48942fd] INFO  o.e.s.aspect.WebLogAspect - 
══════════════════════════════════════════════════════════════
<<< 【API 响应】 OperationLogController.list | 228ms
    result :
PHResult(code=200, message=success, content=PageInfo{pageNum=1, pageSize=2, size=2, startRow=1, endRow=2, total=26, pages=13, list=Page{count=true, pageNum=1, pageSize=2, startRow=0, endRow=2, total=26, pages=13, reasonable=false, pageSizeZero=false}[OperationLog(id=26, operation=通过ID查询教师信息, requestUrl=http://127.0.0.1:8081/teacher/info/1001, httpMethod=GET, classMethod=TeacherController.getTeacher(..), ip=127.0.0.1, token=Bearer eyJhbGciOiJIUzI1NiJ9.eyJzdWIiOiIxMjMxMjMxMiIsInVzZXJOYW1lIjoi5ZCN5a2XNi4yNC4xIiwiaWF0IjoxNzgyMjg0NzExLCJleHAiOjE3ODIzNzExMTF9.WSzjH6GiA-oeAx_BRe6PSYNqmtZZwcniPfbw7zpZZjs, userId=12312312, userName=名字6.24.1, params=[1001], result={"code":200,"content":{"age":17,"id":1001,"name":"1001","years":18},"message":"success"}, costTime=6, createTime=2026-06-24T15:35:42), OperationLog(id=25, operation=通过ID查询教师信息, requestUrl=http://127.0.0.1:8081/teacher/info/1001, httpMethod=GET, classMethod=TeacherController.getTeacher(..), ip=127.0.0.1, token=Bearer eyJhbGciOiJIUzI1NiJ9.eyJzdWIiOiIxMjMxMjMxMiIsInVzZXJOYW1lIjoi5ZCN5a2XNi4yNC4xIiwiaWF0IjoxNzgyMjg0NzExLCJleHAiOjE3ODIzNzExMTF9.WSzjH6GiA-oeAx_BRe6PSYNqmtZZwcniPfbw7zpZZjs, userId=12312312, userName=名字6.24.1, params=[1001], result={"code":200,"content":{"age":17,"id":1001,"name":"1001","years":18},"message":"success"}, costTime=31, createTime=2026-06-24T15:35:39)], prePage=0, nextPage=2, isFirstPage=true, isLastPage=false, hasPreviousPage=false, hasNextPage=true, navigatePages=8, navigateFirstPage=1, navigateLastPage=8, navigatepageNums=[1, 2, 3, 4, 5, 6, 7, 8]})
══════════════════════════════════════════════════════════════

2026-08-27 14:58:57.104 [main] [] INFO  o.e.s.StudentSystemApplication - Starting StudentSystemApplication using Java 26.0.1 with PID 19536 (/Users/mark/Desktop/JavaStudent/target/classes started by mark in /Users/mark/Desktop/JavaStudent)
2026-08-27 14:58:57.105 [main] [] INFO  o.e.s.StudentSystemApplication - The following 1 profile is active: "dev"
2026-08-27 14:58:57.161 [background-preinit] [] INFO  o.h.validator.internal.util.Version - HV000001: Hibernate Validator 9.0.1.Final
2026-08-27 14:58:57.303 [main] [] INFO  o.s.d.r.c.RepositoryConfigurationDelegate - Multiple Spring Data modules found, entering strict repository configuration mode
2026-08-27 14:58:57.304 [main] [] INFO  o.s.d.r.c.RepositoryConfigurationDelegate - Bootstrapping Spring Data Redis repositories in DEFAULT mode.
2026-08-27 14:58:57.312 [main] [] INFO  o.s.d.r.c.RepositoryConfigurationDelegate - Finished Spring Data repository scanning in 2 ms. Found 0 Redis repository interfaces.
2026-08-27 14:58:57.339 [main] [] DEBUG o.apache.ibatis.logging.LogFactory - Logging initialized using 'class org.apache.ibatis.logging.slf4j.Slf4jImpl' adapter.
2026-08-27 14:58:57.539 [main] [] INFO  o.s.boot.tomcat.TomcatWebServer - Tomcat initialized with port 8081 (http)
2026-08-27 14:58:57.543 [main] [] INFO  o.a.coyote.http11.Http11NioProtocol - Initializing ProtocolHandler ["http-nio-8081"]
2026-08-27 14:58:57.543 [main] [] INFO  o.a.catalina.core.StandardService - Starting service [Tomcat]
2026-08-27 14:58:57.543 [main] [] INFO  o.a.catalina.core.StandardEngine - Starting Servlet engine: [Apache Tomcat/11.0.21]
2026-08-27 14:58:57.560 [main] [] INFO  o.s.b.w.c.s.WebApplicationContextInitializer - Root WebApplicationContext: initialization completed in 442 ms
2026-08-27 14:58:57.622 [main] [] DEBUG o.apache.ibatis.logging.LogFactory - Logging initialized using 'class org.apache.ibatis.logging.slf4j.Slf4jImpl' adapter.
2026-08-27 14:58:57.819 [main] [] WARN  i.n.r.d.DnsServerAddressStreamProviders - Can not find io.netty.resolver.dns.macos.MacOSDnsServerAddressStreamProvider in the classpath, fallback to system defaults. This may result in incorrect DNS resolutions on MacOS. Check whether you have a dependency on 'io.netty:netty-resolver-dns-native-macos'
2026-08-27 14:58:57.956 [main] [] INFO  o.a.coyote.http11.Http11NioProtocol - Starting ProtocolHandler ["http-nio-8081"]
2026-08-27 14:58:57.962 [main] [] INFO  o.s.boot.tomcat.TomcatWebServer - Tomcat started on port 8081 (http) with context path '/'
2026-08-27 14:58:57.964 [main] [] INFO  o.e.s.StudentSystemApplication - Started StudentSystemApplication in 1.01 seconds (process running for 1.116)
2026-08-27 14:59:02.901 [http-nio-8081-exec-1] [] INFO  o.a.c.c.C.[Tomcat].[localhost].[/] - Initializing Spring DispatcherServlet 'dispatcherServlet'
2026-08-27 14:59:02.901 [http-nio-8081-exec-1] [] INFO  o.s.web.servlet.DispatcherServlet - Initializing Servlet 'dispatcherServlet'
2026-08-27 14:59:02.902 [http-nio-8081-exec-1] [] INFO  o.s.web.servlet.DispatcherServlet - Completed initialization in 1 ms
2026-08-27 14:59:02.982 [http-nio-8081-exec-1] [11c31d30d77444c8] INFO  o.e.s.aspect.WebLogAspect - 
══════════════════════════════════════════════════════════════
>>> 【API 请求】 POST /teacher/insert
    traceId : 11c31d30d77444c8
    client  : 127.0.0.1
    handler : TeacherController.insertTeacher
    headers : {
  "Host" : "127.0.0.1:8081",
  "User-Agent" : "curl/8.7.1",
  "Accept" : "*/*",
  "Content-Type" : "application/json",
  "Content-Length" : "55"
}
    args    : [ {
  "id" : 3001,
  "name" : "教师3001",
  "gender" : "男",
  "age" : 35
} ]
══════════════════════════════════════════════════════════════

2026-08-27 14:59:02.982 [http-nio-8081-exec-1] [11c31d30d77444c8] INFO  o.e.s.aspect.ServiceLogAspect -     ▶ 【Service 进入】 TeacherServiceImpl.insertTeacherInfo
        args :
    [ {
  "id" : 3001,
  "name" : "教师3001",
  "gender" : "男",
  "age" : 35
} ]

2026-08-27 14:59:02.987 [http-nio-8081-exec-1] [11c31d30d77444c8] INFO  com.zaxxer.hikari.HikariDataSource - HikariPool-1 - Starting...
2026-08-27 14:59:03.095 [http-nio-8081-exec-1] [11c31d30d77444c8] INFO  com.zaxxer.hikari.pool.HikariPool - HikariPool-1 - Added connection com.mysql.cj.jdbc.ConnectionImpl@7cc4fc0d
2026-08-27 14:59:03.095 [http-nio-8081-exec-1] [11c31d30d77444c8] INFO  com.zaxxer.hikari.HikariDataSource - HikariPool-1 - Start completed.
2026-08-27 14:59:03.098 [http-nio-8081-exec-1] [11c31d30d77444c8] DEBUG o.e.s.mapper.TeacherMapper.listById - ==>  Preparing: SELECT id, name, age, gender FROM teacher WHERE id = ? ORDER BY id
2026-08-27 14:59:03.106 [http-nio-8081-exec-1] [11c31d30d77444c8] DEBUG o.e.s.mapper.TeacherMapper.listById - ==> Parameters: 3001(Integer)
2026-08-27 14:59:03.113 [http-nio-8081-exec-1] [11c31d30d77444c8] DEBUG o.e.s.mapper.TeacherMapper.listById - <==      Total: 0
2026-08-27 14:59:03.114 [http-nio-8081-exec-1] [11c31d30d77444c8] DEBUG o.e.s.m.T.insertTeacherInfo - ==>  Preparing: INSERT INTO teacher (id, name, age, gender) VALUES (?, ?, ?, ?)
2026-08-27 14:59:03.115 [http-nio-8081-exec-1] [11c31d30d77444c8] DEBUG o.e.s.m.T.insertTeacherInfo - ==> Parameters: 3001(Integer), 教师3001(String), 35(Integer), 男(String)
2026-08-27 14:59:03.118 [http-nio-8081-exec-1] [11c31d30d77444c8] DEBUG o.e.s.m.T.insertTeacherInfo - <==    Updates: 1
2026-08-27 14:59:03.118 [http-nio-8081-exec-1] [11c31d30d77444c8] INFO  o.e.s.aspect.ServiceLogAspect -     ◀ 【Service 完成】 TeacherServiceImpl.insertTeacherInfo | 136ms
        result :
    true

2026-08-27 14:59:03.118 [http-nio-8081-exec-1] [11c31d30d77444c8] INFO  o.e.s.aspect.WebLogAspect - 
══════════════════════════════════════════════════════════════
<<< 【API 响应】 TeacherController.insertTeacher | 137ms
    result :
{
  "code" : 200,
  "message" : "success",
  "content" : true
}
══════════════════════════════════════════════════════════════

2026-08-27 14:59:03.122 [task-1] [] INFO  o.e.s.aspect.ServiceLogAspect -     ▶ 【Service 进入】 OperationLogServiceImpl.saveAsync
        args :
    [OperationLog(id=null, traceId=11c31d30d77444c8, module=teacher, operation=INSERT, description=新增教师, method=TeacherController.insertTeacher, requestUrl=http://127.0.0.1:8081/teacher/insert, httpMethod=POST, requestParams=[ {
  "id" : 3001,
  "name" : "教师3001",
  "gender" : "男",
  "age" : 35
} ], responseBody={
  "code" : 200,
  "message" : "success",
  "content" : true
}, responseCode=200, operatorName=anonymous, clientIp=127.0.0.1, costMs=180, status=1, errorMsg=null, createdAt=2026-08-27T14:59:03.119038)]

2026-08-27 14:59:03.122 [task-1] [] DEBUG o.e.s.m.OperationLogMapper.insert - ==>  Preparing: INSERT INTO operation_log ( trace_id, module, operation, description, method, request_url, http_method, request_params, response_body, response_code, operator_name, client_ip, cost_ms, status, error_msg, created_at ) VALUES ( ?, ?, ?, ?, ?, ?, ?, ?, ?, ?, ?, ?, ?, ?, ?, ? )
2026-08-27 14:59:03.123 [task-1] [] DEBUG o.e.s.m.OperationLogMapper.insert - ==> Parameters: 11c31d30d77444c8(String), teacher(String), INSERT(String), 新增教师(String), TeacherController.insertTeacher(String), http://127.0.0.1:8081/teacher/insert(String), POST(String), [ {
  "id" : 3001,
  "name" : "教师3001",
  "gender" : "男",
  "age" : 35
} ](String), {
  "code" : 200,
  "message" : "success",
  "content" : true
}(String), 200(Integer), anonymous(String), 127.0.0.1(String), 180(Integer), 1(Integer), null, 2026-08-27T14:59:03.119038(LocalDateTime)
2026-08-27 14:59:03.124 [task-1] [] DEBUG o.e.s.m.OperationLogMapper.insert - <==    Updates: 1
2026-08-27 14:59:03.124 [task-1] [] INFO  o.e.s.s.impl.OperationLogServiceImpl - 审计日志已写入数据库, module=teacher, operation=INSERT, status=1
2026-08-27 14:59:03.124 [task-1] [] INFO  o.e.s.aspect.ServiceLogAspect -     ◀ 【Service 完成】 OperationLogServiceImpl.saveAsync | 5ms
        result :
    null

2026-08-27 14:59:04.159 [http-nio-8081-exec-2] [dce19be597c349e7] INFO  o.e.s.aspect.WebLogAspect - 
══════════════════════════════════════════════════════════════
>>> 【API 请求】 GET /operation-log/list?pageNum=1&pageSize=1
    traceId : dce19be597c349e7
    client  : 127.0.0.1
    handler : OperationLogController.list
    headers : {
  "Host" : "127.0.0.1:8081",
  "User-Agent" : "curl/8.7.1",
  "Accept" : "*/*"
}
    args    : [ null, null, 1, 1 ]
══════════════════════════════════════════════════════════════

2026-08-27 14:59:04.160 [http-nio-8081-exec-2] [dce19be597c349e7] INFO  o.e.s.aspect.ServiceLogAspect -     ▶ 【Service 进入】 OperationLogServiceImpl.list
        args :
    [ null, null, 1, 1 ]

2026-08-27 14:59:04.204 [http-nio-8081-exec-2] [dce19be597c349e7] DEBUG o.e.s.m.O.list_COUNT - ==>  Preparing: SELECT count(0) FROM operation_log
2026-08-27 14:59:04.204 [http-nio-8081-exec-2] [dce19be597c349e7] DEBUG o.e.s.m.O.list_COUNT - ==> Parameters: 
2026-08-27 14:59:04.205 [http-nio-8081-exec-2] [dce19be597c349e7] DEBUG o.e.s.m.O.list_COUNT - <==      Total: 1
2026-08-27 14:59:04.206 [http-nio-8081-exec-2] [dce19be597c349e7] DEBUG o.e.s.mapper.OperationLogMapper.list - ==>  Preparing: SELECT id, trace_id AS traceId, module, operation, description, method, request_url AS requestUrl, http_method AS httpMethod, request_params AS requestParams, response_body AS responseBody, response_code AS responseCode, operator_name AS operatorName, client_ip AS clientIp, cost_ms AS costMs, status, error_msg AS errorMsg, created_at AS createdAt FROM operation_log ORDER BY created_at DESC LIMIT ?
2026-08-27 14:59:04.206 [http-nio-8081-exec-2] [dce19be597c349e7] DEBUG o.e.s.mapper.OperationLogMapper.list - ==> Parameters: 1(Integer)
2026-08-27 14:59:04.208 [http-nio-8081-exec-2] [dce19be597c349e7] DEBUG o.e.s.mapper.OperationLogMapper.list - <==      Total: 1
2026-08-27 14:59:04.212 [http-nio-8081-exec-2] [dce19be597c349e7] INFO  o.e.s.aspect.ServiceLogAspect -     ◀ 【Service 完成】 OperationLogServiceImpl.list | 49ms
        result :
    PageInfo{pageNum=1, pageSize=1, size=1, startRow=1, endRow=1, total=1, pages=1, list=Page{count=true, pageNum=1, pageSize=1, startRow=0, endRow=1, total=1, pages=1, reasonable=false, pageSizeZero=false}[OperationLog(id=1, traceId=11c31d30d77444c8, module=teacher, operation=INSERT, description=新增教师, method=TeacherController.insertTeacher, requestUrl=http://127.0.0.1:8081/teacher/insert, httpMethod=POST, requestParams=[ {
  "id" : 3001,
  "name" : "教师3001",
  "gender" : "男",
  "age" : 35
} ], responseBody={
  "code" : 200,
  "message" : "success",
  "content" : true
}, responseCode=200, operatorName=anonymous, clientIp=127.0.0.1, costMs=180, status=1, errorMsg=null, createdAt=2026-08-27T14:59:03)], prePage=0, nextPage=0, isFirstPage=true, isLastPage=true, hasPreviousPage=false, hasNextPage=false, navigatePages=8, navigateFirstPage=1, navigateLastPage=1, navigatepageNums=[1]}

2026-08-27 14:59:04.212 [http-nio-8081-exec-2] [dce19be597c349e7] INFO  o.e.s.aspect.WebLogAspect - 
══════════════════════════════════════════════════════════════
<<< 【API 响应】 OperationLogController.list | 54ms
    result :
PHResult(code=200, message=success, content=PageInfo{pageNum=1, pageSize=1, size=1, startRow=1, endRow=1, total=1, pages=1, list=Page{count=true, pageNum=1, pageSize=1, startRow=0, endRow=1, total=1, pages=1, reasonable=false, pageSizeZero=false}[OperationLog(id=1, traceId=11c31d30d77444c8, module=teacher, operation=INSERT, description=新增教师, method=TeacherController.insertTeacher, requestUrl=http://127.0.0.1:8081/teacher/insert, httpMethod=POST, requestParams=[ {
  "id" : 3001,
  "name" : "教师3001",
  "gender" : "男",
  "age" : 35
} ], responseBody={
  "code" : 200,
  "message" : "success",
  "content" : true
}, responseCode=200, operatorName=anonymous, clientIp=127.0.0.1, costMs=180, status=1, errorMsg=null, createdAt=2026-08-27T14:59:03)], prePage=0, nextPage=0, isFirstPage=true, isLastPage=true, hasPreviousPage=false, hasNextPage=false, navigatePages=8, navigateFirstPage=1, navigateLastPage=1, navigatepageNums=[1]})
══════════════════════════════════════════════════════════════

2026-08-27 15:01:18.520 [http-nio-8081-exec-4] [38854a30522a4e2a] INFO  o.e.s.aspect.WebLogAspect - 
══════════════════════════════════════════════════════════════
>>> 【API 请求】 GET /operation-log/list?module=teacher&operation=INSERT
    traceId : 38854a30522a4e2a
    client  : 127.0.0.1
    handler : OperationLogController.list
    headers : {
  "User-Agent" : "PostmanRuntime/7.56.1",
  "Accept" : "*/*",
  "Postman-Token" : "753824cc-5dcd-45e6-8efc-6f41daa12197",
  "Host" : "127.0.0.1:8081",
  "Accept-Encoding" : "gzip, deflate, br",
  "Connection" : "keep-alive"
}
    args    : [ "teacher", "INSERT", 1, 10 ]
══════════════════════════════════════════════════════════════

2026-08-27 15:01:18.521 [http-nio-8081-exec-4] [38854a30522a4e2a] INFO  o.e.s.aspect.ServiceLogAspect -     ▶ 【Service 进入】 OperationLogServiceImpl.list
        args :
    [ "teacher", "INSERT", 1, 10 ]

2026-08-27 15:01:18.532 [http-nio-8081-exec-4] [38854a30522a4e2a] DEBUG o.e.s.m.O.list_COUNT - ==>  Preparing: SELECT count(0) FROM operation_log WHERE module = ? AND operation = ?
2026-08-27 15:01:18.532 [http-nio-8081-exec-4] [38854a30522a4e2a] DEBUG o.e.s.m.O.list_COUNT - ==> Parameters: teacher(String), INSERT(String)
2026-08-27 15:01:18.533 [http-nio-8081-exec-4] [38854a30522a4e2a] DEBUG o.e.s.m.O.list_COUNT - <==      Total: 1
2026-08-27 15:01:18.534 [http-nio-8081-exec-4] [38854a30522a4e2a] DEBUG o.e.s.mapper.OperationLogMapper.list - ==>  Preparing: SELECT id, trace_id AS traceId, module, operation, description, method, request_url AS requestUrl, http_method AS httpMethod, request_params AS requestParams, response_body AS responseBody, response_code AS responseCode, operator_name AS operatorName, client_ip AS clientIp, cost_ms AS costMs, status, error_msg AS errorMsg, created_at AS createdAt FROM operation_log WHERE module = ? AND operation = ? ORDER BY created_at DESC LIMIT ?
2026-08-27 15:01:18.534 [http-nio-8081-exec-4] [38854a30522a4e2a] DEBUG o.e.s.mapper.OperationLogMapper.list - ==> Parameters: teacher(String), INSERT(String), 10(Integer)
2026-08-27 15:01:18.536 [http-nio-8081-exec-4] [38854a30522a4e2a] DEBUG o.e.s.mapper.OperationLogMapper.list - <==      Total: 1
2026-08-27 15:01:18.536 [http-nio-8081-exec-4] [38854a30522a4e2a] INFO  o.e.s.aspect.ServiceLogAspect -     ◀ 【Service 完成】 OperationLogServiceImpl.list | 15ms
        result :
    PageInfo{pageNum=1, pageSize=10, size=1, startRow=1, endRow=1, total=1, pages=1, list=Page{count=true, pageNum=1, pageSize=10, startRow=0, endRow=10, total=1, pages=1, reasonable=false, pageSizeZero=false}[OperationLog(id=1, traceId=11c31d30d77444c8, module=teacher, operation=INSERT, description=新增教师, method=TeacherController.insertTeacher, requestUrl=http://127.0.0.1:8081/teacher/insert, httpMethod=POST, requestParams=[ {
  "id" : 3001,
  "name" : "教师3001",
  "gender" : "男",
  "age" : 35
} ], responseBody={
  "code" : 200,
  "message" : "success",
  "content" : true
}, responseCode=200, operatorName=anonymous, clientIp=127.0.0.1, costMs=180, status=1, errorMsg=null, createdAt=2026-08-27T14:59:03)], prePage=0, nextPage=0, isFirstPage=true, isLastPage=true, hasPreviousPage=false, hasNextPage=false, navigatePages=8, navigateFirstPage=1, navigateLastPage=1, navigatepageNums=[1]}

2026-08-27 15:01:18.537 [http-nio-8081-exec-4] [38854a30522a4e2a] INFO  o.e.s.aspect.WebLogAspect - 
══════════════════════════════════════════════════════════════
<<< 【API 响应】 OperationLogController.list | 16ms
    result :
PHResult(code=200, message=success, content=PageInfo{pageNum=1, pageSize=10, size=1, startRow=1, endRow=1, total=1, pages=1, list=Page{count=true, pageNum=1, pageSize=10, startRow=0, endRow=10, total=1, pages=1, reasonable=false, pageSizeZero=false}[OperationLog(id=1, traceId=11c31d30d77444c8, module=teacher, operation=INSERT, description=新增教师, method=TeacherController.insertTeacher, requestUrl=http://127.0.0.1:8081/teacher/insert, httpMethod=POST, requestParams=[ {
  "id" : 3001,
  "name" : "教师3001",
  "gender" : "男",
  "age" : 35
} ], responseBody={
  "code" : 200,
  "message" : "success",
  "content" : true
}, responseCode=200, operatorName=anonymous, clientIp=127.0.0.1, costMs=180, status=1, errorMsg=null, createdAt=2026-08-27T14:59:03)], prePage=0, nextPage=0, isFirstPage=true, isLastPage=true, hasPreviousPage=false, hasNextPage=false, navigatePages=8, navigateFirstPage=1, navigateLastPage=1, navigatepageNums=[1]})
══════════════════════════════════════════════════════════════

2026-08-31 15:42:22.191 [main] [] INFO  o.e.s.StudentSystemApplication - Starting StudentSystemApplication using Java 26 with PID 3466 (/Users/hepan/Desktop/java/target/classes started by hepan in /Users/hepan/Desktop/java)
2026-08-31 15:42:22.193 [main] [] INFO  o.e.s.StudentSystemApplication - No active profile set, falling back to 1 default profile: "default"
2026-08-31 15:42:22.269 [background-preinit] [] INFO  o.h.validator.internal.util.Version - HV000001: Hibernate Validator 9.0.1.Final
2026-08-31 15:42:22.449 [main] [] INFO  o.s.d.r.c.RepositoryConfigurationDelegate - Multiple Spring Data modules found, entering strict repository configuration mode
2026-08-31 15:42:22.449 [main] [] INFO  o.s.d.r.c.RepositoryConfigurationDelegate - Bootstrapping Spring Data Redis repositories in DEFAULT mode.
2026-08-31 15:42:22.457 [main] [] INFO  o.s.d.r.c.RepositoryConfigurationDelegate - Finished Spring Data repository scanning in 2 ms. Found 0 Redis repository interfaces.
2026-08-31 15:42:22.489 [main] [] DEBUG o.apache.ibatis.logging.LogFactory - Logging initialized using 'class org.apache.ibatis.logging.slf4j.Slf4jImpl' adapter.
2026-08-31 15:42:22.736 [main] [] INFO  o.s.boot.tomcat.TomcatWebServer - Tomcat initialized with port 8081 (http)
2026-08-31 15:42:22.741 [main] [] INFO  o.a.coyote.http11.Http11NioProtocol - Initializing ProtocolHandler ["http-nio-8081"]
2026-08-31 15:42:22.742 [main] [] INFO  o.a.catalina.core.StandardService - Starting service [Tomcat]
2026-08-31 15:42:22.742 [main] [] INFO  o.a.catalina.core.StandardEngine - Starting Servlet engine: [Apache Tomcat/11.0.21]
2026-08-31 15:42:22.763 [main] [] INFO  o.s.b.w.c.s.WebApplicationContextInitializer - Root WebApplicationContext: initialization completed in 553 ms
2026-08-31 15:42:23.099 [main] [] WARN  i.n.r.d.DnsServerAddressStreamProviders - Can not find io.netty.resolver.dns.macos.MacOSDnsServerAddressStreamProvider in the classpath, fallback to system defaults. This may result in incorrect DNS resolutions on MacOS. Check whether you have a dependency on 'io.netty:netty-resolver-dns-native-macos'
2026-08-31 15:42:23.255 [main] [] INFO  o.a.coyote.http11.Http11NioProtocol - Starting ProtocolHandler ["http-nio-8081"]
2026-08-31 15:42:23.264 [main] [] INFO  o.s.boot.tomcat.TomcatWebServer - Tomcat started on port 8081 (http) with context path '/'
2026-08-31 15:42:23.267 [main] [] INFO  o.e.s.StudentSystemApplication - Started StudentSystemApplication in 1.279 seconds (process running for 1.415)
2026-08-31 15:42:52.795 [http-nio-8081-exec-1] [] INFO  o.a.c.c.C.[Tomcat].[localhost].[/] - Initializing Spring DispatcherServlet 'dispatcherServlet'
2026-08-31 15:42:52.795 [http-nio-8081-exec-1] [] INFO  o.s.web.servlet.DispatcherServlet - Initializing Servlet 'dispatcherServlet'
2026-08-31 15:42:52.796 [http-nio-8081-exec-1] [] INFO  o.s.web.servlet.DispatcherServlet - Completed initialization in 1 ms
2026-08-31 15:42:52.850 [http-nio-8081-exec-1] [4f48c75d87ab4f21] ERROR o.e.s.common.GlobalExceptionHandler - 
══════════════════════════════════════════════════════════════
✖ 【系统异常】 traceId=4f48c75d87ab4f21
    detail :
"No static resource teacher/list for request '/teacher/list'."
══════════════════════════════════════════════════════════════

org.springframework.web.servlet.resource.NoResourceFoundException: No static resource teacher/list for request '/teacher/list'.
	at org.springframework.web.servlet.resource.ResourceHttpRequestHandler.handleRequest(ResourceHttpRequestHandler.java:526)
	at org.springframework.web.servlet.mvc.HttpRequestHandlerAdapter.handle(HttpRequestHandlerAdapter.java:50)
	at org.springframework.web.servlet.DispatcherServlet.doDispatch(DispatcherServlet.java:963)
	at org.springframework.web.servlet.DispatcherServlet.doService(DispatcherServlet.java:866)
	at org.springframework.web.servlet.FrameworkServlet.processRequest(FrameworkServlet.java:1000)
	at org.springframework.web.servlet.FrameworkServlet.doGet(FrameworkServlet.java:892)
	at jakarta.servlet.http.HttpServlet.service(HttpServlet.java:622)
	at org.springframework.web.servlet.FrameworkServlet.service(FrameworkServlet.java:874)
	at jakarta.servlet.http.HttpServlet.service(HttpServlet.java:710)
	at org.apache.catalina.core.ApplicationFilterChain.doFilter(ApplicationFilterChain.java:128)
	at org.apache.tomcat.websocket.server.WsFilter.doFilter(WsFilter.java:53)
	at org.apache.catalina.core.ApplicationFilterChain.doFilter(ApplicationFilterChain.java:107)
	at org.springframework.web.filter.RequestContextFilter.doFilterInternal(RequestContextFilter.java:100)
	at org.springframework.web.filter.OncePerRequestFilter.doFilter(OncePerRequestFilter.java:116)
	at org.apache.catalina.core.ApplicationFilterChain.doFilter(ApplicationFilterChain.java:107)
	at org.springframework.web.filter.FormContentFilter.doFilterInternal(FormContentFilter.java:93)
	at org.springframework.web.filter.OncePerRequestFilter.doFilter(OncePerRequestFilter.java:116)
	at org.apache.catalina.core.ApplicationFilterChain.doFilter(ApplicationFilterChain.java:107)
	at org.springframework.web.filter.CharacterEncodingFilter.doFilterInternal(CharacterEncodingFilter.java:199)
	at org.springframework.web.filter.OncePerRequestFilter.doFilter(OncePerRequestFilter.java:116)
	at org.apache.catalina.core.ApplicationFilterChain.doFilter(ApplicationFilterChain.java:107)
	at org.example.studentsystem.filter.TraceFilter.doFilter(TraceFilter.java:29)
	at org.apache.catalina.core.ApplicationFilterChain.doFilter(ApplicationFilterChain.java:107)
	at org.apache.catalina.core.StandardWrapperValve.invoke(StandardWrapperValve.java:165)
	at org.apache.catalina.core.StandardContextValve.invoke(StandardContextValve.java:77)
	at org.apache.catalina.authenticator.AuthenticatorBase.invoke(AuthenticatorBase.java:492)
	at org.apache.catalina.core.StandardHostValve.invoke(StandardHostValve.java:113)
	at org.apache.catalina.valves.ErrorReportValve.invoke(ErrorReportValve.java:83)
	at org.apache.catalina.core.StandardEngineValve.invoke(StandardEngineValve.java:72)
	at org.apache.catalina.connector.CoyoteAdapter.service(CoyoteAdapter.java:341)
	at org.apache.coyote.http11.Http11Processor.service(Http11Processor.java:397)
	at org.apache.coyote.AbstractProcessorLight.process(AbstractProcessorLight.java:63)
	at org.apache.coyote.AbstractProtocol$ConnectionHandler.process(AbstractProtocol.java:903)
	at org.apache.tomcat.util.net.NioEndpoint$SocketProcessor.doRun(NioEndpoint.java:1801)
	at org.apache.tomcat.util.net.SocketProcessorBase.run(SocketProcessorBase.java:52)
	at org.apache.tomcat.util.threads.ThreadPoolExecutor.runWorker(ThreadPoolExecutor.java:946)
	at org.apache.tomcat.util.threads.ThreadPoolExecutor$Worker.run(ThreadPoolExecutor.java:480)
	at org.apache.tomcat.util.threads.TaskThread$WrappingRunnable.run(TaskThread.java:57)
	at java.base/java.lang.Thread.run(Thread.java:1516)
2026-08-31 15:42:52.883 [http-nio-8081-exec-3] [c24a879492eb44fc] ERROR o.e.s.common.GlobalExceptionHandler - 
══════════════════════════════════════════════════════════════
✖ 【系统异常】 traceId=c24a879492eb44fc
    detail :
"No static resource teacher/list for request '/teacher/list'."
══════════════════════════════════════════════════════════════

org.springframework.web.servlet.resource.NoResourceFoundException: No static resource teacher/list for request '/teacher/list'.
	at org.springframework.web.servlet.resource.ResourceHttpRequestHandler.handleRequest(ResourceHttpRequestHandler.java:526)
	at org.springframework.web.servlet.mvc.HttpRequestHandlerAdapter.handle(HttpRequestHandlerAdapter.java:50)
	at org.springframework.web.servlet.DispatcherServlet.doDispatch(DispatcherServlet.java:963)
	at org.springframework.web.servlet.DispatcherServlet.doService(DispatcherServlet.java:866)
	at org.springframework.web.servlet.FrameworkServlet.processRequest(FrameworkServlet.java:1000)
	at org.springframework.web.servlet.FrameworkServlet.doGet(FrameworkServlet.java:892)
	at jakarta.servlet.http.HttpServlet.service(HttpServlet.java:622)
	at org.springframework.web.servlet.FrameworkServlet.service(FrameworkServlet.java:874)
	at jakarta.servlet.http.HttpServlet.service(HttpServlet.java:710)
	at org.apache.catalina.core.ApplicationFilterChain.doFilter(ApplicationFilterChain.java:128)
	at org.apache.tomcat.websocket.server.WsFilter.doFilter(WsFilter.java:53)
	at org.apache.catalina.core.ApplicationFilterChain.doFilter(ApplicationFilterChain.java:107)
	at org.springframework.web.filter.RequestContextFilter.doFilterInternal(RequestContextFilter.java:100)
	at org.springframework.web.filter.OncePerRequestFilter.doFilter(OncePerRequestFilter.java:116)
	at org.apache.catalina.core.ApplicationFilterChain.doFilter(ApplicationFilterChain.java:107)
	at org.springframework.web.filter.FormContentFilter.doFilterInternal(FormContentFilter.java:93)
	at org.springframework.web.filter.OncePerRequestFilter.doFilter(OncePerRequestFilter.java:116)
	at org.apache.catalina.core.ApplicationFilterChain.doFilter(ApplicationFilterChain.java:107)
	at org.springframework.web.filter.CharacterEncodingFilter.doFilterInternal(CharacterEncodingFilter.java:199)
	at org.springframework.web.filter.OncePerRequestFilter.doFilter(OncePerRequestFilter.java:116)
	at org.apache.catalina.core.ApplicationFilterChain.doFilter(ApplicationFilterChain.java:107)
	at org.example.studentsystem.filter.TraceFilter.doFilter(TraceFilter.java:29)
	at org.apache.catalina.core.ApplicationFilterChain.doFilter(ApplicationFilterChain.java:107)
	at org.apache.catalina.core.StandardWrapperValve.invoke(StandardWrapperValve.java:165)
	at org.apache.catalina.core.StandardContextValve.invoke(StandardContextValve.java:77)
	at org.apache.catalina.authenticator.AuthenticatorBase.invoke(AuthenticatorBase.java:492)
	at org.apache.catalina.core.StandardHostValve.invoke(StandardHostValve.java:113)
	at org.apache.catalina.valves.ErrorReportValve.invoke(ErrorReportValve.java:83)
	at org.apache.catalina.core.StandardEngineValve.invoke(StandardEngineValve.java:72)
	at org.apache.catalina.connector.CoyoteAdapter.service(CoyoteAdapter.java:341)
	at org.apache.coyote.http11.Http11Processor.service(Http11Processor.java:397)
	at org.apache.coyote.AbstractProcessorLight.process(AbstractProcessorLight.java:63)
	at org.apache.coyote.AbstractProtocol$ConnectionHandler.process(AbstractProtocol.java:903)
	at org.apache.tomcat.util.net.NioEndpoint$SocketProcessor.doRun(NioEndpoint.java:1801)
	at org.apache.tomcat.util.net.SocketProcessorBase.run(SocketProcessorBase.java:52)
	at org.apache.tomcat.util.threads.ThreadPoolExecutor.runWorker(ThreadPoolExecutor.java:946)
	at org.apache.tomcat.util.threads.ThreadPoolExecutor$Worker.run(ThreadPoolExecutor.java:480)
	at org.apache.tomcat.util.threads.TaskThread$WrappingRunnable.run(TaskThread.java:57)
	at java.base/java.lang.Thread.run(Thread.java:1516)
2026-08-31 15:42:52.892 [http-nio-8081-exec-5] [a970436dfc6f426c] ERROR o.e.s.common.GlobalExceptionHandler - 
══════════════════════════════════════════════════════════════
✖ 【系统异常】 traceId=a970436dfc6f426c
    detail :
"No static resource student/list for request '/student/list'."
══════════════════════════════════════════════════════════════

org.springframework.web.servlet.resource.NoResourceFoundException: No static resource student/list for request '/student/list'.
	at org.springframework.web.servlet.resource.ResourceHttpRequestHandler.handleRequest(ResourceHttpRequestHandler.java:526)
	at org.springframework.web.servlet.mvc.HttpRequestHandlerAdapter.handle(HttpRequestHandlerAdapter.java:50)
	at org.springframework.web.servlet.DispatcherServlet.doDispatch(DispatcherServlet.java:963)
	at org.springframework.web.servlet.DispatcherServlet.doService(DispatcherServlet.java:866)
	at org.springframework.web.servlet.FrameworkServlet.processRequest(FrameworkServlet.java:1000)
	at org.springframework.web.servlet.FrameworkServlet.doGet(FrameworkServlet.java:892)
	at jakarta.servlet.http.HttpServlet.service(HttpServlet.java:622)
	at org.springframework.web.servlet.FrameworkServlet.service(FrameworkServlet.java:874)
	at jakarta.servlet.http.HttpServlet.service(HttpServlet.java:710)
	at org.apache.catalina.core.ApplicationFilterChain.doFilter(ApplicationFilterChain.java:128)
	at org.apache.tomcat.websocket.server.WsFilter.doFilter(WsFilter.java:53)
	at org.apache.catalina.core.ApplicationFilterChain.doFilter(ApplicationFilterChain.java:107)
	at org.springframework.web.filter.RequestContextFilter.doFilterInternal(RequestContextFilter.java:100)
	at org.springframework.web.filter.OncePerRequestFilter.doFilter(OncePerRequestFilter.java:116)
	at org.apache.catalina.core.ApplicationFilterChain.doFilter(ApplicationFilterChain.java:107)
	at org.springframework.web.filter.FormContentFilter.doFilterInternal(FormContentFilter.java:93)
	at org.springframework.web.filter.OncePerRequestFilter.doFilter(OncePerRequestFilter.java:116)
	at org.apache.catalina.core.ApplicationFilterChain.doFilter(ApplicationFilterChain.java:107)
	at org.springframework.web.filter.CharacterEncodingFilter.doFilterInternal(CharacterEncodingFilter.java:199)
	at org.springframework.web.filter.OncePerRequestFilter.doFilter(OncePerRequestFilter.java:116)
	at org.apache.catalina.core.ApplicationFilterChain.doFilter(ApplicationFilterChain.java:107)
	at org.example.studentsystem.filter.TraceFilter.doFilter(TraceFilter.java:29)
	at org.apache.catalina.core.ApplicationFilterChain.doFilter(ApplicationFilterChain.java:107)
	at org.apache.catalina.core.StandardWrapperValve.invoke(StandardWrapperValve.java:165)
	at org.apache.catalina.core.StandardContextValve.invoke(StandardContextValve.java:77)
	at org.apache.catalina.authenticator.AuthenticatorBase.invoke(AuthenticatorBase.java:492)
	at org.apache.catalina.core.StandardHostValve.invoke(StandardHostValve.java:113)
	at org.apache.catalina.valves.ErrorReportValve.invoke(ErrorReportValve.java:83)
	at org.apache.catalina.core.StandardEngineValve.invoke(StandardEngineValve.java:72)
	at org.apache.catalina.connector.CoyoteAdapter.service(CoyoteAdapter.java:341)
	at org.apache.coyote.http11.Http11Processor.service(Http11Processor.java:397)
	at org.apache.coyote.AbstractProcessorLight.process(AbstractProcessorLight.java:63)
	at org.apache.coyote.AbstractProtocol$ConnectionHandler.process(AbstractProtocol.java:903)
	at org.apache.tomcat.util.net.NioEndpoint$SocketProcessor.doRun(NioEndpoint.java:1801)
	at org.apache.tomcat.util.net.SocketProcessorBase.run(SocketProcessorBase.java:52)
	at org.apache.tomcat.util.threads.ThreadPoolExecutor.runWorker(ThreadPoolExecutor.java:946)
	at org.apache.tomcat.util.threads.ThreadPoolExecutor$Worker.run(ThreadPoolExecutor.java:480)
	at org.apache.tomcat.util.threads.TaskThread$WrappingRunnable.run(TaskThread.java:57)
	at java.base/java.lang.Thread.run(Thread.java:1516)
2026-08-31 15:42:57.691 [http-nio-8081-exec-7] [] INFO  o.a.coyote.http11.Http11Processor - Error parsing HTTP request header
 Note: further occurrences of HTTP request parsing errors will be logged at DEBUG level.
java.lang.IllegalArgumentException: Invalid character found in the request target [/teacher/info?name=0xe50xbc0xa00xe40xb80x89 ]. The valid characters are defined in RFC 7230 and RFC 3986
	at org.apache.coyote.http11.Http11InputBuffer.parseRequestLine(Http11InputBuffer.java:466)
	at org.apache.coyote.http11.Http11Processor.service(Http11Processor.java:270)
	at org.apache.coyote.AbstractProcessorLight.process(AbstractProcessorLight.java:63)
	at org.apache.coyote.AbstractProtocol$ConnectionHandler.process(AbstractProtocol.java:903)
	at org.apache.tomcat.util.net.NioEndpoint$SocketProcessor.doRun(NioEndpoint.java:1801)
	at org.apache.tomcat.util.net.SocketProcessorBase.run(SocketProcessorBase.java:52)
	at org.apache.tomcat.util.threads.ThreadPoolExecutor.runWorker(ThreadPoolExecutor.java:946)
	at org.apache.tomcat.util.threads.ThreadPoolExecutor$Worker.run(ThreadPoolExecutor.java:480)
	at org.apache.tomcat.util.threads.TaskThread$WrappingRunnable.run(TaskThread.java:57)
	at java.base/java.lang.Thread.run(Thread.java:1516)
2026-08-31 15:42:57.716 [http-nio-8081-exec-8] [f9938ae07b094342] INFO  o.e.s.aspect.WebLogAspect - 
══════════════════════════════════════════════════════════════
>>> 【API 请求】 GET /operation-log/list
    traceId : f9938ae07b094342
    client  : 127.0.0.1
    handler : OperationLogController.list
    headers : {
  "Host" : "127.0.0.1:8081",
  "User-Agent" : "curl/8.7.1",
  "Accept" : "*/*"
}
    args    : [ null, null, 1, 10 ]
══════════════════════════════════════════════════════════════

2026-08-31 15:42:57.717 [http-nio-8081-exec-8] [f9938ae07b094342] INFO  o.e.s.aspect.ServiceLogAspect -     ▶ 【Service 进入】 OperationLogServiceImpl.list
        args :
    [ null, null, 1, 10 ]

2026-08-31 15:42:57.760 [http-nio-8081-exec-8] [f9938ae07b094342] INFO  com.zaxxer.hikari.HikariDataSource - HikariPool-1 - Starting...
2026-08-31 15:42:57.902 [http-nio-8081-exec-8] [f9938ae07b094342] INFO  com.zaxxer.hikari.pool.HikariPool - HikariPool-1 - Added connection com.mysql.cj.jdbc.ConnectionImpl@54771c12
2026-08-31 15:42:57.903 [http-nio-8081-exec-8] [f9938ae07b094342] INFO  com.zaxxer.hikari.HikariDataSource - HikariPool-1 - Start completed.
2026-08-31 15:42:57.906 [http-nio-8081-exec-8] [f9938ae07b094342] DEBUG o.e.s.m.O.list_COUNT - ==>  Preparing: SELECT count(0) FROM operation_log
2026-08-31 15:42:57.914 [http-nio-8081-exec-8] [f9938ae07b094342] DEBUG o.e.s.m.O.list_COUNT - ==> Parameters: 
2026-08-31 15:42:57.923 [http-nio-8081-exec-8] [f9938ae07b094342] DEBUG o.e.s.m.O.list_COUNT - <==      Total: 1
2026-08-31 15:42:57.932 [http-nio-8081-exec-8] [f9938ae07b094342] INFO  o.e.s.aspect.ServiceLogAspect -     ◀ 【Service 完成】 OperationLogServiceImpl.list | 207ms
        result :
    {
  "total" : 0,
  "list" : [ ],
  "pageNum" : 1,
  "pageSize" : 10,
  "size" : 0,
  "startRow" : 0,
  "endRow" : 0,
  "pages" : 0,
  "prePage" : 0,
  "nextPage" : 0,
  "isFirstPage" : true,
  "isLastPage" : true,
  "hasPreviousPage" : false,
  "hasNextPage" : false,
  "navigatePages" : 8,
  "navigatepageNums" : [ ],
  "navigateFirstPage" : 0,
  "navigateLastPage" : 0
}

2026-08-31 15:42:57.932 [http-nio-8081-exec-8] [f9938ae07b094342] INFO  o.e.s.aspect.WebLogAspect - 
══════════════════════════════════════════════════════════════
<<< 【API 响应】 OperationLogController.list | 225ms
    result :
{
  "code" : 200,
  "message" : "success",
  "content" : {
    "total" : 0,
    "list" : [ ],
    "pageNum" : 1,
    "pageSize" : 10,
    "size" : 0,
    "startRow" : 0,
    "endRow" : 0,
    "pages" : 0,
    "prePage" : 0,
    "nextPage" : 0,
    "isFirstPage" : true,
    "isLastPage" : true,
    "hasPreviousPage" : false,
    "hasNextPage" : false,
    "navigatePages" : 8,
    "navigatepageNums" : [ ],
    "navigateFirstPage" : 0,
    "navigateLastPage" : 0
  }
}
══════════════════════════════════════════════════════════════

2026-08-31 15:42:57.962 [http-nio-8081-exec-10] [1fa86d53d8e24726] INFO  o.e.s.aspect.WebLogAspect - 
══════════════════════════════════════════════════════════════
>>> 【API 请求】 POST /teacher/insert
    traceId : 1fa86d53d8e24726
    client  : 127.0.0.1
    handler : TeacherController.insertTeacher
    headers : {
  "Host" : "127.0.0.1:8081",
  "User-Agent" : "curl/8.7.1",
  "Accept" : "*/*",
  "Content-Type" : "application/json",
  "Content-Length" : "48"
}
    args    : [ {
  "id" : 1,
  "name" : "张三",
  "gender" : "男",
  "age" : 30
} ]
══════════════════════════════════════════════════════════════

2026-08-31 15:42:57.962 [http-nio-8081-exec-10] [1fa86d53d8e24726] INFO  o.e.s.aspect.ServiceLogAspect -     ▶ 【Service 进入】 TeacherServiceImpl.insertTeacherInfo
        args :
    [ {
  "id" : 1,
  "name" : "张三",
  "gender" : "男",
  "age" : 30
} ]

2026-08-31 15:42:57.963 [http-nio-8081-exec-10] [1fa86d53d8e24726] DEBUG o.e.s.mapper.TeacherMapper.listById - ==>  Preparing: SELECT id, name, age, gender FROM teacher WHERE id = ? ORDER BY id
2026-08-31 15:42:57.964 [http-nio-8081-exec-10] [1fa86d53d8e24726] DEBUG o.e.s.mapper.TeacherMapper.listById - ==> Parameters: 1(Integer)
2026-08-31 15:42:57.965 [http-nio-8081-exec-10] [1fa86d53d8e24726] DEBUG o.e.s.mapper.TeacherMapper.listById - <==      Total: 0
2026-08-31 15:42:57.966 [http-nio-8081-exec-10] [1fa86d53d8e24726] DEBUG o.e.s.m.T.insertTeacherInfo - ==>  Preparing: INSERT INTO teacher (id, name, age, gender) VALUES (?, ?, ?, ?)
2026-08-31 15:42:57.966 [http-nio-8081-exec-10] [1fa86d53d8e24726] DEBUG o.e.s.m.T.insertTeacherInfo - ==> Parameters: 1(Integer), 张三(String), 30(Integer), 男(String)
2026-08-31 15:42:57.969 [http-nio-8081-exec-10] [1fa86d53d8e24726] DEBUG o.e.s.m.T.insertTeacherInfo - <==    Updates: 1
2026-08-31 15:42:57.969 [http-nio-8081-exec-10] [1fa86d53d8e24726] INFO  o.e.s.aspect.ServiceLogAspect -     ◀ 【Service 完成】 TeacherServiceImpl.insertTeacherInfo | 7ms
        result :
    true

2026-08-31 15:42:57.969 [http-nio-8081-exec-10] [1fa86d53d8e24726] INFO  o.e.s.aspect.WebLogAspect - 
══════════════════════════════════════════════════════════════
<<< 【API 响应】 TeacherController.insertTeacher | 7ms
    result :
{
  "code" : 200,
  "message" : "success",
  "content" : true
}
══════════════════════════════════════════════════════════════

2026-08-31 15:42:57.973 [task-1] [] INFO  o.e.s.aspect.ServiceLogAspect -     ▶ 【Service 进入】 OperationLogServiceImpl.saveAsync
        args :
    [OperationLog(id=null, traceId=1fa86d53d8e24726, module=teacher, operation=INSERT, description=新增教师, method=TeacherController.insertTeacher, requestUrl=http://127.0.0.1:8081/teacher/insert, httpMethod=POST, requestParams=[ {
  "id" : 1,
  "name" : "张三",
  "gender" : "男",
  "age" : 30
} ], responseBody={
  "code" : 200,
  "message" : "success",
  "content" : true
}, responseCode=200, operatorName=anonymous, clientIp=127.0.0.1, costMs=8, status=1, errorMsg=null, createdAt=2026-08-31T15:42:57.969572)]

2026-08-31 15:42:57.973 [task-1] [] DEBUG o.e.s.m.OperationLogMapper.insert - ==>  Preparing: INSERT INTO operation_log ( trace_id, module, operation, description, method, request_url, http_method, request_params, response_body, response_code, operator_name, client_ip, cost_ms, status, error_msg, created_at ) VALUES ( ?, ?, ?, ?, ?, ?, ?, ?, ?, ?, ?, ?, ?, ?, ?, ? )
2026-08-31 15:42:57.974 [task-1] [] DEBUG o.e.s.m.OperationLogMapper.insert - ==> Parameters: 1fa86d53d8e24726(String), teacher(String), INSERT(String), 新增教师(String), TeacherController.insertTeacher(String), http://127.0.0.1:8081/teacher/insert(String), POST(String), [ {
  "id" : 1,
  "name" : "张三",
  "gender" : "男",
  "age" : 30
} ](String), {
  "code" : 200,
  "message" : "success",
  "content" : true
}(String), 200(Integer), anonymous(String), 127.0.0.1(String), 8(Integer), 1(Integer), null, 2026-08-31T15:42:57.969572(LocalDateTime)
2026-08-31 15:42:57.977 [task-1] [] DEBUG o.e.s.m.OperationLogMapper.insert - <==    Updates: 1
2026-08-31 15:42:57.977 [task-1] [] INFO  o.e.s.s.impl.OperationLogServiceImpl - 审计日志已写入数据库, module=teacher, operation=INSERT, status=1
2026-08-31 15:42:57.977 [task-1] [] INFO  o.e.s.aspect.ServiceLogAspect -     ◀ 【Service 完成】 OperationLogServiceImpl.saveAsync | 7ms
        result :
    null

2026-08-31 15:43:18.484 [http-nio-8081-exec-2] [87cdc3602f3c4a51] INFO  o.e.s.aspect.WebLogAspect - 
══════════════════════════════════════════════════════════════
>>> 【API 请求】 GET /teacher/info?name=%e5%bc%a0%e4%b8%89
    traceId : 87cdc3602f3c4a51
    client  : 127.0.0.1
    handler : TeacherController.getTeachersByName
    headers : {
  "Host" : "127.0.0.1:8081",
  "User-Agent" : "curl/8.7.1",
  "Accept" : "*/*"
}
    args    : [ "张三" ]
══════════════════════════════════════════════════════════════

2026-08-31 15:43:18.484 [http-nio-8081-exec-2] [87cdc3602f3c4a51] INFO  o.e.s.aspect.ServiceLogAspect -     ▶ 【Service 进入】 TeacherServiceImpl.getTeachersInfoByName
        args :
    [ "张三" ]

2026-08-31 15:43:18.484 [http-nio-8081-exec-2] [87cdc3602f3c4a51] DEBUG o.e.s.m.TeacherMapper.listByName - ==>  Preparing: SELECT id, name, age, gender FROM teacher WHERE name = ? ORDER BY id
2026-08-31 15:43:18.485 [http-nio-8081-exec-2] [87cdc3602f3c4a51] DEBUG o.e.s.m.TeacherMapper.listByName - ==> Parameters: 张三(String)
2026-08-31 15:43:18.486 [http-nio-8081-exec-2] [87cdc3602f3c4a51] DEBUG o.e.s.m.TeacherMapper.listByName - <==      Total: 1
2026-08-31 15:43:18.486 [http-nio-8081-exec-2] [87cdc3602f3c4a51] DEBUG o.e.s.m.S.listByTeacherId - ==>  Preparing: SELECT id, name, age, gender, chinese, math, english, teacher_id AS teacherId FROM student WHERE teacher_id = ? ORDER BY id
2026-08-31 15:43:18.487 [http-nio-8081-exec-2] [87cdc3602f3c4a51] DEBUG o.e.s.m.S.listByTeacherId - ==> Parameters: 1(Integer)
2026-08-31 15:43:18.488 [http-nio-8081-exec-2] [87cdc3602f3c4a51] DEBUG o.e.s.m.S.listByTeacherId - <==      Total: 0
2026-08-31 15:43:18.489 [http-nio-8081-exec-2] [87cdc3602f3c4a51] INFO  o.e.s.aspect.ServiceLogAspect -     ◀ 【Service 完成】 TeacherServiceImpl.getTeachersInfoByName | 4ms
        result :
    [ {
  "id" : 1,
  "name" : "张三",
  "gender" : "男",
  "age" : 30,
  "students" : [ ]
} ]

2026-08-31 15:43:18.489 [http-nio-8081-exec-2] [87cdc3602f3c4a51] INFO  o.e.s.aspect.WebLogAspect - 
══════════════════════════════════════════════════════════════
<<< 【API 响应】 TeacherController.getTeachersByName | 6ms
    result :
{
  "code" : 200,
  "message" : "success",
  "content" : [ {
    "id" : 1,
    "name" : "张三",
    "gender" : "男",
    "age" : 30,
    "students" : [ ]
  } ]
}
══════════════════════════════════════════════════════════════

2026-08-31 15:43:18.501 [http-nio-8081-exec-4] [07270e3baf664e23] INFO  o.e.s.aspect.WebLogAspect - 
══════════════════════════════════════════════════════════════
>>> 【API 请求】 GET /teacher/infoById?id=1
    traceId : 07270e3baf664e23
    client  : 127.0.0.1
    handler : TeacherController.getTeacherInfoById
    headers : {
  "Host" : "127.0.0.1:8081",
  "User-Agent" : "curl/8.7.1",
  "Accept" : "*/*"
}
    args    : [ 1, 1, 10 ]
══════════════════════════════════════════════════════════════

2026-08-31 15:43:18.501 [http-nio-8081-exec-4] [07270e3baf664e23] INFO  o.e.s.aspect.ServiceLogAspect -     ▶ 【Service 进入】 TeacherServiceImpl.getTeacherInfoById
        args :
    [ 1, 1, 10 ]

2026-08-31 15:43:18.501 [http-nio-8081-exec-4] [07270e3baf664e23] DEBUG o.e.s.mapper.TeacherMapper.listById - ==>  Preparing: SELECT id, name, age, gender FROM teacher WHERE id = ? ORDER BY id
2026-08-31 15:43:18.501 [http-nio-8081-exec-4] [07270e3baf664e23] DEBUG o.e.s.mapper.TeacherMapper.listById - ==> Parameters: 1(Integer)
2026-08-31 15:43:18.502 [http-nio-8081-exec-4] [07270e3baf664e23] DEBUG o.e.s.mapper.TeacherMapper.listById - <==      Total: 1
2026-08-31 15:43:18.504 [http-nio-8081-exec-4] [07270e3baf664e23] DEBUG o.e.s.m.S.listByTeacherId_COUNT - ==>  Preparing: SELECT count(0) FROM student WHERE teacher_id = ?
2026-08-31 15:43:18.505 [http-nio-8081-exec-4] [07270e3baf664e23] DEBUG o.e.s.m.S.listByTeacherId_COUNT - ==> Parameters: 1(Integer)
2026-08-31 15:43:18.505 [http-nio-8081-exec-4] [07270e3baf664e23] DEBUG o.e.s.m.S.listByTeacherId_COUNT - <==      Total: 1
2026-08-31 15:43:18.507 [http-nio-8081-exec-4] [07270e3baf664e23] INFO  o.e.s.aspect.ServiceLogAspect -     ◀ 【Service 完成】 TeacherServiceImpl.getTeacherInfoById | 5ms
        result :
    {
  "id" : 1,
  "name" : "张三",
  "gender" : "男",
  "age" : 30,
  "students" : [ ],
  "total" : 0,
  "pageNum" : 1,
  "pageSize" : 10,
  "pages" : 0
}

2026-08-31 15:43:18.507 [http-nio-8081-exec-4] [07270e3baf664e23] INFO  o.e.s.aspect.WebLogAspect - 
══════════════════════════════════════════════════════════════
<<< 【API 响应】 TeacherController.getTeacherInfoById | 6ms
    result :
{
  "code" : 200,
  "message" : "success",
  "content" : {
    "id" : 1,
    "name" : "张三",
    "gender" : "男",
    "age" : 30,
    "students" : [ ],
    "total" : 0,
    "pageNum" : 1,
    "pageSize" : 10,
    "pages" : 0
  }
}
══════════════════════════════════════════════════════════════

2026-08-31 15:44:28.411 [SpringApplicationShutdownHook] [] INFO  o.s.boot.tomcat.GracefulShutdown - Commencing graceful shutdown. Waiting for active requests to complete
2026-08-31 15:44:28.412 [tomcat-shutdown] [] INFO  o.s.boot.tomcat.GracefulShutdown - Graceful shutdown complete
2026-08-31 15:44:28.418 [SpringApplicationShutdownHook] [] INFO  com.zaxxer.hikari.HikariDataSource - HikariPool-1 - Shutdown initiated...
2026-08-31 15:44:28.420 [SpringApplicationShutdownHook] [] INFO  com.zaxxer.hikari.HikariDataSource - HikariPool-1 - Shutdown completed.
2026-08-31 15:44:53.718 [main] [] INFO  o.e.s.StudentSystemApplication - Starting StudentSystemApplication using Java 26 with PID 3779 (/Users/hepan/Desktop/java/target/classes started by hepan in /Users/hepan/Desktop/java)
2026-08-31 15:44:53.719 [main] [] INFO  o.e.s.StudentSystemApplication - No active profile set, falling back to 1 default profile: "default"
2026-08-31 15:44:53.781 [background-preinit] [] INFO  o.h.validator.internal.util.Version - HV000001: Hibernate Validator 9.0.1.Final
2026-08-31 15:44:53.941 [main] [] INFO  o.s.d.r.c.RepositoryConfigurationDelegate - Multiple Spring Data modules found, entering strict repository configuration mode
2026-08-31 15:44:53.942 [main] [] INFO  o.s.d.r.c.RepositoryConfigurationDelegate - Bootstrapping Spring Data Redis repositories in DEFAULT mode.
2026-08-31 15:44:53.950 [main] [] INFO  o.s.d.r.c.RepositoryConfigurationDelegate - Finished Spring Data repository scanning in 3 ms. Found 0 Redis repository interfaces.
2026-08-31 15:44:53.979 [main] [] DEBUG o.apache.ibatis.logging.LogFactory - Logging initialized using 'class org.apache.ibatis.logging.slf4j.Slf4jImpl' adapter.
2026-08-31 15:44:54.208 [main] [] INFO  o.s.boot.tomcat.TomcatWebServer - Tomcat initialized with port 8081 (http)
2026-08-31 15:44:54.213 [main] [] INFO  o.a.coyote.http11.Http11NioProtocol - Initializing ProtocolHandler ["http-nio-8081"]
2026-08-31 15:44:54.213 [main] [] INFO  o.a.catalina.core.StandardService - Starting service [Tomcat]
2026-08-31 15:44:54.214 [main] [] INFO  o.a.catalina.core.StandardEngine - Starting Servlet engine: [Apache Tomcat/11.0.21]
2026-08-31 15:44:54.233 [main] [] INFO  o.s.b.w.c.s.WebApplicationContextInitializer - Root WebApplicationContext: initialization completed in 499 ms
2026-08-31 15:44:54.534 [main] [] WARN  i.n.r.d.DnsServerAddressStreamProviders - Can not find io.netty.resolver.dns.macos.MacOSDnsServerAddressStreamProvider in the classpath, fallback to system defaults. This may result in incorrect DNS resolutions on MacOS. Check whether you have a dependency on 'io.netty:netty-resolver-dns-native-macos'
2026-08-31 15:44:54.686 [main] [] INFO  o.a.coyote.http11.Http11NioProtocol - Starting ProtocolHandler ["http-nio-8081"]
2026-08-31 15:44:54.695 [main] [] INFO  o.s.boot.tomcat.TomcatWebServer - Tomcat started on port 8081 (http) with context path '/'
2026-08-31 15:44:54.697 [main] [] INFO  o.e.s.StudentSystemApplication - Started StudentSystemApplication in 1.15 seconds (process running for 1.274)
2026-08-31 15:46:43.525 [http-nio-8081-exec-1] [] INFO  o.a.c.c.C.[Tomcat].[localhost].[/] - Initializing Spring DispatcherServlet 'dispatcherServlet'
2026-08-31 15:46:43.526 [http-nio-8081-exec-1] [] INFO  o.s.web.servlet.DispatcherServlet - Initializing Servlet 'dispatcherServlet'
2026-08-31 15:46:43.527 [http-nio-8081-exec-1] [] INFO  o.s.web.servlet.DispatcherServlet - Completed initialization in 1 ms
2026-08-31 15:46:43.582 [http-nio-8081-exec-1] [ff6afba778e1421c] INFO  o.e.s.aspect.WebLogAspect - 
══════════════════════════════════════════════════════════════
>>> 【API 请求】 GET /teacher/info?name=%e5%bc%a0%e4%b8%89
    traceId : ff6afba778e1421c
    client  : 127.0.0.1
    handler : TeacherController.getTeachersByName
    headers : {
  "Host" : "127.0.0.1:8081",
  "User-Agent" : "curl/8.7.1",
  "Accept" : "*/*"
}
    args    : [ "张三" ]
══════════════════════════════════════════════════════════════

2026-08-31 15:46:43.582 [http-nio-8081-exec-1] [ff6afba778e1421c] INFO  o.e.s.aspect.ServiceLogAspect -     ▶ 【Service 进入】 TeacherServiceImpl.getTeachersInfoByName
        args :
    [ "张三" ]

2026-08-31 15:46:43.588 [http-nio-8081-exec-1] [ff6afba778e1421c] INFO  com.zaxxer.hikari.HikariDataSource - HikariPool-1 - Starting...
2026-08-31 15:46:43.648 [http-nio-8081-exec-1] [ff6afba778e1421c] INFO  com.zaxxer.hikari.pool.HikariPool - HikariPool-1 - Added connection com.mysql.cj.jdbc.ConnectionImpl@49e31b5e
2026-08-31 15:46:43.649 [http-nio-8081-exec-1] [ff6afba778e1421c] INFO  com.zaxxer.hikari.HikariDataSource - HikariPool-1 - Start completed.
2026-08-31 15:46:43.652 [http-nio-8081-exec-1] [ff6afba778e1421c] DEBUG o.e.s.m.TeacherMapper.listByName - ==>  Preparing: SELECT id, name, age, gender FROM teacher WHERE name = ? ORDER BY id
2026-08-31 15:46:43.662 [http-nio-8081-exec-1] [ff6afba778e1421c] DEBUG o.e.s.m.TeacherMapper.listByName - ==> Parameters: 张三(String)
2026-08-31 15:46:43.675 [http-nio-8081-exec-1] [ff6afba778e1421c] DEBUG o.e.s.m.TeacherMapper.listByName - <==      Total: 1
2026-08-31 15:46:43.677 [http-nio-8081-exec-1] [ff6afba778e1421c] DEBUG o.e.s.m.S.listByTeacherId - ==>  Preparing: SELECT id, name, age, gender, chinese, math, english, teacher_id AS teacherId FROM student WHERE teacher_id = ? ORDER BY id
2026-08-31 15:46:43.678 [http-nio-8081-exec-1] [ff6afba778e1421c] DEBUG o.e.s.m.S.listByTeacherId - ==> Parameters: 1(Integer)
2026-08-31 15:46:43.679 [http-nio-8081-exec-1] [ff6afba778e1421c] DEBUG o.e.s.m.S.listByTeacherId - <==      Total: 0
2026-08-31 15:46:43.684 [http-nio-8081-exec-1] [ff6afba778e1421c] INFO  o.e.s.aspect.ServiceLogAspect -     ◀ 【Service 完成】 TeacherServiceImpl.getTeachersInfoByName | 97ms
        result :
    [ {
  "id" : 1,
  "name" : "张三",
  "gender" : "男",
  "age" : 30,
  "students" : [ ]
} ]

2026-08-31 15:46:43.684 [http-nio-8081-exec-1] [ff6afba778e1421c] INFO  o.e.s.aspect.WebLogAspect - 
══════════════════════════════════════════════════════════════
<<< 【API 响应】 TeacherController.getTeachersByName | 144ms
    result :
{
  "code" : 200,
  "message" : "success",
  "content" : [ {
    "id" : 1,
    "name" : "张三",
    "gender" : "男",
    "age" : 30,
    "students" : [ ]
  } ]
}
══════════════════════════════════════════════════════════════

2026-08-31 15:46:43.713 [http-nio-8081-exec-2] [cbdb86c6f7dc4888] INFO  o.e.s.aspect.WebLogAspect - 
══════════════════════════════════════════════════════════════
>>> 【API 请求】 GET /operation-log/list?pageNum=1&pageSize=5
    traceId : cbdb86c6f7dc4888
    client  : 127.0.0.1
    handler : OperationLogController.list
    headers : {
  "Host" : "127.0.0.1:8081",
  "User-Agent" : "curl/8.7.1",
  "Accept" : "*/*"
}
    args    : [ null, null, 1, 5 ]
══════════════════════════════════════════════════════════════

2026-08-31 15:46:43.714 [http-nio-8081-exec-2] [cbdb86c6f7dc4888] INFO  o.e.s.aspect.ServiceLogAspect -     ▶ 【Service 进入】 OperationLogServiceImpl.list
        args :
    [ null, null, 1, 5 ]

2026-08-31 15:46:43.747 [http-nio-8081-exec-2] [cbdb86c6f7dc4888] DEBUG o.e.s.m.O.list_COUNT - ==>  Preparing: SELECT count(0) FROM operation_log
2026-08-31 15:46:43.747 [http-nio-8081-exec-2] [cbdb86c6f7dc4888] DEBUG o.e.s.m.O.list_COUNT - ==> Parameters: 
2026-08-31 15:46:43.749 [http-nio-8081-exec-2] [cbdb86c6f7dc4888] DEBUG o.e.s.m.O.list_COUNT - <==      Total: 1
2026-08-31 15:46:43.749 [http-nio-8081-exec-2] [cbdb86c6f7dc4888] DEBUG o.e.s.mapper.OperationLogMapper.list - ==>  Preparing: SELECT id, trace_id AS traceId, module, operation, description, method, request_url AS requestUrl, http_method AS httpMethod, request_params AS requestParams, response_body AS responseBody, response_code AS responseCode, operator_name AS operatorName, client_ip AS clientIp, cost_ms AS costMs, status, error_msg AS errorMsg, created_at AS createdAt FROM operation_log ORDER BY created_at DESC LIMIT ?
2026-08-31 15:46:43.750 [http-nio-8081-exec-2] [cbdb86c6f7dc4888] DEBUG o.e.s.mapper.OperationLogMapper.list - ==> Parameters: 5(Integer)
2026-08-31 15:46:43.752 [http-nio-8081-exec-2] [cbdb86c6f7dc4888] DEBUG o.e.s.mapper.OperationLogMapper.list - <==      Total: 1
2026-08-31 15:46:43.758 [http-nio-8081-exec-2] [cbdb86c6f7dc4888] INFO  o.e.s.aspect.ServiceLogAspect -     ◀ 【Service 完成】 OperationLogServiceImpl.list | 38ms
        result :
    PageInfo{pageNum=1, pageSize=5, size=1, startRow=1, endRow=1, total=1, pages=1, list=Page{count=true, pageNum=1, pageSize=5, startRow=0, endRow=5, total=1, pages=1, reasonable=false, pageSizeZero=false}[OperationLog(id=1, traceId=1fa86d53d8e24726, module=teacher, operation=INSERT, description=新增教师, method=TeacherController.insertTeacher, requestUrl=http://127.0.0.1:8081/teacher/insert, httpMethod=POST, requestParams=[ {
  "id" : 1,
  "name" : "张三",
  "gender" : "男",
  "age" : 30
} ], responseBody={
  "code" : 200,
  "message" : "success",
  "content" : true
}, responseCode=200, operatorName=anonymous, clientIp=127.0.0.1, costMs=8, status=1, errorMsg=null, createdAt=2026-08-31T15:42:58)], prePage=0, nextPage=0, isFirstPage=true, isLastPage=true, hasPreviousPage=false, hasNextPage=false, navigatePages=8, navigateFirstPage=1, navigateLastPage=1, navigatepageNums=[1]}

2026-08-31 15:46:43.758 [http-nio-8081-exec-2] [cbdb86c6f7dc4888] INFO  o.e.s.aspect.WebLogAspect - 
══════════════════════════════════════════════════════════════
<<< 【API 响应】 OperationLogController.list | 45ms
    result :
PHResult(code=200, message=success, content=PageInfo{pageNum=1, pageSize=5, size=1, startRow=1, endRow=1, total=1, pages=1, list=Page{count=true, pageNum=1, pageSize=5, startRow=0, endRow=5, total=1, pages=1, reasonable=false, pageSizeZero=false}[OperationLog(id=1, traceId=1fa86d53d8e24726, module=teacher, operation=INSERT, description=新增教师, method=TeacherController.insertTeacher, requestUrl=http://127.0.0.1:8081/teacher/insert, httpMethod=POST, requestParams=[ {
  "id" : 1,
  "name" : "张三",
  "gender" : "男",
  "age" : 30
} ], responseBody={
  "code" : 200,
  "message" : "success",
  "content" : true
}, responseCode=200, operatorName=anonymous, clientIp=127.0.0.1, costMs=8, status=1, errorMsg=null, createdAt=2026-08-31T15:42:58)], prePage=0, nextPage=0, isFirstPage=true, isLastPage=true, hasPreviousPage=false, hasNextPage=false, navigatePages=8, navigateFirstPage=1, navigateLastPage=1, navigatepageNums=[1]})
══════════════════════════════════════════════════════════════

2026-08-31 15:46:59.453 [SpringApplicationShutdownHook] [] INFO  o.s.boot.tomcat.GracefulShutdown - Commencing graceful shutdown. Waiting for active requests to complete
2026-08-31 15:46:59.455 [tomcat-shutdown] [] INFO  o.s.boot.tomcat.GracefulShutdown - Graceful shutdown complete
2026-08-31 15:46:59.460 [SpringApplicationShutdownHook] [] INFO  com.zaxxer.hikari.HikariDataSource - HikariPool-1 - Shutdown initiated...
2026-08-31 15:46:59.462 [SpringApplicationShutdownHook] [] INFO  com.zaxxer.hikari.HikariDataSource - HikariPool-1 - Shutdown completed.
2026-08-31 15:47:03.005 [main] [] INFO  o.e.s.StudentSystemApplication - Starting StudentSystemApplication using Java 26 with PID 3997 (/Users/hepan/Desktop/java/target/classes started by hepan in /Users/hepan/Desktop/java)
2026-08-31 15:47:03.006 [main] [] INFO  o.e.s.StudentSystemApplication - No active profile set, falling back to 1 default profile: "default"
2026-08-31 15:47:03.069 [background-preinit] [] INFO  o.h.validator.internal.util.Version - HV000001: Hibernate Validator 9.0.1.Final
2026-08-31 15:47:03.233 [main] [] DEBUG o.apache.ibatis.logging.LogFactory - Logging initialized using 'class org.apache.ibatis.logging.slf4j.Slf4jImpl' adapter.
2026-08-31 15:47:03.460 [main] [] INFO  o.s.boot.tomcat.TomcatWebServer - Tomcat initialized with port 8081 (http)
2026-08-31 15:47:03.464 [main] [] INFO  o.a.coyote.http11.Http11NioProtocol - Initializing ProtocolHandler ["http-nio-8081"]
2026-08-31 15:47:03.465 [main] [] INFO  o.a.catalina.core.StandardService - Starting service [Tomcat]
2026-08-31 15:47:03.465 [main] [] INFO  o.a.catalina.core.StandardEngine - Starting Servlet engine: [Apache Tomcat/11.0.21]
2026-08-31 15:47:03.480 [main] [] INFO  o.s.b.w.c.s.WebApplicationContextInitializer - Root WebApplicationContext: initialization completed in 459 ms
2026-08-31 15:47:03.786 [main] [] INFO  o.a.coyote.http11.Http11NioProtocol - Starting ProtocolHandler ["http-nio-8081"]
2026-08-31 15:47:03.795 [main] [] INFO  o.s.boot.tomcat.TomcatWebServer - Tomcat started on port 8081 (http) with context path '/'
2026-08-31 15:47:03.797 [main] [] INFO  o.e.s.StudentSystemApplication - Started StudentSystemApplication in 0.964 seconds (process running for 1.085)
2026-08-31 15:56:44.085 [http-nio-8081-exec-1] [] INFO  o.a.c.c.C.[Tomcat].[localhost].[/] - Initializing Spring DispatcherServlet 'dispatcherServlet'
2026-08-31 15:56:44.086 [http-nio-8081-exec-1] [] INFO  o.s.web.servlet.DispatcherServlet - Initializing Servlet 'dispatcherServlet'
2026-08-31 15:56:44.086 [http-nio-8081-exec-1] [] INFO  o.s.web.servlet.DispatcherServlet - Completed initialization in 0 ms
2026-08-31 15:56:44.151 [http-nio-8081-exec-1] [b903509949164583] INFO  o.e.s.aspect.WebLogAspect - 
══════════════════════════════════════════════════════════════
>>> 【API 请求】 GET /operation-log/list?pageNum=1&pageSize=3
    traceId : b903509949164583
    client  : 127.0.0.1
    handler : OperationLogController.list
    headers : {
  "Host" : "127.0.0.1:8081",
  "User-Agent" : "curl/8.7.1",
  "Accept" : "*/*"
}
    args    : [ null, null, 1, 3 ]
══════════════════════════════════════════════════════════════

2026-08-31 15:56:44.152 [http-nio-8081-exec-1] [b903509949164583] INFO  o.e.s.aspect.ServiceLogAspect -     ▶ 【Service 进入】 OperationLogServiceImpl.list
        args :
    [ null, null, 1, 3 ]

2026-08-31 15:56:44.193 [http-nio-8081-exec-1] [b903509949164583] INFO  com.zaxxer.hikari.HikariDataSource - HikariPool-1 - Starting...
2026-08-31 15:56:44.247 [http-nio-8081-exec-1] [b903509949164583] INFO  com.zaxxer.hikari.pool.HikariPool - HikariPool-1 - Added connection com.mysql.cj.jdbc.ConnectionImpl@26fb0692
2026-08-31 15:56:44.248 [http-nio-8081-exec-1] [b903509949164583] INFO  com.zaxxer.hikari.HikariDataSource - HikariPool-1 - Start completed.
2026-08-31 15:56:44.251 [http-nio-8081-exec-1] [b903509949164583] DEBUG o.e.s.m.O.list_COUNT - ==>  Preparing: SELECT count(0) FROM operation_log
2026-08-31 15:56:44.259 [http-nio-8081-exec-1] [b903509949164583] DEBUG o.e.s.m.O.list_COUNT - ==> Parameters: 
2026-08-31 15:56:44.268 [http-nio-8081-exec-1] [b903509949164583] DEBUG o.e.s.m.O.list_COUNT - <==      Total: 1
2026-08-31 15:56:44.270 [http-nio-8081-exec-1] [b903509949164583] DEBUG o.e.s.mapper.OperationLogMapper.list - ==>  Preparing: SELECT id, trace_id AS traceId, module, operation, description, method, request_url AS requestUrl, http_method AS httpMethod, request_params AS requestParams, response_body AS responseBody, response_code AS responseCode, operator_name AS operatorName, client_ip AS clientIp, cost_ms AS costMs, status, error_msg AS errorMsg, created_at AS createdAt FROM operation_log ORDER BY created_at DESC LIMIT ?
2026-08-31 15:56:44.271 [http-nio-8081-exec-1] [b903509949164583] DEBUG o.e.s.mapper.OperationLogMapper.list - ==> Parameters: 3(Integer)
2026-08-31 15:56:44.274 [http-nio-8081-exec-1] [b903509949164583] DEBUG o.e.s.mapper.OperationLogMapper.list - <==      Total: 1
2026-08-31 15:56:44.284 [http-nio-8081-exec-1] [b903509949164583] INFO  o.e.s.aspect.ServiceLogAspect -     ◀ 【Service 完成】 OperationLogServiceImpl.list | 123ms
        result :
    PageInfo{pageNum=1, pageSize=3, size=1, startRow=1, endRow=1, total=1, pages=1, list=Page{count=true, pageNum=1, pageSize=3, startRow=0, endRow=3, total=1, pages=1, reasonable=false, pageSizeZero=false}[OperationLog(id=1, traceId=1fa86d53d8e24726, module=teacher, operation=INSERT, description=新增教师, method=TeacherController.insertTeacher, requestUrl=http://127.0.0.1:8081/teacher/insert, httpMethod=POST, requestParams=[ {
  "id" : 1,
  "name" : "张三",
  "gender" : "男",
  "age" : 30
} ], responseBody={
  "code" : 200,
  "message" : "success",
  "content" : true
}, responseCode=200, operatorName=anonymous, clientIp=127.0.0.1, costMs=8, status=1, errorMsg=null, createdAt=2026-08-31T15:42:58)], prePage=0, nextPage=0, isFirstPage=true, isLastPage=true, hasPreviousPage=false, hasNextPage=false, navigatePages=8, navigateFirstPage=1, navigateLastPage=1, navigatepageNums=[1]}

2026-08-31 15:56:44.285 [http-nio-8081-exec-1] [b903509949164583] INFO  o.e.s.aspect.WebLogAspect - 
══════════════════════════════════════════════════════════════
<<< 【API 响应】 OperationLogController.list | 183ms
    result :
PHResult(code=200, message=success, content=PageInfo{pageNum=1, pageSize=3, size=1, startRow=1, endRow=1, total=1, pages=1, list=Page{count=true, pageNum=1, pageSize=3, startRow=0, endRow=3, total=1, pages=1, reasonable=false, pageSizeZero=false}[OperationLog(id=1, traceId=1fa86d53d8e24726, module=teacher, operation=INSERT, description=新增教师, method=TeacherController.insertTeacher, requestUrl=http://127.0.0.1:8081/teacher/insert, httpMethod=POST, requestParams=[ {
  "id" : 1,
  "name" : "张三",
  "gender" : "男",
  "age" : 30
} ], responseBody={
  "code" : 200,
  "message" : "success",
  "content" : true
}, responseCode=200, operatorName=anonymous, clientIp=127.0.0.1, costMs=8, status=1, errorMsg=null, createdAt=2026-08-31T15:42:58)], prePage=0, nextPage=0, isFirstPage=true, isLastPage=true, hasPreviousPage=false, hasNextPage=false, navigatePages=8, navigateFirstPage=1, navigateLastPage=1, navigatepageNums=[1]})
══════════════════════════════════════════════════════════════

2026-08-31 15:56:44.322 [http-nio-8081-exec-2] [] INFO  o.a.coyote.http11.Http11Processor - Error parsing HTTP request header
 Note: further occurrences of HTTP request parsing errors will be logged at DEBUG level.
java.lang.IllegalArgumentException: Invalid character found in the request target [/teacher/info?name=0xe50xbc0xa00xe40xb80x89 ]. The valid characters are defined in RFC 7230 and RFC 3986
	at org.apache.coyote.http11.Http11InputBuffer.parseRequestLine(Http11InputBuffer.java:466)
	at org.apache.coyote.http11.Http11Processor.service(Http11Processor.java:270)
	at org.apache.coyote.AbstractProcessorLight.process(AbstractProcessorLight.java:63)
	at org.apache.coyote.AbstractProtocol$ConnectionHandler.process(AbstractProtocol.java:903)
	at org.apache.tomcat.util.net.NioEndpoint$SocketProcessor.doRun(NioEndpoint.java:1801)
	at org.apache.tomcat.util.net.SocketProcessorBase.run(SocketProcessorBase.java:52)
	at org.apache.tomcat.util.threads.ThreadPoolExecutor.runWorker(ThreadPoolExecutor.java:946)
	at org.apache.tomcat.util.threads.ThreadPoolExecutor$Worker.run(ThreadPoolExecutor.java:480)
	at org.apache.tomcat.util.threads.TaskThread$WrappingRunnable.run(TaskThread.java:57)
	at java.base/java.lang.Thread.run(Thread.java:1516)
2026-08-31 15:56:52.853 [http-nio-8081-exec-3] [ca1dd4e080f34cfb] INFO  o.e.s.aspect.WebLogAspect - 
══════════════════════════════════════════════════════════════
>>> 【API 请求】 GET /teacher/info?name=%E5%BC%A0%E4%B8%89
    traceId : ca1dd4e080f34cfb
    client  : 127.0.0.1
    handler : TeacherController.getTeachersByName
    headers : {
  "Host" : "127.0.0.1:8081",
  "User-Agent" : "curl/8.7.1",
  "Accept" : "*/*"
}
    args    : [ "张三" ]
══════════════════════════════════════════════════════════════

2026-08-31 15:56:52.853 [http-nio-8081-exec-3] [ca1dd4e080f34cfb] INFO  o.e.s.aspect.ServiceLogAspect -     ▶ 【Service 进入】 TeacherServiceImpl.getTeachersInfoByName
        args :
    [ "张三" ]

2026-08-31 15:56:52.855 [http-nio-8081-exec-3] [ca1dd4e080f34cfb] DEBUG o.e.s.m.TeacherMapper.listByName - ==>  Preparing: SELECT id, name, age, gender FROM teacher WHERE name = ? ORDER BY id
2026-08-31 15:56:52.856 [http-nio-8081-exec-3] [ca1dd4e080f34cfb] DEBUG o.e.s.m.TeacherMapper.listByName - ==> Parameters: 张三(String)
2026-08-31 15:56:52.858 [http-nio-8081-exec-3] [ca1dd4e080f34cfb] DEBUG o.e.s.m.TeacherMapper.listByName - <==      Total: 1
2026-08-31 15:56:52.858 [http-nio-8081-exec-3] [ca1dd4e080f34cfb] DEBUG o.e.s.m.S.listByTeacherId - ==>  Preparing: SELECT id, name, age, gender, chinese, math, english, teacher_id AS teacherId FROM student WHERE teacher_id = ? ORDER BY id
2026-08-31 15:56:52.859 [http-nio-8081-exec-3] [ca1dd4e080f34cfb] DEBUG o.e.s.m.S.listByTeacherId - ==> Parameters: 1(Integer)
2026-08-31 15:56:52.860 [http-nio-8081-exec-3] [ca1dd4e080f34cfb] DEBUG o.e.s.m.S.listByTeacherId - <==      Total: 0
2026-08-31 15:56:52.862 [http-nio-8081-exec-3] [ca1dd4e080f34cfb] INFO  o.e.s.aspect.ServiceLogAspect -     ◀ 【Service 完成】 TeacherServiceImpl.getTeachersInfoByName | 7ms
        result :
    [ {
  "id" : 1,
  "name" : "张三",
  "gender" : "男",
  "age" : 30,
  "students" : [ ]
} ]

2026-08-31 15:56:52.862 [http-nio-8081-exec-3] [ca1dd4e080f34cfb] INFO  o.e.s.aspect.WebLogAspect - 
══════════════════════════════════════════════════════════════
<<< 【API 响应】 TeacherController.getTeachersByName | 10ms
    result :
{
  "code" : 200,
  "message" : "success",
  "content" : [ {
    "id" : 1,
    "name" : "张三",
    "gender" : "男",
    "age" : 30,
    "students" : [ ]
  } ]
}
══════════════════════════════════════════════════════════════

2026-08-31 15:56:52.900 [http-nio-8081-exec-5] [ed5457b4841641e1] INFO  o.e.s.aspect.WebLogAspect - 
══════════════════════════════════════════════════════════════
>>> 【API 请求】 POST /teacher/insert
    traceId : ed5457b4841641e1
    client  : 127.0.0.1
    handler : TeacherController.insertTeacher
    headers : {
  "Host" : "127.0.0.1:8081",
  "User-Agent" : "curl/8.7.1",
  "Accept" : "*/*",
  "Content-Type" : "application/json",
  "Content-Length" : "48"
}
    args    : [ {
  "id" : 2,
  "name" : "李四",
  "gender" : "女",
  "age" : 28
} ]
══════════════════════════════════════════════════════════════

2026-08-31 15:56:52.901 [http-nio-8081-exec-5] [ed5457b4841641e1] INFO  o.e.s.aspect.ServiceLogAspect -     ▶ 【Service 进入】 TeacherServiceImpl.insertTeacherInfo
        args :
    [ {
  "id" : 2,
  "name" : "李四",
  "gender" : "女",
  "age" : 28
} ]

2026-08-31 15:56:52.901 [http-nio-8081-exec-5] [ed5457b4841641e1] DEBUG o.e.s.mapper.TeacherMapper.listById - ==>  Preparing: SELECT id, name, age, gender FROM teacher WHERE id = ? ORDER BY id
2026-08-31 15:56:52.901 [http-nio-8081-exec-5] [ed5457b4841641e1] DEBUG o.e.s.mapper.TeacherMapper.listById - ==> Parameters: 2(Integer)
2026-08-31 15:56:52.902 [http-nio-8081-exec-5] [ed5457b4841641e1] DEBUG o.e.s.mapper.TeacherMapper.listById - <==      Total: 0
2026-08-31 15:56:52.902 [http-nio-8081-exec-5] [ed5457b4841641e1] DEBUG o.e.s.m.T.insertTeacherInfo - ==>  Preparing: INSERT INTO teacher (id, name, age, gender) VALUES (?, ?, ?, ?)
2026-08-31 15:56:52.903 [http-nio-8081-exec-5] [ed5457b4841641e1] DEBUG o.e.s.m.T.insertTeacherInfo - ==> Parameters: 2(Integer), 李四(String), 28(Integer), 女(String)
2026-08-31 15:56:52.904 [http-nio-8081-exec-5] [ed5457b4841641e1] DEBUG o.e.s.m.T.insertTeacherInfo - <==    Updates: 1
2026-08-31 15:56:52.904 [http-nio-8081-exec-5] [ed5457b4841641e1] INFO  o.e.s.aspect.ServiceLogAspect -     ◀ 【Service 完成】 TeacherServiceImpl.insertTeacherInfo | 3ms
        result :
    true

2026-08-31 15:56:52.904 [http-nio-8081-exec-5] [ed5457b4841641e1] INFO  o.e.s.aspect.WebLogAspect - 
══════════════════════════════════════════════════════════════
<<< 【API 响应】 TeacherController.insertTeacher | 4ms
    result :
{
  "code" : 200,
  "message" : "success",
  "content" : true
}
══════════════════════════════════════════════════════════════

2026-08-31 15:56:52.905 [task-1] [] INFO  o.e.s.aspect.ServiceLogAspect -     ▶ 【Service 进入】 OperationLogServiceImpl.saveAsync
        args :
    [OperationLog(id=null, traceId=ed5457b4841641e1, module=teacher, operation=INSERT, description=新增教师, method=TeacherController.insertTeacher, requestUrl=http://127.0.0.1:8081/teacher/insert, httpMethod=POST, requestParams=[ {
  "id" : 2,
  "name" : "李四",
  "gender" : "女",
  "age" : 28
} ], responseBody={
  "code" : 200,
  "message" : "success",
  "content" : true
}, responseCode=200, operatorName=anonymous, clientIp=127.0.0.1, costMs=5, status=1, errorMsg=null, createdAt=2026-08-31T15:56:52.905052)]

2026-08-31 15:56:52.906 [task-1] [] DEBUG o.e.s.m.OperationLogMapper.insert - ==>  Preparing: INSERT INTO operation_log ( trace_id, module, operation, description, method, request_url, http_method, request_params, response_body, response_code, operator_name, client_ip, cost_ms, status, error_msg, created_at ) VALUES ( ?, ?, ?, ?, ?, ?, ?, ?, ?, ?, ?, ?, ?, ?, ?, ? )
2026-08-31 15:56:52.906 [task-1] [] DEBUG o.e.s.m.OperationLogMapper.insert - ==> Parameters: ed5457b4841641e1(String), teacher(String), INSERT(String), 新增教师(String), TeacherController.insertTeacher(String), http://127.0.0.1:8081/teacher/insert(String), POST(String), [ {
  "id" : 2,
  "name" : "李四",
  "gender" : "女",
  "age" : 28
} ](String), {
  "code" : 200,
  "message" : "success",
  "content" : true
}(String), 200(Integer), anonymous(String), 127.0.0.1(String), 5(Integer), 1(Integer), null, 2026-08-31T15:56:52.905052(LocalDateTime)
2026-08-31 15:56:52.908 [task-1] [] DEBUG o.e.s.m.OperationLogMapper.insert - <==    Updates: 1
2026-08-31 15:56:52.908 [task-1] [] INFO  o.e.s.s.impl.OperationLogServiceImpl - 审计日志已写入数据库, module=teacher, operation=INSERT, status=1
2026-08-31 15:56:52.908 [task-1] [] INFO  o.e.s.aspect.ServiceLogAspect -     ◀ 【Service 完成】 OperationLogServiceImpl.saveAsync | 3ms
        result :
    null

2026-08-31 15:56:53.924 [http-nio-8081-exec-7] [05fced038a4e4768] INFO  o.e.s.aspect.WebLogAspect - 
══════════════════════════════════════════════════════════════
>>> 【API 请求】 GET /operation-log/list?pageNum=1&pageSize=5
    traceId : 05fced038a4e4768
    client  : 127.0.0.1
    handler : OperationLogController.list
    headers : {
  "Host" : "127.0.0.1:8081",
  "User-Agent" : "curl/8.7.1",
  "Accept" : "*/*"
}
    args    : [ null, null, 1, 5 ]
══════════════════════════════════════════════════════════════

2026-08-31 15:56:53.924 [http-nio-8081-exec-7] [05fced038a4e4768] INFO  o.e.s.aspect.ServiceLogAspect -     ▶ 【Service 进入】 OperationLogServiceImpl.list
        args :
    [ null, null, 1, 5 ]

2026-08-31 15:56:53.929 [http-nio-8081-exec-7] [05fced038a4e4768] DEBUG o.e.s.m.O.list_COUNT - ==>  Preparing: SELECT count(0) FROM operation_log
2026-08-31 15:56:53.929 [http-nio-8081-exec-7] [05fced038a4e4768] DEBUG o.e.s.m.O.list_COUNT - ==> Parameters: 
2026-08-31 15:56:53.930 [http-nio-8081-exec-7] [05fced038a4e4768] DEBUG o.e.s.m.O.list_COUNT - <==      Total: 1
2026-08-31 15:56:53.930 [http-nio-8081-exec-7] [05fced038a4e4768] DEBUG o.e.s.mapper.OperationLogMapper.list - ==>  Preparing: SELECT id, trace_id AS traceId, module, operation, description, method, request_url AS requestUrl, http_method AS httpMethod, request_params AS requestParams, response_body AS responseBody, response_code AS responseCode, operator_name AS operatorName, client_ip AS clientIp, cost_ms AS costMs, status, error_msg AS errorMsg, created_at AS createdAt FROM operation_log ORDER BY created_at DESC LIMIT ?
2026-08-31 15:56:53.931 [http-nio-8081-exec-7] [05fced038a4e4768] DEBUG o.e.s.mapper.OperationLogMapper.list - ==> Parameters: 5(Integer)
2026-08-31 15:56:53.933 [http-nio-8081-exec-7] [05fced038a4e4768] DEBUG o.e.s.mapper.OperationLogMapper.list - <==      Total: 2
2026-08-31 15:56:53.933 [http-nio-8081-exec-7] [05fced038a4e4768] INFO  o.e.s.aspect.ServiceLogAspect -     ◀ 【Service 完成】 OperationLogServiceImpl.list | 9ms
        result :
    PageInfo{pageNum=1, pageSize=5, size=2, startRow=1, endRow=2, total=2, pages=1, list=Page{count=true, pageNum=1, pageSize=5, startRow=0, endRow=5, total=2, pages=1, reasonable=false, pageSizeZero=false}[OperationLog(id=2, traceId=ed5457b4841641e1, module=teacher, operation=INSERT, description=新增教师, method=TeacherController.insertTeacher, requestUrl=http://127.0.0.1:8081/teacher/insert, httpMethod=POST, requestParams=[ {
  "id" : 2,
  "name" : "李四",
  "gender" : "女",
  "age" : 28
} ], responseBody={
  "code" : 200,
  "message" : "success",
  "content" : true
}, responseCode=200, operatorName=anonymous, clientIp=127.0.0.1, costMs=5, status=1, errorMsg=null, createdAt=2026-08-31T15:56:53), OperationLog(id=1, traceId=1fa86d53d8e24726, module=teacher, operation=INSERT, description=新增教师, method=TeacherController.insertTeacher, requestUrl=http://127.0.0.1:8081/teacher/insert, httpMethod=POST, requestParams=[ {
  "id" : 1,
  "name" : "张三",
  "gender" : "男",
  "age" : 30
} ], responseBody={
  "code" : 200,
  "message" : "success",
  "content" : true
}, responseCode=200, operatorName=anonymous, clientIp=127.0.0.1, costMs=8, status=1, errorMsg=null, createdAt=2026-08-31T15:42:58)], prePage=0, nextPage=0, isFirstPage=true, isLastPage=true, hasPreviousPage=false, hasNextPage=false, navigatePages=8, navigateFirstPage=1, navigateLastPage=1, navigatepageNums=[1]}

2026-08-31 15:56:53.934 [http-nio-8081-exec-7] [05fced038a4e4768] INFO  o.e.s.aspect.WebLogAspect - 
══════════════════════════════════════════════════════════════
<<< 【API 响应】 OperationLogController.list | 11ms
    result :
PHResult(code=200, message=success, content=PageInfo{pageNum=1, pageSize=5, size=2, startRow=1, endRow=2, total=2, pages=1, list=Page{count=true, pageNum=1, pageSize=5, startRow=0, endRow=5, total=2, pages=1, reasonable=false, pageSizeZero=false}[OperationLog(id=2, traceId=ed5457b4841641e1, module=teacher, operation=INSERT, description=新增教师, method=TeacherController.insertTeacher, requestUrl=http://127.0.0.1:8081/teacher/insert, httpMethod=POST, requestParams=[ {
  "id" : 2,
  "name" : "李四",
  "gender" : "女",
  "age" : 28
} ], responseBody={
  "code" : 200,
  "message" : "success",
  "content" : true
}, responseCode=200, operatorName=anonymous, clientIp=127.0.0.1, costMs=5, status=1, errorMsg=null, createdAt=2026-08-31T15:56:53), OperationLog(id=1, traceId=1fa86d53d8e24726, module=teacher, operation=INSERT, description=新增教师, method=TeacherController.insertTeacher, requestUrl=http://127.0.0.1:8081/teacher/insert, httpMethod=POST, requestParams=[ {
  "id" : 1,
  "name" : "张三",
  "gender" : "男",
  "age" : 30
} ], responseBody={
  "code" : 200,
  "message" : "success",
  "content" : true
}, responseCode=200, operatorName=anonymous, clientIp=127.0.0.1, costMs=8, status=1, errorMsg=null, createdAt=2026-08-31T15:42:58)], prePage=0, nextPage=0, isFirstPage=true, isLastPage=true, hasPreviousPage=false, hasNextPage=false, navigatePages=8, navigateFirstPage=1, navigateLastPage=1, navigatepageNums=[1]})
══════════════════════════════════════════════════════════════

2026-08-31 15:58:49.286 [http-nio-8081-exec-8] [1990cd27b3164c60] INFO  o.e.s.aspect.WebLogAspect - 
══════════════════════════════════════════════════════════════
>>> 【API 请求】 GET /teacher/info?name=%E5%BC%A0%E4%B8%89
    traceId : 1990cd27b3164c60
    client  : 127.0.0.1
    handler : TeacherController.getTeachersByName
    headers : {
  "Host" : "127.0.0.1:8081",
  "User-Agent" : "curl/8.7.1",
  "Accept" : "*/*"
}
    args    : [ "张三" ]
══════════════════════════════════════════════════════════════

2026-08-31 15:58:49.286 [http-nio-8081-exec-8] [1990cd27b3164c60] INFO  o.e.s.aspect.ServiceLogAspect -     ▶ 【Service 进入】 TeacherServiceImpl.getTeachersInfoByName
        args :
    [ "张三" ]

2026-08-31 15:58:49.287 [http-nio-8081-exec-8] [1990cd27b3164c60] DEBUG o.e.s.m.TeacherMapper.listByName - ==>  Preparing: SELECT id, name, age, gender FROM teacher WHERE name = ? ORDER BY id
2026-08-31 15:58:49.288 [http-nio-8081-exec-8] [1990cd27b3164c60] DEBUG o.e.s.m.TeacherMapper.listByName - ==> Parameters: 张三(String)
2026-08-31 15:58:49.289 [http-nio-8081-exec-8] [1990cd27b3164c60] DEBUG o.e.s.m.TeacherMapper.listByName - <==      Total: 1
2026-08-31 15:58:49.289 [http-nio-8081-exec-8] [1990cd27b3164c60] DEBUG o.e.s.m.S.listByTeacherId - ==>  Preparing: SELECT id, name, age, gender, chinese, math, english, teacher_id AS teacherId FROM student WHERE teacher_id = ? ORDER BY id
2026-08-31 15:58:49.290 [http-nio-8081-exec-8] [1990cd27b3164c60] DEBUG o.e.s.m.S.listByTeacherId - ==> Parameters: 1(Integer)
2026-08-31 15:58:49.291 [http-nio-8081-exec-8] [1990cd27b3164c60] DEBUG o.e.s.m.S.listByTeacherId - <==      Total: 0
2026-08-31 15:58:49.292 [http-nio-8081-exec-8] [1990cd27b3164c60] INFO  o.e.s.aspect.ServiceLogAspect -     ◀ 【Service 完成】 TeacherServiceImpl.getTeachersInfoByName | 6ms
        result :
    [ {
  "id" : 1,
  "name" : "张三",
  "gender" : "男",
  "age" : 30,
  "students" : [ ]
} ]

2026-08-31 15:58:49.292 [http-nio-8081-exec-8] [1990cd27b3164c60] INFO  o.e.s.aspect.WebLogAspect - 
══════════════════════════════════════════════════════════════
<<< 【API 响应】 TeacherController.getTeachersByName | 6ms
    result :
{
  "code" : 200,
  "message" : "success",
  "content" : [ {
    "id" : 1,
    "name" : "张三",
    "gender" : "男",
    "age" : 30,
    "students" : [ ]
  } ]
}
══════════════════════════════════════════════════════════════

2026-08-31 15:58:49.305 [http-nio-8081-exec-10] [d75cfed7009247bd] INFO  o.e.s.aspect.WebLogAspect - 
══════════════════════════════════════════════════════════════
>>> 【API 请求】 GET /teacher/infoById?id=1&pageNum=1&pageSize=5
    traceId : d75cfed7009247bd
    client  : 127.0.0.1
    handler : TeacherController.getTeacherInfoById
    headers : {
  "Host" : "127.0.0.1:8081",
  "User-Agent" : "curl/8.7.1",
  "Accept" : "*/*"
}
    args    : [ 1, 1, 5 ]
══════════════════════════════════════════════════════════════

2026-08-31 15:58:49.305 [http-nio-8081-exec-10] [d75cfed7009247bd] INFO  o.e.s.aspect.ServiceLogAspect -     ▶ 【Service 进入】 TeacherServiceImpl.getTeacherInfoById
        args :
    [ 1, 1, 5 ]

2026-08-31 15:58:49.306 [http-nio-8081-exec-10] [d75cfed7009247bd] DEBUG o.e.s.mapper.TeacherMapper.listById - ==>  Preparing: SELECT id, name, age, gender FROM teacher WHERE id = ? ORDER BY id
2026-08-31 15:58:49.307 [http-nio-8081-exec-10] [d75cfed7009247bd] DEBUG o.e.s.mapper.TeacherMapper.listById - ==> Parameters: 1(Integer)
2026-08-31 15:58:49.308 [http-nio-8081-exec-10] [d75cfed7009247bd] DEBUG o.e.s.mapper.TeacherMapper.listById - <==      Total: 1
2026-08-31 15:58:49.312 [http-nio-8081-exec-10] [d75cfed7009247bd] DEBUG o.e.s.m.S.listByTeacherId_COUNT - ==>  Preparing: SELECT count(0) FROM student WHERE teacher_id = ?
2026-08-31 15:58:49.313 [http-nio-8081-exec-10] [d75cfed7009247bd] DEBUG o.e.s.m.S.listByTeacherId_COUNT - ==> Parameters: 1(Integer)
2026-08-31 15:58:49.314 [http-nio-8081-exec-10] [d75cfed7009247bd] DEBUG o.e.s.m.S.listByTeacherId_COUNT - <==      Total: 1
2026-08-31 15:58:49.317 [http-nio-8081-exec-10] [d75cfed7009247bd] INFO  o.e.s.aspect.ServiceLogAspect -     ◀ 【Service 完成】 TeacherServiceImpl.getTeacherInfoById | 9ms
        result :
    {
  "id" : 1,
  "name" : "张三",
  "gender" : "男",
  "age" : 30,
  "students" : [ ],
  "total" : 0,
  "pageNum" : 1,
  "pageSize" : 5,
  "pages" : 0
}

2026-08-31 15:58:49.318 [http-nio-8081-exec-10] [d75cfed7009247bd] INFO  o.e.s.aspect.WebLogAspect - 
══════════════════════════════════════════════════════════════
<<< 【API 响应】 TeacherController.getTeacherInfoById | 13ms
    result :
{
  "code" : 200,
  "message" : "success",
  "content" : {
    "id" : 1,
    "name" : "张三",
    "gender" : "男",
    "age" : 30,
    "students" : [ ],
    "total" : 0,
    "pageNum" : 1,
    "pageSize" : 5,
    "pages" : 0
  }
}
══════════════════════════════════════════════════════════════

2026-08-31 15:58:49.332 [http-nio-8081-exec-2] [2619846c83924656] INFO  o.e.s.aspect.WebLogAspect - 
══════════════════════════════════════════════════════════════
>>> 【API 请求】 GET /student/info?name=x
    traceId : 2619846c83924656
    client  : 127.0.0.1
    handler : StudentController.getStudentsByName
    headers : {
  "Host" : "127.0.0.1:8081",
  "User-Agent" : "curl/8.7.1",
  "Accept" : "*/*"
}
    args    : [ "x" ]
══════════════════════════════════════════════════════════════

2026-08-31 15:58:49.332 [http-nio-8081-exec-2] [2619846c83924656] INFO  o.e.s.aspect.ServiceLogAspect -     ▶ 【Service 进入】 StudentServiceImpl.getStudentsByName
        args :
    [ "x" ]

2026-08-31 15:58:49.333 [http-nio-8081-exec-2] [2619846c83924656] DEBUG o.e.s.m.StudentMapper.listByName - ==>  Preparing: SELECT id, name, age, gender, chinese, math, english, teacher_id AS teacherId FROM student WHERE name = ? ORDER BY id
2026-08-31 15:58:49.334 [http-nio-8081-exec-2] [2619846c83924656] DEBUG o.e.s.m.StudentMapper.listByName - ==> Parameters: x(String)
2026-08-31 15:58:49.335 [http-nio-8081-exec-2] [2619846c83924656] DEBUG o.e.s.m.StudentMapper.listByName - <==      Total: 0
2026-08-31 15:58:49.335 [http-nio-8081-exec-2] [2619846c83924656] INFO  o.e.s.aspect.ServiceLogAspect -     ◀ 【Service 完成】 StudentServiceImpl.getStudentsByName | 3ms
        result :
    [ ]

2026-08-31 15:58:49.335 [http-nio-8081-exec-2] [2619846c83924656] INFO  o.e.s.aspect.WebLogAspect - 
══════════════════════════════════════════════════════════════
<<< 【API 响应】 StudentController.getStudentsByName | 4ms
    result :
{
  "code" : 200,
  "message" : "success",
  "content" : [ ]
}
══════════════════════════════════════════════════════════════

2026-08-31 15:58:49.347 [http-nio-8081-exec-4] [11ecf050360f4153] INFO  o.e.s.aspect.WebLogAspect - 
══════════════════════════════════════════════════════════════
>>> 【API 请求】 GET /operation-log/list?pageNum=1&pageSize=2
    traceId : 11ecf050360f4153
    client  : 127.0.0.1
    handler : OperationLogController.list
    headers : {
  "Host" : "127.0.0.1:8081",
  "User-Agent" : "curl/8.7.1",
  "Accept" : "*/*"
}
    args    : [ null, null, 1, 2 ]
══════════════════════════════════════════════════════════════

2026-08-31 15:58:49.347 [http-nio-8081-exec-4] [11ecf050360f4153] INFO  o.e.s.aspect.ServiceLogAspect -     ▶ 【Service 进入】 OperationLogServiceImpl.list
        args :
    [ null, null, 1, 2 ]

2026-08-31 15:58:49.350 [http-nio-8081-exec-4] [11ecf050360f4153] DEBUG o.e.s.m.O.list_COUNT - ==>  Preparing: SELECT count(0) FROM operation_log
2026-08-31 15:58:49.351 [http-nio-8081-exec-4] [11ecf050360f4153] DEBUG o.e.s.m.O.list_COUNT - ==> Parameters: 
2026-08-31 15:58:49.352 [http-nio-8081-exec-4] [11ecf050360f4153] DEBUG o.e.s.m.O.list_COUNT - <==      Total: 1
2026-08-31 15:58:49.352 [http-nio-8081-exec-4] [11ecf050360f4153] DEBUG o.e.s.mapper.OperationLogMapper.list - ==>  Preparing: SELECT id, trace_id AS traceId, module, operation, description, method, request_url AS requestUrl, http_method AS httpMethod, request_params AS requestParams, response_body AS responseBody, response_code AS responseCode, operator_name AS operatorName, client_ip AS clientIp, cost_ms AS costMs, status, error_msg AS errorMsg, created_at AS createdAt FROM operation_log ORDER BY created_at DESC LIMIT ?
2026-08-31 15:58:49.353 [http-nio-8081-exec-4] [11ecf050360f4153] DEBUG o.e.s.mapper.OperationLogMapper.list - ==> Parameters: 2(Integer)
2026-08-31 15:58:49.354 [http-nio-8081-exec-4] [11ecf050360f4153] DEBUG o.e.s.mapper.OperationLogMapper.list - <==      Total: 2
2026-08-31 15:58:49.355 [http-nio-8081-exec-4] [11ecf050360f4153] INFO  o.e.s.aspect.ServiceLogAspect -     ◀ 【Service 完成】 OperationLogServiceImpl.list | 8ms
        result :
    PageInfo{pageNum=1, pageSize=2, size=2, startRow=1, endRow=2, total=2, pages=1, list=Page{count=true, pageNum=1, pageSize=2, startRow=0, endRow=2, total=2, pages=1, reasonable=false, pageSizeZero=false}[OperationLog(id=2, traceId=ed5457b4841641e1, module=teacher, operation=INSERT, description=新增教师, method=TeacherController.insertTeacher, requestUrl=http://127.0.0.1:8081/teacher/insert, httpMethod=POST, requestParams=[ {
  "id" : 2,
  "name" : "李四",
  "gender" : "女",
  "age" : 28
} ], responseBody={
  "code" : 200,
  "message" : "success",
  "content" : true
}, responseCode=200, operatorName=anonymous, clientIp=127.0.0.1, costMs=5, status=1, errorMsg=null, createdAt=2026-08-31T15:56:53), OperationLog(id=1, traceId=1fa86d53d8e24726, module=teacher, operation=INSERT, description=新增教师, method=TeacherController.insertTeacher, requestUrl=http://127.0.0.1:8081/teacher/insert, httpMethod=POST, requestParams=[ {
  "id" : 1,
  "name" : "张三",
  "gender" : "男",
  "age" : 30
} ], responseBody={
  "code" : 200,
  "message" : "success",
  "content" : true
}, responseCode=200, operatorName=anonymous, clientIp=127.0.0.1, costMs=8, status=1, errorMsg=null, createdAt=2026-08-31T15:42:58)], prePage=0, nextPage=0, isFirstPage=true, isLastPage=true, hasPreviousPage=false, hasNextPage=false, navigatePages=8, navigateFirstPage=1, navigateLastPage=1, navigatepageNums=[1]}

2026-08-31 15:58:49.356 [http-nio-8081-exec-4] [11ecf050360f4153] INFO  o.e.s.aspect.WebLogAspect - 
══════════════════════════════════════════════════════════════
<<< 【API 响应】 OperationLogController.list | 9ms
    result :
PHResult(code=200, message=success, content=PageInfo{pageNum=1, pageSize=2, size=2, startRow=1, endRow=2, total=2, pages=1, list=Page{count=true, pageNum=1, pageSize=2, startRow=0, endRow=2, total=2, pages=1, reasonable=false, pageSizeZero=false}[OperationLog(id=2, traceId=ed5457b4841641e1, module=teacher, operation=INSERT, description=新增教师, method=TeacherController.insertTeacher, requestUrl=http://127.0.0.1:8081/teacher/insert, httpMethod=POST, requestParams=[ {
  "id" : 2,
  "name" : "李四",
  "gender" : "女",
  "age" : 28
} ], responseBody={
  "code" : 200,
  "message" : "success",
  "content" : true
}, responseCode=200, operatorName=anonymous, clientIp=127.0.0.1, costMs=5, status=1, errorMsg=null, createdAt=2026-08-31T15:56:53), OperationLog(id=1, traceId=1fa86d53d8e24726, module=teacher, operation=INSERT, description=新增教师, method=TeacherController.insertTeacher, requestUrl=http://127.0.0.1:8081/teacher/insert, httpMethod=POST, requestParams=[ {
  "id" : 1,
  "name" : "张三",
  "gender" : "男",
  "age" : 30
} ], responseBody={
  "code" : 200,
  "message" : "success",
  "content" : true
}, responseCode=200, operatorName=anonymous, clientIp=127.0.0.1, costMs=8, status=1, errorMsg=null, createdAt=2026-08-31T15:42:58)], prePage=0, nextPage=0, isFirstPage=true, isLastPage=true, hasPreviousPage=false, hasNextPage=false, navigatePages=8, navigateFirstPage=1, navigateLastPage=1, navigatepageNums=[1]})
══════════════════════════════════════════════════════════════

2026-08-31 15:58:49.372 [http-nio-8081-exec-6] [64e53cc791b64393] ERROR o.e.s.common.GlobalExceptionHandler - 
══════════════════════════════════════════════════════════════
✖ 【系统异常】 traceId=64e53cc791b64393
    detail :
"No static resource login for request '/login'."
══════════════════════════════════════════════════════════════

org.springframework.web.servlet.resource.NoResourceFoundException: No static resource login for request '/login'.
	at org.springframework.web.servlet.resource.ResourceHttpRequestHandler.handleRequest(ResourceHttpRequestHandler.java:526)
	at org.springframework.web.servlet.mvc.HttpRequestHandlerAdapter.handle(HttpRequestHandlerAdapter.java:50)
	at org.springframework.web.servlet.DispatcherServlet.doDispatch(DispatcherServlet.java:963)
	at org.springframework.web.servlet.DispatcherServlet.doService(DispatcherServlet.java:866)
	at org.springframework.web.servlet.FrameworkServlet.processRequest(FrameworkServlet.java:1000)
	at org.springframework.web.servlet.FrameworkServlet.doGet(FrameworkServlet.java:892)
	at jakarta.servlet.http.HttpServlet.service(HttpServlet.java:622)
	at org.springframework.web.servlet.FrameworkServlet.service(FrameworkServlet.java:874)
	at jakarta.servlet.http.HttpServlet.service(HttpServlet.java:710)
	at org.apache.catalina.core.ApplicationFilterChain.doFilter(ApplicationFilterChain.java:128)
	at org.apache.tomcat.websocket.server.WsFilter.doFilter(WsFilter.java:53)
	at org.apache.catalina.core.ApplicationFilterChain.doFilter(ApplicationFilterChain.java:107)
	at org.springframework.web.filter.RequestContextFilter.doFilterInternal(RequestContextFilter.java:100)
	at org.springframework.web.filter.OncePerRequestFilter.doFilter(OncePerRequestFilter.java:116)
	at org.apache.catalina.core.ApplicationFilterChain.doFilter(ApplicationFilterChain.java:107)
	at org.springframework.web.filter.FormContentFilter.doFilterInternal(FormContentFilter.java:93)
	at org.springframework.web.filter.OncePerRequestFilter.doFilter(OncePerRequestFilter.java:116)
	at org.apache.catalina.core.ApplicationFilterChain.doFilter(ApplicationFilterChain.java:107)
	at org.springframework.web.filter.CharacterEncodingFilter.doFilterInternal(CharacterEncodingFilter.java:199)
	at org.springframework.web.filter.OncePerRequestFilter.doFilter(OncePerRequestFilter.java:116)
	at org.apache.catalina.core.ApplicationFilterChain.doFilter(ApplicationFilterChain.java:107)
	at org.example.studentsystem.filter.TraceFilter.doFilter(TraceFilter.java:29)
	at org.apache.catalina.core.ApplicationFilterChain.doFilter(ApplicationFilterChain.java:107)
	at org.apache.catalina.core.StandardWrapperValve.invoke(StandardWrapperValve.java:165)
	at org.apache.catalina.core.StandardContextValve.invoke(StandardContextValve.java:77)
	at org.apache.catalina.authenticator.AuthenticatorBase.invoke(AuthenticatorBase.java:492)
	at org.apache.catalina.core.StandardHostValve.invoke(StandardHostValve.java:113)
	at org.apache.catalina.valves.ErrorReportValve.invoke(ErrorReportValve.java:83)
	at org.apache.catalina.core.StandardEngineValve.invoke(StandardEngineValve.java:72)
	at org.apache.catalina.connector.CoyoteAdapter.service(CoyoteAdapter.java:341)
	at org.apache.coyote.http11.Http11Processor.service(Http11Processor.java:397)
	at org.apache.coyote.AbstractProcessorLight.process(AbstractProcessorLight.java:63)
	at org.apache.coyote.AbstractProtocol$ConnectionHandler.process(AbstractProtocol.java:903)
	at org.apache.tomcat.util.net.NioEndpoint$SocketProcessor.doRun(NioEndpoint.java:1801)
	at org.apache.tomcat.util.net.SocketProcessorBase.run(SocketProcessorBase.java:52)
	at org.apache.tomcat.util.threads.ThreadPoolExecutor.runWorker(ThreadPoolExecutor.java:946)
	at org.apache.tomcat.util.threads.ThreadPoolExecutor$Worker.run(ThreadPoolExecutor.java:480)
	at org.apache.tomcat.util.threads.TaskThread$WrappingRunnable.run(TaskThread.java:57)
	at java.base/java.lang.Thread.run(Thread.java:1516)
2026-08-31 15:58:49.386 [http-nio-8081-exec-7] [d07fe98f1bc442c8] ERROR o.e.s.common.GlobalExceptionHandler - 
══════════════════════════════════════════════════════════════
✖ 【系统异常】 traceId=d07fe98f1bc442c8
    detail :
"No static resource teacher/list for request '/teacher/list'."
══════════════════════════════════════════════════════════════

org.springframework.web.servlet.resource.NoResourceFoundException: No static resource teacher/list for request '/teacher/list'.
	at org.springframework.web.servlet.resource.ResourceHttpRequestHandler.handleRequest(ResourceHttpRequestHandler.java:526)
	at org.springframework.web.servlet.mvc.HttpRequestHandlerAdapter.handle(HttpRequestHandlerAdapter.java:50)
	at org.springframework.web.servlet.DispatcherServlet.doDispatch(DispatcherServlet.java:963)
	at org.springframework.web.servlet.DispatcherServlet.doService(DispatcherServlet.java:866)
	at org.springframework.web.servlet.FrameworkServlet.processRequest(FrameworkServlet.java:1000)
	at org.springframework.web.servlet.FrameworkServlet.doGet(FrameworkServlet.java:892)
	at jakarta.servlet.http.HttpServlet.service(HttpServlet.java:622)
	at org.springframework.web.servlet.FrameworkServlet.service(FrameworkServlet.java:874)
	at jakarta.servlet.http.HttpServlet.service(HttpServlet.java:710)
	at org.apache.catalina.core.ApplicationFilterChain.doFilter(ApplicationFilterChain.java:128)
	at org.apache.tomcat.websocket.server.WsFilter.doFilter(WsFilter.java:53)
	at org.apache.catalina.core.ApplicationFilterChain.doFilter(ApplicationFilterChain.java:107)
	at org.springframework.web.filter.RequestContextFilter.doFilterInternal(RequestContextFilter.java:100)
	at org.springframework.web.filter.OncePerRequestFilter.doFilter(OncePerRequestFilter.java:116)
	at org.apache.catalina.core.ApplicationFilterChain.doFilter(ApplicationFilterChain.java:107)
	at org.springframework.web.filter.FormContentFilter.doFilterInternal(FormContentFilter.java:93)
	at org.springframework.web.filter.OncePerRequestFilter.doFilter(OncePerRequestFilter.java:116)
	at org.apache.catalina.core.ApplicationFilterChain.doFilter(ApplicationFilterChain.java:107)
	at org.springframework.web.filter.CharacterEncodingFilter.doFilterInternal(CharacterEncodingFilter.java:199)
	at org.springframework.web.filter.OncePerRequestFilter.doFilter(OncePerRequestFilter.java:116)
	at org.apache.catalina.core.ApplicationFilterChain.doFilter(ApplicationFilterChain.java:107)
	at org.example.studentsystem.filter.TraceFilter.doFilter(TraceFilter.java:29)
	at org.apache.catalina.core.ApplicationFilterChain.doFilter(ApplicationFilterChain.java:107)
	at org.apache.catalina.core.StandardWrapperValve.invoke(StandardWrapperValve.java:165)
	at org.apache.catalina.core.StandardContextValve.invoke(StandardContextValve.java:77)
	at org.apache.catalina.authenticator.AuthenticatorBase.invoke(AuthenticatorBase.java:492)
	at org.apache.catalina.core.StandardHostValve.invoke(StandardHostValve.java:113)
	at org.apache.catalina.valves.ErrorReportValve.invoke(ErrorReportValve.java:83)
	at org.apache.catalina.core.StandardEngineValve.invoke(StandardEngineValve.java:72)
	at org.apache.catalina.connector.CoyoteAdapter.service(CoyoteAdapter.java:341)
	at org.apache.coyote.http11.Http11Processor.service(Http11Processor.java:397)
	at org.apache.coyote.AbstractProcessorLight.process(AbstractProcessorLight.java:63)
	at org.apache.coyote.AbstractProtocol$ConnectionHandler.process(AbstractProtocol.java:903)
	at org.apache.tomcat.util.net.NioEndpoint$SocketProcessor.doRun(NioEndpoint.java:1801)
	at org.apache.tomcat.util.net.SocketProcessorBase.run(SocketProcessorBase.java:52)
	at org.apache.tomcat.util.threads.ThreadPoolExecutor.runWorker(ThreadPoolExecutor.java:946)
	at org.apache.tomcat.util.threads.ThreadPoolExecutor$Worker.run(ThreadPoolExecutor.java:480)
	at org.apache.tomcat.util.threads.TaskThread$WrappingRunnable.run(TaskThread.java:57)
	at java.base/java.lang.Thread.run(Thread.java:1516)
2026-08-31 16:03:13.347 [SpringApplicationShutdownHook] [] INFO  o.s.boot.tomcat.GracefulShutdown - Commencing graceful shutdown. Waiting for active requests to complete
2026-08-31 16:03:13.352 [tomcat-shutdown] [] INFO  o.s.boot.tomcat.GracefulShutdown - Graceful shutdown complete
2026-08-31 16:03:13.355 [SpringApplicationShutdownHook] [] INFO  com.zaxxer.hikari.HikariDataSource - HikariPool-1 - Shutdown initiated...
2026-08-31 16:03:13.359 [SpringApplicationShutdownHook] [] INFO  com.zaxxer.hikari.HikariDataSource - HikariPool-1 - Shutdown completed.
2026-08-31 16:03:53.453 [main] [] INFO  o.e.s.StudentSystemApplication - Starting StudentSystemApplication using Java 26 with PID 5372 (/Users/hepan/Desktop/java/target/classes started by hepan in /Users/hepan/Desktop/java)
2026-08-31 16:03:53.453 [main] [] INFO  o.e.s.StudentSystemApplication - No active profile set, falling back to 1 default profile: "default"
2026-08-31 16:03:53.511 [background-preinit] [] INFO  o.h.validator.internal.util.Version - HV000001: Hibernate Validator 9.0.1.Final
2026-08-31 16:03:53.646 [main] [] DEBUG o.apache.ibatis.logging.LogFactory - Logging initialized using 'class org.apache.ibatis.logging.slf4j.Slf4jImpl' adapter.
2026-08-31 16:03:53.831 [main] [] INFO  o.s.boot.tomcat.TomcatWebServer - Tomcat initialized with port 8081 (http)
2026-08-31 16:03:53.834 [main] [] INFO  o.a.coyote.http11.Http11NioProtocol - Initializing ProtocolHandler ["http-nio-8081"]
2026-08-31 16:03:53.835 [main] [] INFO  o.a.catalina.core.StandardService - Starting service [Tomcat]
2026-08-31 16:03:53.835 [main] [] INFO  o.a.catalina.core.StandardEngine - Starting Servlet engine: [Apache Tomcat/11.0.21]
2026-08-31 16:03:53.849 [main] [] INFO  o.s.b.w.c.s.WebApplicationContextInitializer - Root WebApplicationContext: initialization completed in 381 ms
2026-08-31 16:03:54.114 [main] [] INFO  o.a.coyote.http11.Http11NioProtocol - Starting ProtocolHandler ["http-nio-8081"]
2026-08-31 16:03:54.119 [main] [] INFO  o.s.boot.tomcat.TomcatWebServer - Tomcat started on port 8081 (http) with context path '/'
2026-08-31 16:03:54.120 [main] [] INFO  o.e.s.StudentSystemApplication - Started StudentSystemApplication in 0.833 seconds (process running for 0.973)
2026-08-31 16:09:28.198 [http-nio-8081-exec-1] [] INFO  o.a.c.c.C.[Tomcat].[localhost].[/] - Initializing Spring DispatcherServlet 'dispatcherServlet'
2026-08-31 16:09:28.198 [http-nio-8081-exec-1] [] INFO  o.s.web.servlet.DispatcherServlet - Initializing Servlet 'dispatcherServlet'
2026-08-31 16:09:28.199 [http-nio-8081-exec-1] [] INFO  o.s.web.servlet.DispatcherServlet - Completed initialization in 1 ms
2026-08-31 16:09:28.220 [http-nio-8081-exec-1] [a9d8420aa11644fe] ERROR o.e.s.common.GlobalExceptionHandler - 
══════════════════════════════════════════════════════════════
✖ 【系统异常】 traceId=a9d8420aa11644fe
    detail :
"Method parameter 'pageSize': Failed to convert value of type 'java.lang.String' to required type 'int'; For input string: \"10报错Error:connect\""
══════════════════════════════════════════════════════════════

org.springframework.web.method.annotation.MethodArgumentTypeMismatchException: Method parameter 'pageSize': Failed to convert value of type 'java.lang.String' to required type 'int'; For input string: "10报错Error:connect"
	at org.springframework.web.method.annotation.AbstractNamedValueMethodArgumentResolver.convertIfNecessary(AbstractNamedValueMethodArgumentResolver.java:295)
	at org.springframework.web.method.annotation.AbstractNamedValueMethodArgumentResolver.resolveArgument(AbstractNamedValueMethodArgumentResolver.java:134)
	at org.springframework.web.method.support.HandlerMethodArgumentResolverComposite.resolveArgument(HandlerMethodArgumentResolverComposite.java:122)
	at org.springframework.web.method.support.InvocableHandlerMethod.getMethodArgumentValues(InvocableHandlerMethod.java:224)
	at org.springframework.web.method.support.InvocableHandlerMethod.invokeForRequest(InvocableHandlerMethod.java:174)
	at org.springframework.web.servlet.mvc.method.annotation.ServletInvocableHandlerMethod.invokeAndHandle(ServletInvocableHandlerMethod.java:117)
	at org.springframework.web.servlet.mvc.method.annotation.RequestMappingHandlerAdapter.invokeHandlerMethod(RequestMappingHandlerAdapter.java:934)
	at org.springframework.web.servlet.mvc.method.annotation.RequestMappingHandlerAdapter.handleInternal(RequestMappingHandlerAdapter.java:853)
	at org.springframework.web.servlet.mvc.method.AbstractHandlerMethodAdapter.handle(AbstractHandlerMethodAdapter.java:86)
	at org.springframework.web.servlet.DispatcherServlet.doDispatch(DispatcherServlet.java:963)
	at org.springframework.web.servlet.DispatcherServlet.doService(DispatcherServlet.java:866)
	at org.springframework.web.servlet.FrameworkServlet.processRequest(FrameworkServlet.java:1000)
	at org.springframework.web.servlet.FrameworkServlet.doGet(FrameworkServlet.java:892)
	at jakarta.servlet.http.HttpServlet.service(HttpServlet.java:622)
	at org.springframework.web.servlet.FrameworkServlet.service(FrameworkServlet.java:874)
	at jakarta.servlet.http.HttpServlet.service(HttpServlet.java:710)
	at org.apache.catalina.core.ApplicationFilterChain.doFilter(ApplicationFilterChain.java:128)
	at org.apache.tomcat.websocket.server.WsFilter.doFilter(WsFilter.java:53)
	at org.apache.catalina.core.ApplicationFilterChain.doFilter(ApplicationFilterChain.java:107)
	at org.springframework.web.filter.RequestContextFilter.doFilterInternal(RequestContextFilter.java:100)
	at org.springframework.web.filter.OncePerRequestFilter.doFilter(OncePerRequestFilter.java:116)
	at org.apache.catalina.core.ApplicationFilterChain.doFilter(ApplicationFilterChain.java:107)
	at org.springframework.web.filter.FormContentFilter.doFilterInternal(FormContentFilter.java:93)
	at org.springframework.web.filter.OncePerRequestFilter.doFilter(OncePerRequestFilter.java:116)
	at org.apache.catalina.core.ApplicationFilterChain.doFilter(ApplicationFilterChain.java:107)
	at org.springframework.web.filter.CharacterEncodingFilter.doFilterInternal(CharacterEncodingFilter.java:199)
	at org.springframework.web.filter.OncePerRequestFilter.doFilter(OncePerRequestFilter.java:116)
	at org.apache.catalina.core.ApplicationFilterChain.doFilter(ApplicationFilterChain.java:107)
	at org.example.studentsystem.filter.TraceFilter.doFilter(TraceFilter.java:29)
	at org.apache.catalina.core.ApplicationFilterChain.doFilter(ApplicationFilterChain.java:107)
	at org.apache.catalina.core.StandardWrapperValve.invoke(StandardWrapperValve.java:165)
	at org.apache.catalina.core.StandardContextValve.invoke(StandardContextValve.java:77)
	at org.apache.catalina.authenticator.AuthenticatorBase.invoke(AuthenticatorBase.java:492)
	at org.apache.catalina.core.StandardHostValve.invoke(StandardHostValve.java:113)
	at org.apache.catalina.valves.ErrorReportValve.invoke(ErrorReportValve.java:83)
	at org.apache.catalina.core.StandardEngineValve.invoke(StandardEngineValve.java:72)
	at org.apache.catalina.connector.CoyoteAdapter.service(CoyoteAdapter.java:341)
	at org.apache.coyote.http11.Http11Processor.service(Http11Processor.java:397)
	at org.apache.coyote.AbstractProcessorLight.process(AbstractProcessorLight.java:63)
	at org.apache.coyote.AbstractProtocol$ConnectionHandler.process(AbstractProtocol.java:903)
	at org.apache.tomcat.util.net.NioEndpoint$SocketProcessor.doRun(NioEndpoint.java:1801)
	at org.apache.tomcat.util.net.SocketProcessorBase.run(SocketProcessorBase.java:52)
	at org.apache.tomcat.util.threads.ThreadPoolExecutor.runWorker(ThreadPoolExecutor.java:946)
	at org.apache.tomcat.util.threads.ThreadPoolExecutor$Worker.run(ThreadPoolExecutor.java:480)
	at org.apache.tomcat.util.threads.TaskThread$WrappingRunnable.run(TaskThread.java:57)
	at java.base/java.lang.Thread.run(Thread.java:1516)
Caused by: java.lang.NumberFormatException: For input string: "10报错Error:connect"
	at java.base/java.lang.NumberFormatException.forInputString(NumberFormatException.java:67)
	at java.base/java.lang.Integer.parseInt(Integer.java:527)
	at java.base/java.lang.Integer.valueOf(Integer.java:874)
	at org.springframework.util.NumberUtils.parseNumber(NumberUtils.java:201)
	at org.springframework.beans.propertyeditors.CustomNumberEditor.setAsText(CustomNumberEditor.java:115)
	at org.springframework.beans.TypeConverterDelegate.doConvertTextValue(TypeConverterDelegate.java:434)
	at org.springframework.beans.TypeConverterDelegate.doConvertValue(TypeConverterDelegate.java:407)
	at org.springframework.beans.TypeConverterDelegate.convertIfNecessary(TypeConverterDelegate.java:158)
	at org.springframework.beans.TypeConverterSupport.convertIfNecessary(TypeConverterSupport.java:75)
	at org.springframework.beans.TypeConverterSupport.convertIfNecessary(TypeConverterSupport.java:51)
	at org.springframework.validation.DataBinder.convertIfNecessary(DataBinder.java:843)
	at org.springframework.web.method.annotation.AbstractNamedValueMethodArgumentResolver.convertIfNecessary(AbstractNamedValueMethodArgumentResolver.java:287)
	... 45 common frames omitted
2026-08-31 16:09:28.254 [http-nio-8081-exec-3] [f48ae34e63214f44] ERROR o.e.s.common.GlobalExceptionHandler - 
══════════════════════════════════════════════════════════════
✖ 【系统异常】 traceId=f48ae34e63214f44
    detail :
"No static resource apple-touch-icon-precomposed.png for request '/apple-touch-icon-precomposed.png'."
══════════════════════════════════════════════════════════════

org.springframework.web.servlet.resource.NoResourceFoundException: No static resource apple-touch-icon-precomposed.png for request '/apple-touch-icon-precomposed.png'.
	at org.springframework.web.servlet.resource.ResourceHttpRequestHandler.handleRequest(ResourceHttpRequestHandler.java:526)
	at org.springframework.web.servlet.mvc.HttpRequestHandlerAdapter.handle(HttpRequestHandlerAdapter.java:50)
	at org.springframework.web.servlet.DispatcherServlet.doDispatch(DispatcherServlet.java:963)
	at org.springframework.web.servlet.DispatcherServlet.doService(DispatcherServlet.java:866)
	at org.springframework.web.servlet.FrameworkServlet.processRequest(FrameworkServlet.java:1000)
	at org.springframework.web.servlet.FrameworkServlet.doGet(FrameworkServlet.java:892)
	at jakarta.servlet.http.HttpServlet.service(HttpServlet.java:622)
	at org.springframework.web.servlet.FrameworkServlet.service(FrameworkServlet.java:874)
	at jakarta.servlet.http.HttpServlet.service(HttpServlet.java:710)
	at org.apache.catalina.core.ApplicationFilterChain.doFilter(ApplicationFilterChain.java:128)
	at org.apache.tomcat.websocket.server.WsFilter.doFilter(WsFilter.java:53)
	at org.apache.catalina.core.ApplicationFilterChain.doFilter(ApplicationFilterChain.java:107)
	at org.springframework.web.filter.RequestContextFilter.doFilterInternal(RequestContextFilter.java:100)
	at org.springframework.web.filter.OncePerRequestFilter.doFilter(OncePerRequestFilter.java:116)
	at org.apache.catalina.core.ApplicationFilterChain.doFilter(ApplicationFilterChain.java:107)
	at org.springframework.web.filter.FormContentFilter.doFilterInternal(FormContentFilter.java:93)
	at org.springframework.web.filter.OncePerRequestFilter.doFilter(OncePerRequestFilter.java:116)
	at org.apache.catalina.core.ApplicationFilterChain.doFilter(ApplicationFilterChain.java:107)
	at org.springframework.web.filter.CharacterEncodingFilter.doFilterInternal(CharacterEncodingFilter.java:199)
	at org.springframework.web.filter.OncePerRequestFilter.doFilter(OncePerRequestFilter.java:116)
	at org.apache.catalina.core.ApplicationFilterChain.doFilter(ApplicationFilterChain.java:107)
	at org.example.studentsystem.filter.TraceFilter.doFilter(TraceFilter.java:29)
	at org.apache.catalina.core.ApplicationFilterChain.doFilter(ApplicationFilterChain.java:107)
	at org.apache.catalina.core.StandardWrapperValve.invoke(StandardWrapperValve.java:165)
	at org.apache.catalina.core.StandardContextValve.invoke(StandardContextValve.java:77)
	at org.apache.catalina.authenticator.AuthenticatorBase.invoke(AuthenticatorBase.java:492)
	at org.apache.catalina.core.StandardHostValve.invoke(StandardHostValve.java:113)
	at org.apache.catalina.valves.ErrorReportValve.invoke(ErrorReportValve.java:83)
	at org.apache.catalina.core.StandardEngineValve.invoke(StandardEngineValve.java:72)
	at org.apache.catalina.connector.CoyoteAdapter.service(CoyoteAdapter.java:341)
	at org.apache.coyote.http11.Http11Processor.service(Http11Processor.java:397)
	at org.apache.coyote.AbstractProcessorLight.process(AbstractProcessorLight.java:63)
	at org.apache.coyote.AbstractProtocol$ConnectionHandler.process(AbstractProtocol.java:903)
	at org.apache.tomcat.util.net.NioEndpoint$SocketProcessor.doRun(NioEndpoint.java:1801)
	at org.apache.tomcat.util.net.SocketProcessorBase.run(SocketProcessorBase.java:52)
	at org.apache.tomcat.util.threads.ThreadPoolExecutor.runWorker(ThreadPoolExecutor.java:946)
	at org.apache.tomcat.util.threads.ThreadPoolExecutor$Worker.run(ThreadPoolExecutor.java:480)
	at org.apache.tomcat.util.threads.TaskThread$WrappingRunnable.run(TaskThread.java:57)
	at java.base/java.lang.Thread.run(Thread.java:1516)
2026-08-31 16:09:28.254 [http-nio-8081-exec-2] [b06b0cc0a7b54341] ERROR o.e.s.common.GlobalExceptionHandler - 
══════════════════════════════════════════════════════════════
✖ 【系统异常】 traceId=b06b0cc0a7b54341
    detail :
"No static resource favicon.ico for request '/favicon.ico'."
══════════════════════════════════════════════════════════════

org.springframework.web.servlet.resource.NoResourceFoundException: No static resource favicon.ico for request '/favicon.ico'.
	at org.springframework.web.servlet.resource.ResourceHttpRequestHandler.handleRequest(ResourceHttpRequestHandler.java:526)
	at org.springframework.web.servlet.mvc.HttpRequestHandlerAdapter.handle(HttpRequestHandlerAdapter.java:50)
	at org.springframework.web.servlet.DispatcherServlet.doDispatch(DispatcherServlet.java:963)
	at org.springframework.web.servlet.DispatcherServlet.doService(DispatcherServlet.java:866)
	at org.springframework.web.servlet.FrameworkServlet.processRequest(FrameworkServlet.java:1000)
	at org.springframework.web.servlet.FrameworkServlet.doGet(FrameworkServlet.java:892)
	at jakarta.servlet.http.HttpServlet.service(HttpServlet.java:622)
	at org.springframework.web.servlet.FrameworkServlet.service(FrameworkServlet.java:874)
	at jakarta.servlet.http.HttpServlet.service(HttpServlet.java:710)
	at org.apache.catalina.core.ApplicationFilterChain.doFilter(ApplicationFilterChain.java:128)
	at org.apache.tomcat.websocket.server.WsFilter.doFilter(WsFilter.java:53)
	at org.apache.catalina.core.ApplicationFilterChain.doFilter(ApplicationFilterChain.java:107)
	at org.springframework.web.filter.RequestContextFilter.doFilterInternal(RequestContextFilter.java:100)
	at org.springframework.web.filter.OncePerRequestFilter.doFilter(OncePerRequestFilter.java:116)
	at org.apache.catalina.core.ApplicationFilterChain.doFilter(ApplicationFilterChain.java:107)
	at org.springframework.web.filter.FormContentFilter.doFilterInternal(FormContentFilter.java:93)
	at org.springframework.web.filter.OncePerRequestFilter.doFilter(OncePerRequestFilter.java:116)
	at org.apache.catalina.core.ApplicationFilterChain.doFilter(ApplicationFilterChain.java:107)
	at org.springframework.web.filter.CharacterEncodingFilter.doFilterInternal(CharacterEncodingFilter.java:199)
	at org.springframework.web.filter.OncePerRequestFilter.doFilter(OncePerRequestFilter.java:116)
	at org.apache.catalina.core.ApplicationFilterChain.doFilter(ApplicationFilterChain.java:107)
	at org.example.studentsystem.filter.TraceFilter.doFilter(TraceFilter.java:29)
	at org.apache.catalina.core.ApplicationFilterChain.doFilter(ApplicationFilterChain.java:107)
	at org.apache.catalina.core.StandardWrapperValve.invoke(StandardWrapperValve.java:165)
	at org.apache.catalina.core.StandardContextValve.invoke(StandardContextValve.java:77)
	at org.apache.catalina.authenticator.AuthenticatorBase.invoke(AuthenticatorBase.java:492)
	at org.apache.catalina.core.StandardHostValve.invoke(StandardHostValve.java:113)
	at org.apache.catalina.valves.ErrorReportValve.invoke(ErrorReportValve.java:83)
	at org.apache.catalina.core.StandardEngineValve.invoke(StandardEngineValve.java:72)
	at org.apache.catalina.connector.CoyoteAdapter.service(CoyoteAdapter.java:341)
	at org.apache.coyote.http11.Http11Processor.service(Http11Processor.java:397)
	at org.apache.coyote.AbstractProcessorLight.process(AbstractProcessorLight.java:63)
	at org.apache.coyote.AbstractProtocol$ConnectionHandler.process(AbstractProtocol.java:903)
	at org.apache.tomcat.util.net.NioEndpoint$SocketProcessor.doRun(NioEndpoint.java:1801)
	at org.apache.tomcat.util.net.SocketProcessorBase.run(SocketProcessorBase.java:52)
	at org.apache.tomcat.util.threads.ThreadPoolExecutor.runWorker(ThreadPoolExecutor.java:946)
	at org.apache.tomcat.util.threads.ThreadPoolExecutor$Worker.run(ThreadPoolExecutor.java:480)
	at org.apache.tomcat.util.threads.TaskThread$WrappingRunnable.run(TaskThread.java:57)
	at java.base/java.lang.Thread.run(Thread.java:1516)
2026-08-31 16:09:28.303 [http-nio-8081-exec-4] [03b1ece713a34181] ERROR o.e.s.common.GlobalExceptionHandler - 
══════════════════════════════════════════════════════════════
✖ 【系统异常】 traceId=03b1ece713a34181
    detail :
"No static resource apple-touch-icon.png for request '/apple-touch-icon.png'."
══════════════════════════════════════════════════════════════

org.springframework.web.servlet.resource.NoResourceFoundException: No static resource apple-touch-icon.png for request '/apple-touch-icon.png'.
	at org.springframework.web.servlet.resource.ResourceHttpRequestHandler.handleRequest(ResourceHttpRequestHandler.java:526)
	at org.springframework.web.servlet.mvc.HttpRequestHandlerAdapter.handle(HttpRequestHandlerAdapter.java:50)
	at org.springframework.web.servlet.DispatcherServlet.doDispatch(DispatcherServlet.java:963)
	at org.springframework.web.servlet.DispatcherServlet.doService(DispatcherServlet.java:866)
	at org.springframework.web.servlet.FrameworkServlet.processRequest(FrameworkServlet.java:1000)
	at org.springframework.web.servlet.FrameworkServlet.doGet(FrameworkServlet.java:892)
	at jakarta.servlet.http.HttpServlet.service(HttpServlet.java:622)
	at org.springframework.web.servlet.FrameworkServlet.service(FrameworkServlet.java:874)
	at jakarta.servlet.http.HttpServlet.service(HttpServlet.java:710)
	at org.apache.catalina.core.ApplicationFilterChain.doFilter(ApplicationFilterChain.java:128)
	at org.apache.tomcat.websocket.server.WsFilter.doFilter(WsFilter.java:53)
	at org.apache.catalina.core.ApplicationFilterChain.doFilter(ApplicationFilterChain.java:107)
	at org.springframework.web.filter.RequestContextFilter.doFilterInternal(RequestContextFilter.java:100)
	at org.springframework.web.filter.OncePerRequestFilter.doFilter(OncePerRequestFilter.java:116)
	at org.apache.catalina.core.ApplicationFilterChain.doFilter(ApplicationFilterChain.java:107)
	at org.springframework.web.filter.FormContentFilter.doFilterInternal(FormContentFilter.java:93)
	at org.springframework.web.filter.OncePerRequestFilter.doFilter(OncePerRequestFilter.java:116)
	at org.apache.catalina.core.ApplicationFilterChain.doFilter(ApplicationFilterChain.java:107)
	at org.springframework.web.filter.CharacterEncodingFilter.doFilterInternal(CharacterEncodingFilter.java:199)
	at org.springframework.web.filter.OncePerRequestFilter.doFilter(OncePerRequestFilter.java:116)
	at org.apache.catalina.core.ApplicationFilterChain.doFilter(ApplicationFilterChain.java:107)
	at org.example.studentsystem.filter.TraceFilter.doFilter(TraceFilter.java:29)
	at org.apache.catalina.core.ApplicationFilterChain.doFilter(ApplicationFilterChain.java:107)
	at org.apache.catalina.core.StandardWrapperValve.invoke(StandardWrapperValve.java:165)
	at org.apache.catalina.core.StandardContextValve.invoke(StandardContextValve.java:77)
	at org.apache.catalina.authenticator.AuthenticatorBase.invoke(AuthenticatorBase.java:492)
	at org.apache.catalina.core.StandardHostValve.invoke(StandardHostValve.java:113)
	at org.apache.catalina.valves.ErrorReportValve.invoke(ErrorReportValve.java:83)
	at org.apache.catalina.core.StandardEngineValve.invoke(StandardEngineValve.java:72)
	at org.apache.catalina.connector.CoyoteAdapter.service(CoyoteAdapter.java:341)
	at org.apache.coyote.http11.Http11Processor.service(Http11Processor.java:397)
	at org.apache.coyote.AbstractProcessorLight.process(AbstractProcessorLight.java:63)
	at org.apache.coyote.AbstractProtocol$ConnectionHandler.process(AbstractProtocol.java:903)
	at org.apache.tomcat.util.net.NioEndpoint$SocketProcessor.doRun(NioEndpoint.java:1801)
	at org.apache.tomcat.util.net.SocketProcessorBase.run(SocketProcessorBase.java:52)
	at org.apache.tomcat.util.threads.ThreadPoolExecutor.runWorker(ThreadPoolExecutor.java:946)
	at org.apache.tomcat.util.threads.ThreadPoolExecutor$Worker.run(ThreadPoolExecutor.java:480)
	at org.apache.tomcat.util.threads.TaskThread$WrappingRunnable.run(TaskThread.java:57)
	at java.base/java.lang.Thread.run(Thread.java:1516)
2026-08-31 16:09:28.350 [http-nio-8081-exec-5] [b75c48ecd27a4a57] ERROR o.e.s.common.GlobalExceptionHandler - 
══════════════════════════════════════════════════════════════
✖ 【系统异常】 traceId=b75c48ecd27a4a57
    detail :
"No static resource favicon.ico for request '/favicon.ico'."
══════════════════════════════════════════════════════════════

org.springframework.web.servlet.resource.NoResourceFoundException: No static resource favicon.ico for request '/favicon.ico'.
	at org.springframework.web.servlet.resource.ResourceHttpRequestHandler.handleRequest(ResourceHttpRequestHandler.java:526)
	at org.springframework.web.servlet.mvc.HttpRequestHandlerAdapter.handle(HttpRequestHandlerAdapter.java:50)
	at org.springframework.web.servlet.DispatcherServlet.doDispatch(DispatcherServlet.java:963)
	at org.springframework.web.servlet.DispatcherServlet.doService(DispatcherServlet.java:866)
	at org.springframework.web.servlet.FrameworkServlet.processRequest(FrameworkServlet.java:1000)
	at org.springframework.web.servlet.FrameworkServlet.doGet(FrameworkServlet.java:892)
	at jakarta.servlet.http.HttpServlet.service(HttpServlet.java:622)
	at org.springframework.web.servlet.FrameworkServlet.service(FrameworkServlet.java:874)
	at jakarta.servlet.http.HttpServlet.service(HttpServlet.java:710)
	at org.apache.catalina.core.ApplicationFilterChain.doFilter(ApplicationFilterChain.java:128)
	at org.apache.tomcat.websocket.server.WsFilter.doFilter(WsFilter.java:53)
	at org.apache.catalina.core.ApplicationFilterChain.doFilter(ApplicationFilterChain.java:107)
	at org.springframework.web.filter.RequestContextFilter.doFilterInternal(RequestContextFilter.java:100)
	at org.springframework.web.filter.OncePerRequestFilter.doFilter(OncePerRequestFilter.java:116)
	at org.apache.catalina.core.ApplicationFilterChain.doFilter(ApplicationFilterChain.java:107)
	at org.springframework.web.filter.FormContentFilter.doFilterInternal(FormContentFilter.java:93)
	at org.springframework.web.filter.OncePerRequestFilter.doFilter(OncePerRequestFilter.java:116)
	at org.apache.catalina.core.ApplicationFilterChain.doFilter(ApplicationFilterChain.java:107)
	at org.springframework.web.filter.CharacterEncodingFilter.doFilterInternal(CharacterEncodingFilter.java:199)
	at org.springframework.web.filter.OncePerRequestFilter.doFilter(OncePerRequestFilter.java:116)
	at org.apache.catalina.core.ApplicationFilterChain.doFilter(ApplicationFilterChain.java:107)
	at org.example.studentsystem.filter.TraceFilter.doFilter(TraceFilter.java:29)
	at org.apache.catalina.core.ApplicationFilterChain.doFilter(ApplicationFilterChain.java:107)
	at org.apache.catalina.core.StandardWrapperValve.invoke(StandardWrapperValve.java:165)
	at org.apache.catalina.core.StandardContextValve.invoke(StandardContextValve.java:77)
	at org.apache.catalina.authenticator.AuthenticatorBase.invoke(AuthenticatorBase.java:492)
	at org.apache.catalina.core.StandardHostValve.invoke(StandardHostValve.java:113)
	at org.apache.catalina.valves.ErrorReportValve.invoke(ErrorReportValve.java:83)
	at org.apache.catalina.core.StandardEngineValve.invoke(StandardEngineValve.java:72)
	at org.apache.catalina.connector.CoyoteAdapter.service(CoyoteAdapter.java:341)
	at org.apache.coyote.http11.Http11Processor.service(Http11Processor.java:397)
	at org.apache.coyote.AbstractProcessorLight.process(AbstractProcessorLight.java:63)
	at org.apache.coyote.AbstractProtocol$ConnectionHandler.process(AbstractProtocol.java:903)
	at org.apache.tomcat.util.net.NioEndpoint$SocketProcessor.doRun(NioEndpoint.java:1801)
	at org.apache.tomcat.util.net.SocketProcessorBase.run(SocketProcessorBase.java:52)
	at org.apache.tomcat.util.threads.ThreadPoolExecutor.runWorker(ThreadPoolExecutor.java:946)
	at org.apache.tomcat.util.threads.ThreadPoolExecutor$Worker.run(ThreadPoolExecutor.java:480)
	at org.apache.tomcat.util.threads.TaskThread$WrappingRunnable.run(TaskThread.java:57)
	at java.base/java.lang.Thread.run(Thread.java:1516)
2026-08-31 16:09:36.051 [main] [] INFO  o.e.s.StudentSystemApplication - Starting StudentSystemApplication using Java 26 with PID 5594 (/Users/hepan/Desktop/java/target/classes started by hepan in /Users/hepan/Desktop/java)
2026-08-31 16:09:36.052 [main] [] INFO  o.e.s.StudentSystemApplication - No active profile set, falling back to 1 default profile: "default"
2026-08-31 16:09:36.113 [background-preinit] [] INFO  o.h.validator.internal.util.Version - HV000001: Hibernate Validator 9.0.1.Final
2026-08-31 16:09:36.265 [main] [] DEBUG o.apache.ibatis.logging.LogFactory - Logging initialized using 'class org.apache.ibatis.logging.slf4j.Slf4jImpl' adapter.
2026-08-31 16:09:36.462 [main] [] INFO  o.s.boot.tomcat.TomcatWebServer - Tomcat initialized with port 8081 (http)
2026-08-31 16:09:36.466 [main] [] INFO  o.a.coyote.http11.Http11NioProtocol - Initializing ProtocolHandler ["http-nio-8081"]
2026-08-31 16:09:36.466 [main] [] INFO  o.a.catalina.core.StandardService - Starting service [Tomcat]
2026-08-31 16:09:36.466 [main] [] INFO  o.a.catalina.core.StandardEngine - Starting Servlet engine: [Apache Tomcat/11.0.21]
2026-08-31 16:09:36.482 [main] [] INFO  o.s.b.w.c.s.WebApplicationContextInitializer - Root WebApplicationContext: initialization completed in 415 ms
2026-08-31 16:09:36.776 [main] [] INFO  o.a.coyote.http11.Http11NioProtocol - Starting ProtocolHandler ["http-nio-8081"]
2026-08-31 16:09:36.783 [main] [] WARN  o.s.b.w.s.s.c.AnnotationConfigServletWebServerApplicationContext - Exception encountered during context initialization - cancelling refresh attempt: org.springframework.context.ApplicationContextException: Failed to start bean 'webServerStartStop'
2026-08-31 16:09:36.786 [main] [] INFO  o.s.b.a.l.ConditionEvaluationReportLogger - 

Error starting ApplicationContext. To display the condition evaluation report re-run your application with 'debug' enabled.
2026-08-31 16:09:36.790 [main] [] ERROR o.s.b.d.LoggingFailureAnalysisReporter - 

***************************
APPLICATION FAILED TO START
***************************

Description:

Web server failed to start. Port 8081 was already in use.

Action:

Identify and stop the process that's listening on port 8081 or configure this application to listen on another port.

2026-08-31 16:09:49.922 [http-nio-8081-exec-6] [30373b14df24439e] INFO  o.e.s.aspect.WebLogAspect - 
══════════════════════════════════════════════════════════════
>>> 【API 请求】 GET /teacher/infoById?id=1001&pageNum=3&pageSize=10
    traceId : 30373b14df24439e
    client  : 127.0.0.1
    handler : TeacherController.getTeacherInfoById
    headers : {
  "Host" : "127.0.0.1:8081",
  "User-Agent" : "curl/8.7.1",
  "Accept" : "*/*"
}
    args    : [ 1001, 3, 10 ]
══════════════════════════════════════════════════════════════

2026-08-31 16:09:49.922 [http-nio-8081-exec-6] [30373b14df24439e] INFO  o.e.s.aspect.ServiceLogAspect -     ▶ 【Service 进入】 TeacherServiceImpl.getTeacherInfoById
        args :
    [ 1001, 3, 10 ]

2026-08-31 16:09:49.930 [http-nio-8081-exec-6] [30373b14df24439e] INFO  com.zaxxer.hikari.HikariDataSource - HikariPool-1 - Starting...
2026-08-31 16:09:49.988 [http-nio-8081-exec-6] [30373b14df24439e] INFO  com.zaxxer.hikari.pool.HikariPool - HikariPool-1 - Added connection com.mysql.cj.jdbc.ConnectionImpl@61983b34
2026-08-31 16:09:49.989 [http-nio-8081-exec-6] [30373b14df24439e] INFO  com.zaxxer.hikari.HikariDataSource - HikariPool-1 - Start completed.
2026-08-31 16:09:49.992 [http-nio-8081-exec-6] [30373b14df24439e] DEBUG o.e.s.mapper.TeacherMapper.listById - ==>  Preparing: SELECT id, name, age, gender FROM teacher WHERE id = ? ORDER BY id
2026-08-31 16:09:50.000 [http-nio-8081-exec-6] [30373b14df24439e] DEBUG o.e.s.mapper.TeacherMapper.listById - ==> Parameters: 1001(Integer)
2026-08-31 16:09:50.008 [http-nio-8081-exec-6] [30373b14df24439e] DEBUG o.e.s.mapper.TeacherMapper.listById - <==      Total: 0
2026-08-31 16:09:50.010 [http-nio-8081-exec-6] [30373b14df24439e] WARN  o.e.s.aspect.ServiceLogAspect -     ✖ 【Service 异常】 TeacherServiceImpl.getTeacherInfoById | 88ms
        error :
    "教师不存在"

org.example.studentsystem.common.BusinessException: 教师不存在
	at org.example.studentsystem.service.impl.TeacherServiceImpl.getTeacherInfoById(TeacherServiceImpl.java:38)
	at java.base/jdk.internal.reflect.DirectMethodHandleAccessor.invoke(DirectMethodHandleAccessor.java:104)
	at java.base/java.lang.reflect.Method.invoke(Method.java:565)
	at org.springframework.aop.support.AopUtils.invokeJoinpointUsingReflection(AopUtils.java:359)
	at org.springframework.aop.framework.ReflectiveMethodInvocation.invokeJoinpoint(ReflectiveMethodInvocation.java:190)
	at org.springframework.aop.framework.ReflectiveMethodInvocation.proceed(ReflectiveMethodInvocation.java:158)
	at org.springframework.aop.aspectj.MethodInvocationProceedingJoinPoint.proceed(MethodInvocationProceedingJoinPoint.java:82)
	at org.example.studentsystem.aspect.ServiceLogAspect.around(ServiceLogAspect.java:35)
	at java.base/jdk.internal.reflect.DirectMethodHandleAccessor.invoke(DirectMethodHandleAccessor.java:104)
	at java.base/java.lang.reflect.Method.invoke(Method.java:565)
	at org.springframework.aop.aspectj.AbstractAspectJAdvice.invokeAdviceMethodWithGivenArgs(AbstractAspectJAdvice.java:648)
	at org.springframework.aop.aspectj.AbstractAspectJAdvice.invokeAdviceMethod(AbstractAspectJAdvice.java:630)
	at org.springframework.aop.aspectj.AspectJAroundAdvice.invoke(AspectJAroundAdvice.java:70)
	at org.springframework.aop.framework.ReflectiveMethodInvocation.proceed(ReflectiveMethodInvocation.java:179)
	at org.springframework.aop.interceptor.ExposeInvocationInterceptor.invoke(ExposeInvocationInterceptor.java:96)
	at org.springframework.aop.framework.ReflectiveMethodInvocation.proceed(ReflectiveMethodInvocation.java:179)
	at org.springframework.aop.framework.CglibAopProxy$DynamicAdvisedInterceptor.intercept(CglibAopProxy.java:719)
	at org.example.studentsystem.service.impl.TeacherServiceImpl$$SpringCGLIB$$0.getTeacherInfoById(<generated>)
	at org.example.studentsystem.controller.TeacherController.getTeacherInfoById(TeacherController.java:35)
	at java.base/jdk.internal.reflect.DirectMethodHandleAccessor.invoke(DirectMethodHandleAccessor.java:104)
	at java.base/java.lang.reflect.Method.invoke(Method.java:565)
	at org.springframework.aop.support.AopUtils.invokeJoinpointUsingReflection(AopUtils.java:359)
	at org.springframework.aop.framework.ReflectiveMethodInvocation.invokeJoinpoint(ReflectiveMethodInvocation.java:190)
	at org.springframework.aop.framework.ReflectiveMethodInvocation.proceed(ReflectiveMethodInvocation.java:158)
	at org.springframework.aop.aspectj.MethodInvocationProceedingJoinPoint.proceed(MethodInvocationProceedingJoinPoint.java:82)
	at org.example.studentsystem.aspect.WebLogAspect.around(WebLogAspect.java:56)
	at java.base/jdk.internal.reflect.DirectMethodHandleAccessor.invoke(DirectMethodHandleAccessor.java:104)
	at java.base/java.lang.reflect.Method.invoke(Method.java:565)
	at org.springframework.aop.aspectj.AbstractAspectJAdvice.invokeAdviceMethodWithGivenArgs(AbstractAspectJAdvice.java:648)
	at org.springframework.aop.aspectj.AbstractAspectJAdvice.invokeAdviceMethod(AbstractAspectJAdvice.java:630)
	at org.springframework.aop.aspectj.AspectJAroundAdvice.invoke(AspectJAroundAdvice.java:70)
	at org.springframework.aop.framework.ReflectiveMethodInvocation.proceed(ReflectiveMethodInvocation.java:179)
	at org.springframework.aop.interceptor.ExposeInvocationInterceptor.invoke(ExposeInvocationInterceptor.java:96)
	at org.springframework.aop.framework.ReflectiveMethodInvocation.proceed(ReflectiveMethodInvocation.java:179)
	at org.springframework.aop.framework.CglibAopProxy$DynamicAdvisedInterceptor.intercept(CglibAopProxy.java:719)
	at org.example.studentsystem.controller.TeacherController$$SpringCGLIB$$0.getTeacherInfoById(<generated>)
	at java.base/jdk.internal.reflect.DirectMethodHandleAccessor.invoke(DirectMethodHandleAccessor.java:104)
	at java.base/java.lang.reflect.Method.invoke(Method.java:565)
	at org.springframework.web.method.support.InvocableHandlerMethod.doInvoke(InvocableHandlerMethod.java:252)
	at org.springframework.web.method.support.InvocableHandlerMethod.invokeForRequest(InvocableHandlerMethod.java:184)
	at org.springframework.web.servlet.mvc.method.annotation.ServletInvocableHandlerMethod.invokeAndHandle(ServletInvocableHandlerMethod.java:117)
	at org.springframework.web.servlet.mvc.method.annotation.RequestMappingHandlerAdapter.invokeHandlerMethod(RequestMappingHandlerAdapter.java:934)
	at org.springframework.web.servlet.mvc.method.annotation.RequestMappingHandlerAdapter.handleInternal(RequestMappingHandlerAdapter.java:853)
	at org.springframework.web.servlet.mvc.method.AbstractHandlerMethodAdapter.handle(AbstractHandlerMethodAdapter.java:86)
	at org.springframework.web.servlet.DispatcherServlet.doDispatch(DispatcherServlet.java:963)
	at org.springframework.web.servlet.DispatcherServlet.doService(DispatcherServlet.java:866)
	at org.springframework.web.servlet.FrameworkServlet.processRequest(FrameworkServlet.java:1000)
	at org.springframework.web.servlet.FrameworkServlet.doGet(FrameworkServlet.java:892)
	at jakarta.servlet.http.HttpServlet.service(HttpServlet.java:622)
	at org.springframework.web.servlet.FrameworkServlet.service(FrameworkServlet.java:874)
	at jakarta.servlet.http.HttpServlet.service(HttpServlet.java:710)
	at org.apache.catalina.core.ApplicationFilterChain.doFilter(ApplicationFilterChain.java:128)
	at org.apache.tomcat.websocket.server.WsFilter.doFilter(WsFilter.java:53)
	at org.apache.catalina.core.ApplicationFilterChain.doFilter(ApplicationFilterChain.java:107)
	at org.springframework.web.filter.RequestContextFilter.doFilterInternal(RequestContextFilter.java:100)
	at org.springframework.web.filter.OncePerRequestFilter.doFilter(OncePerRequestFilter.java:116)
	at org.apache.catalina.core.ApplicationFilterChain.doFilter(ApplicationFilterChain.java:107)
	at org.springframework.web.filter.FormContentFilter.doFilterInternal(FormContentFilter.java:93)
	at org.springframework.web.filter.OncePerRequestFilter.doFilter(OncePerRequestFilter.java:116)
	at org.apache.catalina.core.ApplicationFilterChain.doFilter(ApplicationFilterChain.java:107)
	at org.springframework.web.filter.CharacterEncodingFilter.doFilterInternal(CharacterEncodingFilter.java:199)
	at org.springframework.web.filter.OncePerRequestFilter.doFilter(OncePerRequestFilter.java:116)
	at org.apache.catalina.core.ApplicationFilterChain.doFilter(ApplicationFilterChain.java:107)
	at org.example.studentsystem.filter.TraceFilter.doFilter(TraceFilter.java:29)
	at org.apache.catalina.core.ApplicationFilterChain.doFilter(ApplicationFilterChain.java:107)
	at org.apache.catalina.core.StandardWrapperValve.invoke(StandardWrapperValve.java:165)
	at org.apache.catalina.core.StandardContextValve.invoke(StandardContextValve.java:77)
	at org.apache.catalina.authenticator.AuthenticatorBase.invoke(AuthenticatorBase.java:492)
	at org.apache.catalina.core.StandardHostValve.invoke(StandardHostValve.java:113)
	at org.apache.catalina.valves.ErrorReportValve.invoke(ErrorReportValve.java:83)
	at org.apache.catalina.core.StandardEngineValve.invoke(StandardEngineValve.java:72)
	at org.apache.catalina.connector.CoyoteAdapter.service(CoyoteAdapter.java:341)
	at org.apache.coyote.http11.Http11Processor.service(Http11Processor.java:397)
	at org.apache.coyote.AbstractProcessorLight.process(AbstractProcessorLight.java:63)
	at org.apache.coyote.AbstractProtocol$ConnectionHandler.process(AbstractProtocol.java:903)
	at org.apache.tomcat.util.net.NioEndpoint$SocketProcessor.doRun(NioEndpoint.java:1801)
	at org.apache.tomcat.util.net.SocketProcessorBase.run(SocketProcessorBase.java:52)
	at org.apache.tomcat.util.threads.ThreadPoolExecutor.runWorker(ThreadPoolExecutor.java:946)
	at org.apache.tomcat.util.threads.ThreadPoolExecutor$Worker.run(ThreadPoolExecutor.java:480)
	at org.apache.tomcat.util.threads.TaskThread$WrappingRunnable.run(TaskThread.java:57)
	at java.base/java.lang.Thread.run(Thread.java:1516)
2026-08-31 16:09:50.010 [http-nio-8081-exec-6] [30373b14df24439e] WARN  o.e.s.aspect.WebLogAspect - 
══════════════════════════════════════════════════════════════
⚠ 【API 业务失败】 TeacherController.getTeacherInfoById | 92ms
    error :
"教师不存在"
══════════════════════════════════════════════════════════════

2026-08-31 16:09:50.011 [http-nio-8081-exec-6] [30373b14df24439e] WARN  o.e.s.common.GlobalExceptionHandler - 
══════════════════════════════════════════════════════════════
⚠ 【业务异常】 traceId=30373b14df24439e
    detail :
"教师不存在"
══════════════════════════════════════════════════════════════

2026-08-31 16:10:32.194 [http-nio-8081-exec-10] [a017e4482a6a4dad] ERROR o.e.s.common.GlobalExceptionHandler - 
══════════════════════════════════════════════════════════════
✖ 【系统异常】 traceId=a017e4482a6a4dad
    detail :
"Method parameter 'pageSize': Failed to convert value of type 'java.lang.String' to required type 'int'; For input string: \"10报错Error:connect\""
══════════════════════════════════════════════════════════════

org.springframework.web.method.annotation.MethodArgumentTypeMismatchException: Method parameter 'pageSize': Failed to convert value of type 'java.lang.String' to required type 'int'; For input string: "10报错Error:connect"
	at org.springframework.web.method.annotation.AbstractNamedValueMethodArgumentResolver.convertIfNecessary(AbstractNamedValueMethodArgumentResolver.java:295)
	at org.springframework.web.method.annotation.AbstractNamedValueMethodArgumentResolver.resolveArgument(AbstractNamedValueMethodArgumentResolver.java:134)
	at org.springframework.web.method.support.HandlerMethodArgumentResolverComposite.resolveArgument(HandlerMethodArgumentResolverComposite.java:122)
	at org.springframework.web.method.support.InvocableHandlerMethod.getMethodArgumentValues(InvocableHandlerMethod.java:224)
	at org.springframework.web.method.support.InvocableHandlerMethod.invokeForRequest(InvocableHandlerMethod.java:174)
	at org.springframework.web.servlet.mvc.method.annotation.ServletInvocableHandlerMethod.invokeAndHandle(ServletInvocableHandlerMethod.java:117)
	at org.springframework.web.servlet.mvc.method.annotation.RequestMappingHandlerAdapter.invokeHandlerMethod(RequestMappingHandlerAdapter.java:934)
	at org.springframework.web.servlet.mvc.method.annotation.RequestMappingHandlerAdapter.handleInternal(RequestMappingHandlerAdapter.java:853)
	at org.springframework.web.servlet.mvc.method.AbstractHandlerMethodAdapter.handle(AbstractHandlerMethodAdapter.java:86)
	at org.springframework.web.servlet.DispatcherServlet.doDispatch(DispatcherServlet.java:963)
	at org.springframework.web.servlet.DispatcherServlet.doService(DispatcherServlet.java:866)
	at org.springframework.web.servlet.FrameworkServlet.processRequest(FrameworkServlet.java:1000)
	at org.springframework.web.servlet.FrameworkServlet.doGet(FrameworkServlet.java:892)
	at jakarta.servlet.http.HttpServlet.service(HttpServlet.java:622)
	at org.springframework.web.servlet.FrameworkServlet.service(FrameworkServlet.java:874)
	at jakarta.servlet.http.HttpServlet.service(HttpServlet.java:710)
	at org.apache.catalina.core.ApplicationFilterChain.doFilter(ApplicationFilterChain.java:128)
	at org.apache.tomcat.websocket.server.WsFilter.doFilter(WsFilter.java:53)
	at org.apache.catalina.core.ApplicationFilterChain.doFilter(ApplicationFilterChain.java:107)
	at org.springframework.web.filter.RequestContextFilter.doFilterInternal(RequestContextFilter.java:100)
	at org.springframework.web.filter.OncePerRequestFilter.doFilter(OncePerRequestFilter.java:116)
	at org.apache.catalina.core.ApplicationFilterChain.doFilter(ApplicationFilterChain.java:107)
	at org.springframework.web.filter.FormContentFilter.doFilterInternal(FormContentFilter.java:93)
	at org.springframework.web.filter.OncePerRequestFilter.doFilter(OncePerRequestFilter.java:116)
	at org.apache.catalina.core.ApplicationFilterChain.doFilter(ApplicationFilterChain.java:107)
	at org.springframework.web.filter.CharacterEncodingFilter.doFilterInternal(CharacterEncodingFilter.java:199)
	at org.springframework.web.filter.OncePerRequestFilter.doFilter(OncePerRequestFilter.java:116)
	at org.apache.catalina.core.ApplicationFilterChain.doFilter(ApplicationFilterChain.java:107)
	at org.example.studentsystem.filter.TraceFilter.doFilter(TraceFilter.java:29)
	at org.apache.catalina.core.ApplicationFilterChain.doFilter(ApplicationFilterChain.java:107)
	at org.apache.catalina.core.StandardWrapperValve.invoke(StandardWrapperValve.java:165)
	at org.apache.catalina.core.StandardContextValve.invoke(StandardContextValve.java:77)
	at org.apache.catalina.authenticator.AuthenticatorBase.invoke(AuthenticatorBase.java:492)
	at org.apache.catalina.core.StandardHostValve.invoke(StandardHostValve.java:113)
	at org.apache.catalina.valves.ErrorReportValve.invoke(ErrorReportValve.java:83)
	at org.apache.catalina.core.StandardEngineValve.invoke(StandardEngineValve.java:72)
	at org.apache.catalina.connector.CoyoteAdapter.service(CoyoteAdapter.java:341)
	at org.apache.coyote.http11.Http11Processor.service(Http11Processor.java:397)
	at org.apache.coyote.AbstractProcessorLight.process(AbstractProcessorLight.java:63)
	at org.apache.coyote.AbstractProtocol$ConnectionHandler.process(AbstractProtocol.java:903)
	at org.apache.tomcat.util.net.NioEndpoint$SocketProcessor.doRun(NioEndpoint.java:1801)
	at org.apache.tomcat.util.net.SocketProcessorBase.run(SocketProcessorBase.java:52)
	at org.apache.tomcat.util.threads.ThreadPoolExecutor.runWorker(ThreadPoolExecutor.java:946)
	at org.apache.tomcat.util.threads.ThreadPoolExecutor$Worker.run(ThreadPoolExecutor.java:480)
	at org.apache.tomcat.util.threads.TaskThread$WrappingRunnable.run(TaskThread.java:57)
	at java.base/java.lang.Thread.run(Thread.java:1516)
Caused by: java.lang.NumberFormatException: For input string: "10报错Error:connect"
	at java.base/java.lang.NumberFormatException.forInputString(NumberFormatException.java:67)
	at java.base/java.lang.Integer.parseInt(Integer.java:527)
	at java.base/java.lang.Integer.valueOf(Integer.java:874)
	at org.springframework.util.NumberUtils.parseNumber(NumberUtils.java:201)
	at org.springframework.beans.propertyeditors.CustomNumberEditor.setAsText(CustomNumberEditor.java:115)
	at org.springframework.beans.TypeConverterDelegate.doConvertTextValue(TypeConverterDelegate.java:434)
	at org.springframework.beans.TypeConverterDelegate.doConvertValue(TypeConverterDelegate.java:407)
	at org.springframework.beans.TypeConverterDelegate.convertIfNecessary(TypeConverterDelegate.java:158)
	at org.springframework.beans.TypeConverterSupport.convertIfNecessary(TypeConverterSupport.java:75)
	at org.springframework.beans.TypeConverterSupport.convertIfNecessary(TypeConverterSupport.java:51)
	at org.springframework.validation.DataBinder.convertIfNecessary(DataBinder.java:843)
	at org.springframework.web.method.annotation.AbstractNamedValueMethodArgumentResolver.convertIfNecessary(AbstractNamedValueMethodArgumentResolver.java:287)
	... 45 common frames omitted
2026-08-31 16:10:32.209 [http-nio-8081-exec-1] [316d623dd70f4d12] ERROR o.e.s.common.GlobalExceptionHandler - 
══════════════════════════════════════════════════════════════
✖ 【系统异常】 traceId=316d623dd70f4d12
    detail :
"No static resource apple-touch-icon-precomposed.png for request '/apple-touch-icon-precomposed.png'."
══════════════════════════════════════════════════════════════

org.springframework.web.servlet.resource.NoResourceFoundException: No static resource apple-touch-icon-precomposed.png for request '/apple-touch-icon-precomposed.png'.
	at org.springframework.web.servlet.resource.ResourceHttpRequestHandler.handleRequest(ResourceHttpRequestHandler.java:526)
	at org.springframework.web.servlet.mvc.HttpRequestHandlerAdapter.handle(HttpRequestHandlerAdapter.java:50)
	at org.springframework.web.servlet.DispatcherServlet.doDispatch(DispatcherServlet.java:963)
	at org.springframework.web.servlet.DispatcherServlet.doService(DispatcherServlet.java:866)
	at org.springframework.web.servlet.FrameworkServlet.processRequest(FrameworkServlet.java:1000)
	at org.springframework.web.servlet.FrameworkServlet.doGet(FrameworkServlet.java:892)
	at jakarta.servlet.http.HttpServlet.service(HttpServlet.java:622)
	at org.springframework.web.servlet.FrameworkServlet.service(FrameworkServlet.java:874)
	at jakarta.servlet.http.HttpServlet.service(HttpServlet.java:710)
	at org.apache.catalina.core.ApplicationFilterChain.doFilter(ApplicationFilterChain.java:128)
	at org.apache.tomcat.websocket.server.WsFilter.doFilter(WsFilter.java:53)
	at org.apache.catalina.core.ApplicationFilterChain.doFilter(ApplicationFilterChain.java:107)
	at org.springframework.web.filter.RequestContextFilter.doFilterInternal(RequestContextFilter.java:100)
	at org.springframework.web.filter.OncePerRequestFilter.doFilter(OncePerRequestFilter.java:116)
	at org.apache.catalina.core.ApplicationFilterChain.doFilter(ApplicationFilterChain.java:107)
	at org.springframework.web.filter.FormContentFilter.doFilterInternal(FormContentFilter.java:93)
	at org.springframework.web.filter.OncePerRequestFilter.doFilter(OncePerRequestFilter.java:116)
	at org.apache.catalina.core.ApplicationFilterChain.doFilter(ApplicationFilterChain.java:107)
	at org.springframework.web.filter.CharacterEncodingFilter.doFilterInternal(CharacterEncodingFilter.java:199)
	at org.springframework.web.filter.OncePerRequestFilter.doFilter(OncePerRequestFilter.java:116)
	at org.apache.catalina.core.ApplicationFilterChain.doFilter(ApplicationFilterChain.java:107)
	at org.example.studentsystem.filter.TraceFilter.doFilter(TraceFilter.java:29)
	at org.apache.catalina.core.ApplicationFilterChain.doFilter(ApplicationFilterChain.java:107)
	at org.apache.catalina.core.StandardWrapperValve.invoke(StandardWrapperValve.java:165)
	at org.apache.catalina.core.StandardContextValve.invoke(StandardContextValve.java:77)
	at org.apache.catalina.authenticator.AuthenticatorBase.invoke(AuthenticatorBase.java:492)
	at org.apache.catalina.core.StandardHostValve.invoke(StandardHostValve.java:113)
	at org.apache.catalina.valves.ErrorReportValve.invoke(ErrorReportValve.java:83)
	at org.apache.catalina.core.StandardEngineValve.invoke(StandardEngineValve.java:72)
	at org.apache.catalina.connector.CoyoteAdapter.service(CoyoteAdapter.java:341)
	at org.apache.coyote.http11.Http11Processor.service(Http11Processor.java:397)
	at org.apache.coyote.AbstractProcessorLight.process(AbstractProcessorLight.java:63)
	at org.apache.coyote.AbstractProtocol$ConnectionHandler.process(AbstractProtocol.java:903)
	at org.apache.tomcat.util.net.NioEndpoint$SocketProcessor.doRun(NioEndpoint.java:1801)
	at org.apache.tomcat.util.net.SocketProcessorBase.run(SocketProcessorBase.java:52)
	at org.apache.tomcat.util.threads.ThreadPoolExecutor.runWorker(ThreadPoolExecutor.java:946)
	at org.apache.tomcat.util.threads.ThreadPoolExecutor$Worker.run(ThreadPoolExecutor.java:480)
	at org.apache.tomcat.util.threads.TaskThread$WrappingRunnable.run(TaskThread.java:57)
	at java.base/java.lang.Thread.run(Thread.java:1516)
2026-08-31 16:10:32.261 [http-nio-8081-exec-3] [d436af03346944f4] ERROR o.e.s.common.GlobalExceptionHandler - 
══════════════════════════════════════════════════════════════
✖ 【系统异常】 traceId=d436af03346944f4
    detail :
"No static resource apple-touch-icon.png for request '/apple-touch-icon.png'."
══════════════════════════════════════════════════════════════

org.springframework.web.servlet.resource.NoResourceFoundException: No static resource apple-touch-icon.png for request '/apple-touch-icon.png'.
	at org.springframework.web.servlet.resource.ResourceHttpRequestHandler.handleRequest(ResourceHttpRequestHandler.java:526)
	at org.springframework.web.servlet.mvc.HttpRequestHandlerAdapter.handle(HttpRequestHandlerAdapter.java:50)
	at org.springframework.web.servlet.DispatcherServlet.doDispatch(DispatcherServlet.java:963)
	at org.springframework.web.servlet.DispatcherServlet.doService(DispatcherServlet.java:866)
	at org.springframework.web.servlet.FrameworkServlet.processRequest(FrameworkServlet.java:1000)
	at org.springframework.web.servlet.FrameworkServlet.doGet(FrameworkServlet.java:892)
	at jakarta.servlet.http.HttpServlet.service(HttpServlet.java:622)
	at org.springframework.web.servlet.FrameworkServlet.service(FrameworkServlet.java:874)
	at jakarta.servlet.http.HttpServlet.service(HttpServlet.java:710)
	at org.apache.catalina.core.ApplicationFilterChain.doFilter(ApplicationFilterChain.java:128)
	at org.apache.tomcat.websocket.server.WsFilter.doFilter(WsFilter.java:53)
	at org.apache.catalina.core.ApplicationFilterChain.doFilter(ApplicationFilterChain.java:107)
	at org.springframework.web.filter.RequestContextFilter.doFilterInternal(RequestContextFilter.java:100)
	at org.springframework.web.filter.OncePerRequestFilter.doFilter(OncePerRequestFilter.java:116)
	at org.apache.catalina.core.ApplicationFilterChain.doFilter(ApplicationFilterChain.java:107)
	at org.springframework.web.filter.FormContentFilter.doFilterInternal(FormContentFilter.java:93)
	at org.springframework.web.filter.OncePerRequestFilter.doFilter(OncePerRequestFilter.java:116)
	at org.apache.catalina.core.ApplicationFilterChain.doFilter(ApplicationFilterChain.java:107)
	at org.springframework.web.filter.CharacterEncodingFilter.doFilterInternal(CharacterEncodingFilter.java:199)
	at org.springframework.web.filter.OncePerRequestFilter.doFilter(OncePerRequestFilter.java:116)
	at org.apache.catalina.core.ApplicationFilterChain.doFilter(ApplicationFilterChain.java:107)
	at org.example.studentsystem.filter.TraceFilter.doFilter(TraceFilter.java:29)
	at org.apache.catalina.core.ApplicationFilterChain.doFilter(ApplicationFilterChain.java:107)
	at org.apache.catalina.core.StandardWrapperValve.invoke(StandardWrapperValve.java:165)
	at org.apache.catalina.core.StandardContextValve.invoke(StandardContextValve.java:77)
	at org.apache.catalina.authenticator.AuthenticatorBase.invoke(AuthenticatorBase.java:492)
	at org.apache.catalina.core.StandardHostValve.invoke(StandardHostValve.java:113)
	at org.apache.catalina.valves.ErrorReportValve.invoke(ErrorReportValve.java:83)
	at org.apache.catalina.core.StandardEngineValve.invoke(StandardEngineValve.java:72)
	at org.apache.catalina.connector.CoyoteAdapter.service(CoyoteAdapter.java:341)
	at org.apache.coyote.http11.Http11Processor.service(Http11Processor.java:397)
	at org.apache.coyote.AbstractProcessorLight.process(AbstractProcessorLight.java:63)
	at org.apache.coyote.AbstractProtocol$ConnectionHandler.process(AbstractProtocol.java:903)
	at org.apache.tomcat.util.net.NioEndpoint$SocketProcessor.doRun(NioEndpoint.java:1801)
	at org.apache.tomcat.util.net.SocketProcessorBase.run(SocketProcessorBase.java:52)
	at org.apache.tomcat.util.threads.ThreadPoolExecutor.runWorker(ThreadPoolExecutor.java:946)
	at org.apache.tomcat.util.threads.ThreadPoolExecutor$Worker.run(ThreadPoolExecutor.java:480)
	at org.apache.tomcat.util.threads.TaskThread$WrappingRunnable.run(TaskThread.java:57)
	at java.base/java.lang.Thread.run(Thread.java:1516)
2026-08-31 16:10:32.303 [http-nio-8081-exec-2] [689b0394aaf54b6b] ERROR o.e.s.common.GlobalExceptionHandler - 
══════════════════════════════════════════════════════════════
✖ 【系统异常】 traceId=689b0394aaf54b6b
    detail :
"No static resource favicon.ico for request '/favicon.ico'."
══════════════════════════════════════════════════════════════

org.springframework.web.servlet.resource.NoResourceFoundException: No static resource favicon.ico for request '/favicon.ico'.
	at org.springframework.web.servlet.resource.ResourceHttpRequestHandler.handleRequest(ResourceHttpRequestHandler.java:526)
	at org.springframework.web.servlet.mvc.HttpRequestHandlerAdapter.handle(HttpRequestHandlerAdapter.java:50)
	at org.springframework.web.servlet.DispatcherServlet.doDispatch(DispatcherServlet.java:963)
	at org.springframework.web.servlet.DispatcherServlet.doService(DispatcherServlet.java:866)
	at org.springframework.web.servlet.FrameworkServlet.processRequest(FrameworkServlet.java:1000)
	at org.springframework.web.servlet.FrameworkServlet.doGet(FrameworkServlet.java:892)
	at jakarta.servlet.http.HttpServlet.service(HttpServlet.java:622)
	at org.springframework.web.servlet.FrameworkServlet.service(FrameworkServlet.java:874)
	at jakarta.servlet.http.HttpServlet.service(HttpServlet.java:710)
	at org.apache.catalina.core.ApplicationFilterChain.doFilter(ApplicationFilterChain.java:128)
	at org.apache.tomcat.websocket.server.WsFilter.doFilter(WsFilter.java:53)
	at org.apache.catalina.core.ApplicationFilterChain.doFilter(ApplicationFilterChain.java:107)
	at org.springframework.web.filter.RequestContextFilter.doFilterInternal(RequestContextFilter.java:100)
	at org.springframework.web.filter.OncePerRequestFilter.doFilter(OncePerRequestFilter.java:116)
	at org.apache.catalina.core.ApplicationFilterChain.doFilter(ApplicationFilterChain.java:107)
	at org.springframework.web.filter.FormContentFilter.doFilterInternal(FormContentFilter.java:93)
	at org.springframework.web.filter.OncePerRequestFilter.doFilter(OncePerRequestFilter.java:116)
	at org.apache.catalina.core.ApplicationFilterChain.doFilter(ApplicationFilterChain.java:107)
	at org.springframework.web.filter.CharacterEncodingFilter.doFilterInternal(CharacterEncodingFilter.java:199)
	at org.springframework.web.filter.OncePerRequestFilter.doFilter(OncePerRequestFilter.java:116)
	at org.apache.catalina.core.ApplicationFilterChain.doFilter(ApplicationFilterChain.java:107)
	at org.example.studentsystem.filter.TraceFilter.doFilter(TraceFilter.java:29)
	at org.apache.catalina.core.ApplicationFilterChain.doFilter(ApplicationFilterChain.java:107)
	at org.apache.catalina.core.StandardWrapperValve.invoke(StandardWrapperValve.java:165)
	at org.apache.catalina.core.StandardContextValve.invoke(StandardContextValve.java:77)
	at org.apache.catalina.authenticator.AuthenticatorBase.invoke(AuthenticatorBase.java:492)
	at org.apache.catalina.core.StandardHostValve.invoke(StandardHostValve.java:113)
	at org.apache.catalina.valves.ErrorReportValve.invoke(ErrorReportValve.java:83)
	at org.apache.catalina.core.StandardEngineValve.invoke(StandardEngineValve.java:72)
	at org.apache.catalina.connector.CoyoteAdapter.service(CoyoteAdapter.java:341)
	at org.apache.coyote.http11.Http11Processor.service(Http11Processor.java:397)
	at org.apache.coyote.AbstractProcessorLight.process(AbstractProcessorLight.java:63)
	at org.apache.coyote.AbstractProtocol$ConnectionHandler.process(AbstractProtocol.java:903)
	at org.apache.tomcat.util.net.NioEndpoint$SocketProcessor.doRun(NioEndpoint.java:1801)
	at org.apache.tomcat.util.net.SocketProcessorBase.run(SocketProcessorBase.java:52)
	at org.apache.tomcat.util.threads.ThreadPoolExecutor.runWorker(ThreadPoolExecutor.java:946)
	at org.apache.tomcat.util.threads.ThreadPoolExecutor$Worker.run(ThreadPoolExecutor.java:480)
	at org.apache.tomcat.util.threads.TaskThread$WrappingRunnable.run(TaskThread.java:57)
	at java.base/java.lang.Thread.run(Thread.java:1516)
2026-08-31 16:10:32.332 [http-nio-8081-exec-4] [122289c14d004f3b] INFO  o.e.s.aspect.WebLogAspect - 
══════════════════════════════════════════════════════════════
>>> 【API 请求】 GET /teacher/infoById?id=1001&pageNum=3&pageSize=10
    traceId : 122289c14d004f3b
    client  : 127.0.0.1
    handler : TeacherController.getTeacherInfoById
    headers : {
  "Host" : "127.0.0.1:8081",
  "Sec-Fetch-Dest" : "document",
  "User-Agent" : "Mozilla/5.0 (Macintosh; Intel Mac OS X 10_15_7) AppleWebKit/605.1.15 (KHTML, like Gecko) Version/26.5.2 Safari/605.1.15",
  "Upgrade-Insecure-Requests" : "1",
  "Accept" : "text/html,application/xhtml+xml,application/xml;q=0.9,*/*;q=0.8",
  "Sec-Fetch-Site" : "none",
  "Sec-Fetch-Mode" : "navigate",
  "Accept-Language" : "zh-CN,zh-Hans;q=0.9",
  "Priority" : "u=0, i",
  "Accept-Encoding" : "gzip, deflate",
  "Connection" : "keep-alive"
}
    args    : [ 1001, 3, 10 ]
══════════════════════════════════════════════════════════════

2026-08-31 16:10:32.332 [http-nio-8081-exec-4] [122289c14d004f3b] INFO  o.e.s.aspect.ServiceLogAspect -     ▶ 【Service 进入】 TeacherServiceImpl.getTeacherInfoById
        args :
    [ 1001, 3, 10 ]

2026-08-31 16:10:32.333 [http-nio-8081-exec-4] [122289c14d004f3b] DEBUG o.e.s.mapper.TeacherMapper.listById - ==>  Preparing: SELECT id, name, age, gender FROM teacher WHERE id = ? ORDER BY id
2026-08-31 16:10:32.334 [http-nio-8081-exec-4] [122289c14d004f3b] DEBUG o.e.s.mapper.TeacherMapper.listById - ==> Parameters: 1001(Integer)
2026-08-31 16:10:32.334 [http-nio-8081-exec-4] [122289c14d004f3b] DEBUG o.e.s.mapper.TeacherMapper.listById - <==      Total: 0
2026-08-31 16:10:32.335 [http-nio-8081-exec-4] [122289c14d004f3b] WARN  o.e.s.aspect.ServiceLogAspect -     ✖ 【Service 异常】 TeacherServiceImpl.getTeacherInfoById | 3ms
        error :
    "教师不存在"

org.example.studentsystem.common.BusinessException: 教师不存在
	at org.example.studentsystem.service.impl.TeacherServiceImpl.getTeacherInfoById(TeacherServiceImpl.java:38)
	at java.base/jdk.internal.reflect.DirectMethodHandleAccessor.invoke(DirectMethodHandleAccessor.java:104)
	at java.base/java.lang.reflect.Method.invoke(Method.java:565)
	at org.springframework.aop.support.AopUtils.invokeJoinpointUsingReflection(AopUtils.java:359)
	at org.springframework.aop.framework.ReflectiveMethodInvocation.invokeJoinpoint(ReflectiveMethodInvocation.java:190)
	at org.springframework.aop.framework.ReflectiveMethodInvocation.proceed(ReflectiveMethodInvocation.java:158)
	at org.springframework.aop.aspectj.MethodInvocationProceedingJoinPoint.proceed(MethodInvocationProceedingJoinPoint.java:82)
	at org.example.studentsystem.aspect.ServiceLogAspect.around(ServiceLogAspect.java:35)
	at java.base/jdk.internal.reflect.DirectMethodHandleAccessor.invoke(DirectMethodHandleAccessor.java:104)
	at java.base/java.lang.reflect.Method.invoke(Method.java:565)
	at org.springframework.aop.aspectj.AbstractAspectJAdvice.invokeAdviceMethodWithGivenArgs(AbstractAspectJAdvice.java:648)
	at org.springframework.aop.aspectj.AbstractAspectJAdvice.invokeAdviceMethod(AbstractAspectJAdvice.java:630)
	at org.springframework.aop.aspectj.AspectJAroundAdvice.invoke(AspectJAroundAdvice.java:70)
	at org.springframework.aop.framework.ReflectiveMethodInvocation.proceed(ReflectiveMethodInvocation.java:179)
	at org.springframework.aop.interceptor.ExposeInvocationInterceptor.invoke(ExposeInvocationInterceptor.java:96)
	at org.springframework.aop.framework.ReflectiveMethodInvocation.proceed(ReflectiveMethodInvocation.java:179)
	at org.springframework.aop.framework.CglibAopProxy$DynamicAdvisedInterceptor.intercept(CglibAopProxy.java:719)
	at org.example.studentsystem.service.impl.TeacherServiceImpl$$SpringCGLIB$$0.getTeacherInfoById(<generated>)
	at org.example.studentsystem.controller.TeacherController.getTeacherInfoById(TeacherController.java:35)
	at java.base/jdk.internal.reflect.DirectMethodHandleAccessor.invoke(DirectMethodHandleAccessor.java:104)
	at java.base/java.lang.reflect.Method.invoke(Method.java:565)
	at org.springframework.aop.support.AopUtils.invokeJoinpointUsingReflection(AopUtils.java:359)
	at org.springframework.aop.framework.ReflectiveMethodInvocation.invokeJoinpoint(ReflectiveMethodInvocation.java:190)
	at org.springframework.aop.framework.ReflectiveMethodInvocation.proceed(ReflectiveMethodInvocation.java:158)
	at org.springframework.aop.aspectj.MethodInvocationProceedingJoinPoint.proceed(MethodInvocationProceedingJoinPoint.java:82)
	at org.example.studentsystem.aspect.WebLogAspect.around(WebLogAspect.java:56)
	at java.base/jdk.internal.reflect.DirectMethodHandleAccessor.invoke(DirectMethodHandleAccessor.java:104)
	at java.base/java.lang.reflect.Method.invoke(Method.java:565)
	at org.springframework.aop.aspectj.AbstractAspectJAdvice.invokeAdviceMethodWithGivenArgs(AbstractAspectJAdvice.java:648)
	at org.springframework.aop.aspectj.AbstractAspectJAdvice.invokeAdviceMethod(AbstractAspectJAdvice.java:630)
	at org.springframework.aop.aspectj.AspectJAroundAdvice.invoke(AspectJAroundAdvice.java:70)
	at org.springframework.aop.framework.ReflectiveMethodInvocation.proceed(ReflectiveMethodInvocation.java:179)
	at org.springframework.aop.interceptor.ExposeInvocationInterceptor.invoke(ExposeInvocationInterceptor.java:96)
	at org.springframework.aop.framework.ReflectiveMethodInvocation.proceed(ReflectiveMethodInvocation.java:179)
	at org.springframework.aop.framework.CglibAopProxy$DynamicAdvisedInterceptor.intercept(CglibAopProxy.java:719)
	at org.example.studentsystem.controller.TeacherController$$SpringCGLIB$$0.getTeacherInfoById(<generated>)
	at java.base/jdk.internal.reflect.DirectMethodHandleAccessor.invoke(DirectMethodHandleAccessor.java:104)
	at java.base/java.lang.reflect.Method.invoke(Method.java:565)
	at org.springframework.web.method.support.InvocableHandlerMethod.doInvoke(InvocableHandlerMethod.java:252)
	at org.springframework.web.method.support.InvocableHandlerMethod.invokeForRequest(InvocableHandlerMethod.java:184)
	at org.springframework.web.servlet.mvc.method.annotation.ServletInvocableHandlerMethod.invokeAndHandle(ServletInvocableHandlerMethod.java:117)
	at org.springframework.web.servlet.mvc.method.annotation.RequestMappingHandlerAdapter.invokeHandlerMethod(RequestMappingHandlerAdapter.java:934)
	at org.springframework.web.servlet.mvc.method.annotation.RequestMappingHandlerAdapter.handleInternal(RequestMappingHandlerAdapter.java:853)
	at org.springframework.web.servlet.mvc.method.AbstractHandlerMethodAdapter.handle(AbstractHandlerMethodAdapter.java:86)
	at org.springframework.web.servlet.DispatcherServlet.doDispatch(DispatcherServlet.java:963)
	at org.springframework.web.servlet.DispatcherServlet.doService(DispatcherServlet.java:866)
	at org.springframework.web.servlet.FrameworkServlet.processRequest(FrameworkServlet.java:1000)
	at org.springframework.web.servlet.FrameworkServlet.doGet(FrameworkServlet.java:892)
	at jakarta.servlet.http.HttpServlet.service(HttpServlet.java:622)
	at org.springframework.web.servlet.FrameworkServlet.service(FrameworkServlet.java:874)
	at jakarta.servlet.http.HttpServlet.service(HttpServlet.java:710)
	at org.apache.catalina.core.ApplicationFilterChain.doFilter(ApplicationFilterChain.java:128)
	at org.apache.tomcat.websocket.server.WsFilter.doFilter(WsFilter.java:53)
	at org.apache.catalina.core.ApplicationFilterChain.doFilter(ApplicationFilterChain.java:107)
	at org.springframework.web.filter.RequestContextFilter.doFilterInternal(RequestContextFilter.java:100)
	at org.springframework.web.filter.OncePerRequestFilter.doFilter(OncePerRequestFilter.java:116)
	at org.apache.catalina.core.ApplicationFilterChain.doFilter(ApplicationFilterChain.java:107)
	at org.springframework.web.filter.FormContentFilter.doFilterInternal(FormContentFilter.java:93)
	at org.springframework.web.filter.OncePerRequestFilter.doFilter(OncePerRequestFilter.java:116)
	at org.apache.catalina.core.ApplicationFilterChain.doFilter(ApplicationFilterChain.java:107)
	at org.springframework.web.filter.CharacterEncodingFilter.doFilterInternal(CharacterEncodingFilter.java:199)
	at org.springframework.web.filter.OncePerRequestFilter.doFilter(OncePerRequestFilter.java:116)
	at org.apache.catalina.core.ApplicationFilterChain.doFilter(ApplicationFilterChain.java:107)
	at org.example.studentsystem.filter.TraceFilter.doFilter(TraceFilter.java:29)
	at org.apache.catalina.core.ApplicationFilterChain.doFilter(ApplicationFilterChain.java:107)
	at org.apache.catalina.core.StandardWrapperValve.invoke(StandardWrapperValve.java:165)
	at org.apache.catalina.core.StandardContextValve.invoke(StandardContextValve.java:77)
	at org.apache.catalina.authenticator.AuthenticatorBase.invoke(AuthenticatorBase.java:492)
	at org.apache.catalina.core.StandardHostValve.invoke(StandardHostValve.java:113)
	at org.apache.catalina.valves.ErrorReportValve.invoke(ErrorReportValve.java:83)
	at org.apache.catalina.core.StandardEngineValve.invoke(StandardEngineValve.java:72)
	at org.apache.catalina.connector.CoyoteAdapter.service(CoyoteAdapter.java:341)
	at org.apache.coyote.http11.Http11Processor.service(Http11Processor.java:397)
	at org.apache.coyote.AbstractProcessorLight.process(AbstractProcessorLight.java:63)
	at org.apache.coyote.AbstractProtocol$ConnectionHandler.process(AbstractProtocol.java:903)
	at org.apache.tomcat.util.net.NioEndpoint$SocketProcessor.doRun(NioEndpoint.java:1801)
	at org.apache.tomcat.util.net.SocketProcessorBase.run(SocketProcessorBase.java:52)
	at org.apache.tomcat.util.threads.ThreadPoolExecutor.runWorker(ThreadPoolExecutor.java:946)
	at org.apache.tomcat.util.threads.ThreadPoolExecutor$Worker.run(ThreadPoolExecutor.java:480)
	at org.apache.tomcat.util.threads.TaskThread$WrappingRunnable.run(TaskThread.java:57)
	at java.base/java.lang.Thread.run(Thread.java:1516)
2026-08-31 16:10:32.336 [http-nio-8081-exec-4] [122289c14d004f3b] WARN  o.e.s.aspect.WebLogAspect - 
══════════════════════════════════════════════════════════════
⚠ 【API 业务失败】 TeacherController.getTeacherInfoById | 4ms
    error :
"教师不存在"
══════════════════════════════════════════════════════════════

2026-08-31 16:10:32.336 [http-nio-8081-exec-4] [122289c14d004f3b] WARN  o.e.s.common.GlobalExceptionHandler - 
══════════════════════════════════════════════════════════════
⚠ 【业务异常】 traceId=122289c14d004f3b
    detail :
"教师不存在"
══════════════════════════════════════════════════════════════

2026-08-31 16:10:32.350 [http-nio-8081-exec-5] [7bbac10b9f8247da] ERROR o.e.s.common.GlobalExceptionHandler - 
══════════════════════════════════════════════════════════════
✖ 【系统异常】 traceId=7bbac10b9f8247da
    detail :
"No static resource apple-touch-icon-precomposed.png for request '/apple-touch-icon-precomposed.png'."
══════════════════════════════════════════════════════════════

org.springframework.web.servlet.resource.NoResourceFoundException: No static resource apple-touch-icon-precomposed.png for request '/apple-touch-icon-precomposed.png'.
	at org.springframework.web.servlet.resource.ResourceHttpRequestHandler.handleRequest(ResourceHttpRequestHandler.java:526)
	at org.springframework.web.servlet.mvc.HttpRequestHandlerAdapter.handle(HttpRequestHandlerAdapter.java:50)
	at org.springframework.web.servlet.DispatcherServlet.doDispatch(DispatcherServlet.java:963)
	at org.springframework.web.servlet.DispatcherServlet.doService(DispatcherServlet.java:866)
	at org.springframework.web.servlet.FrameworkServlet.processRequest(FrameworkServlet.java:1000)
	at org.springframework.web.servlet.FrameworkServlet.doGet(FrameworkServlet.java:892)
	at jakarta.servlet.http.HttpServlet.service(HttpServlet.java:622)
	at org.springframework.web.servlet.FrameworkServlet.service(FrameworkServlet.java:874)
	at jakarta.servlet.http.HttpServlet.service(HttpServlet.java:710)
	at org.apache.catalina.core.ApplicationFilterChain.doFilter(ApplicationFilterChain.java:128)
	at org.apache.tomcat.websocket.server.WsFilter.doFilter(WsFilter.java:53)
	at org.apache.catalina.core.ApplicationFilterChain.doFilter(ApplicationFilterChain.java:107)
	at org.springframework.web.filter.RequestContextFilter.doFilterInternal(RequestContextFilter.java:100)
	at org.springframework.web.filter.OncePerRequestFilter.doFilter(OncePerRequestFilter.java:116)
	at org.apache.catalina.core.ApplicationFilterChain.doFilter(ApplicationFilterChain.java:107)
	at org.springframework.web.filter.FormContentFilter.doFilterInternal(FormContentFilter.java:93)
	at org.springframework.web.filter.OncePerRequestFilter.doFilter(OncePerRequestFilter.java:116)
	at org.apache.catalina.core.ApplicationFilterChain.doFilter(ApplicationFilterChain.java:107)
	at org.springframework.web.filter.CharacterEncodingFilter.doFilterInternal(CharacterEncodingFilter.java:199)
	at org.springframework.web.filter.OncePerRequestFilter.doFilter(OncePerRequestFilter.java:116)
	at org.apache.catalina.core.ApplicationFilterChain.doFilter(ApplicationFilterChain.java:107)
	at org.example.studentsystem.filter.TraceFilter.doFilter(TraceFilter.java:29)
	at org.apache.catalina.core.ApplicationFilterChain.doFilter(ApplicationFilterChain.java:107)
	at org.apache.catalina.core.StandardWrapperValve.invoke(StandardWrapperValve.java:165)
	at org.apache.catalina.core.StandardContextValve.invoke(StandardContextValve.java:77)
	at org.apache.catalina.authenticator.AuthenticatorBase.invoke(AuthenticatorBase.java:492)
	at org.apache.catalina.core.StandardHostValve.invoke(StandardHostValve.java:113)
	at org.apache.catalina.valves.ErrorReportValve.invoke(ErrorReportValve.java:83)
	at org.apache.catalina.core.StandardEngineValve.invoke(StandardEngineValve.java:72)
	at org.apache.catalina.connector.CoyoteAdapter.service(CoyoteAdapter.java:341)
	at org.apache.coyote.http11.Http11Processor.service(Http11Processor.java:397)
	at org.apache.coyote.AbstractProcessorLight.process(AbstractProcessorLight.java:63)
	at org.apache.coyote.AbstractProtocol$ConnectionHandler.process(AbstractProtocol.java:903)
	at org.apache.tomcat.util.net.NioEndpoint$SocketProcessor.doRun(NioEndpoint.java:1801)
	at org.apache.tomcat.util.net.SocketProcessorBase.run(SocketProcessorBase.java:52)
	at org.apache.tomcat.util.threads.ThreadPoolExecutor.runWorker(ThreadPoolExecutor.java:946)
	at org.apache.tomcat.util.threads.ThreadPoolExecutor$Worker.run(ThreadPoolExecutor.java:480)
	at org.apache.tomcat.util.threads.TaskThread$WrappingRunnable.run(TaskThread.java:57)
	at java.base/java.lang.Thread.run(Thread.java:1516)
2026-08-31 16:10:32.400 [http-nio-8081-exec-6] [72124f3a0479437f] ERROR o.e.s.common.GlobalExceptionHandler - 
══════════════════════════════════════════════════════════════
✖ 【系统异常】 traceId=72124f3a0479437f
    detail :
"No static resource apple-touch-icon.png for request '/apple-touch-icon.png'."
══════════════════════════════════════════════════════════════

org.springframework.web.servlet.resource.NoResourceFoundException: No static resource apple-touch-icon.png for request '/apple-touch-icon.png'.
	at org.springframework.web.servlet.resource.ResourceHttpRequestHandler.handleRequest(ResourceHttpRequestHandler.java:526)
	at org.springframework.web.servlet.mvc.HttpRequestHandlerAdapter.handle(HttpRequestHandlerAdapter.java:50)
	at org.springframework.web.servlet.DispatcherServlet.doDispatch(DispatcherServlet.java:963)
	at org.springframework.web.servlet.DispatcherServlet.doService(DispatcherServlet.java:866)
	at org.springframework.web.servlet.FrameworkServlet.processRequest(FrameworkServlet.java:1000)
	at org.springframework.web.servlet.FrameworkServlet.doGet(FrameworkServlet.java:892)
	at jakarta.servlet.http.HttpServlet.service(HttpServlet.java:622)
	at org.springframework.web.servlet.FrameworkServlet.service(FrameworkServlet.java:874)
	at jakarta.servlet.http.HttpServlet.service(HttpServlet.java:710)
	at org.apache.catalina.core.ApplicationFilterChain.doFilter(ApplicationFilterChain.java:128)
	at org.apache.tomcat.websocket.server.WsFilter.doFilter(WsFilter.java:53)
	at org.apache.catalina.core.ApplicationFilterChain.doFilter(ApplicationFilterChain.java:107)
	at org.springframework.web.filter.RequestContextFilter.doFilterInternal(RequestContextFilter.java:100)
	at org.springframework.web.filter.OncePerRequestFilter.doFilter(OncePerRequestFilter.java:116)
	at org.apache.catalina.core.ApplicationFilterChain.doFilter(ApplicationFilterChain.java:107)
	at org.springframework.web.filter.FormContentFilter.doFilterInternal(FormContentFilter.java:93)
	at org.springframework.web.filter.OncePerRequestFilter.doFilter(OncePerRequestFilter.java:116)
	at org.apache.catalina.core.ApplicationFilterChain.doFilter(ApplicationFilterChain.java:107)
	at org.springframework.web.filter.CharacterEncodingFilter.doFilterInternal(CharacterEncodingFilter.java:199)
	at org.springframework.web.filter.OncePerRequestFilter.doFilter(OncePerRequestFilter.java:116)
	at org.apache.catalina.core.ApplicationFilterChain.doFilter(ApplicationFilterChain.java:107)
	at org.example.studentsystem.filter.TraceFilter.doFilter(TraceFilter.java:29)
	at org.apache.catalina.core.ApplicationFilterChain.doFilter(ApplicationFilterChain.java:107)
	at org.apache.catalina.core.StandardWrapperValve.invoke(StandardWrapperValve.java:165)
	at org.apache.catalina.core.StandardContextValve.invoke(StandardContextValve.java:77)
	at org.apache.catalina.authenticator.AuthenticatorBase.invoke(AuthenticatorBase.java:492)
	at org.apache.catalina.core.StandardHostValve.invoke(StandardHostValve.java:113)
	at org.apache.catalina.valves.ErrorReportValve.invoke(ErrorReportValve.java:83)
	at org.apache.catalina.core.StandardEngineValve.invoke(StandardEngineValve.java:72)
	at org.apache.catalina.connector.CoyoteAdapter.service(CoyoteAdapter.java:341)
	at org.apache.coyote.http11.Http11Processor.service(Http11Processor.java:397)
	at org.apache.coyote.AbstractProcessorLight.process(AbstractProcessorLight.java:63)
	at org.apache.coyote.AbstractProtocol$ConnectionHandler.process(AbstractProtocol.java:903)
	at org.apache.tomcat.util.net.NioEndpoint$SocketProcessor.doRun(NioEndpoint.java:1801)
	at org.apache.tomcat.util.net.SocketProcessorBase.run(SocketProcessorBase.java:52)
	at org.apache.tomcat.util.threads.ThreadPoolExecutor.runWorker(ThreadPoolExecutor.java:946)
	at org.apache.tomcat.util.threads.ThreadPoolExecutor$Worker.run(ThreadPoolExecutor.java:480)
	at org.apache.tomcat.util.threads.TaskThread$WrappingRunnable.run(TaskThread.java:57)
	at java.base/java.lang.Thread.run(Thread.java:1516)
2026-08-31 16:10:32.408 [http-nio-8081-exec-7] [8ed6ccf72dd847c3] ERROR o.e.s.common.GlobalExceptionHandler - 
══════════════════════════════════════════════════════════════
✖ 【系统异常】 traceId=8ed6ccf72dd847c3
    detail :
"No static resource favicon.ico for request '/favicon.ico'."
══════════════════════════════════════════════════════════════

org.springframework.web.servlet.resource.NoResourceFoundException: No static resource favicon.ico for request '/favicon.ico'.
	at org.springframework.web.servlet.resource.ResourceHttpRequestHandler.handleRequest(ResourceHttpRequestHandler.java:526)
	at org.springframework.web.servlet.mvc.HttpRequestHandlerAdapter.handle(HttpRequestHandlerAdapter.java:50)
	at org.springframework.web.servlet.DispatcherServlet.doDispatch(DispatcherServlet.java:963)
	at org.springframework.web.servlet.DispatcherServlet.doService(DispatcherServlet.java:866)
	at org.springframework.web.servlet.FrameworkServlet.processRequest(FrameworkServlet.java:1000)
	at org.springframework.web.servlet.FrameworkServlet.doGet(FrameworkServlet.java:892)
	at jakarta.servlet.http.HttpServlet.service(HttpServlet.java:622)
	at org.springframework.web.servlet.FrameworkServlet.service(FrameworkServlet.java:874)
	at jakarta.servlet.http.HttpServlet.service(HttpServlet.java:710)
	at org.apache.catalina.core.ApplicationFilterChain.doFilter(ApplicationFilterChain.java:128)
	at org.apache.tomcat.websocket.server.WsFilter.doFilter(WsFilter.java:53)
	at org.apache.catalina.core.ApplicationFilterChain.doFilter(ApplicationFilterChain.java:107)
	at org.springframework.web.filter.RequestContextFilter.doFilterInternal(RequestContextFilter.java:100)
	at org.springframework.web.filter.OncePerRequestFilter.doFilter(OncePerRequestFilter.java:116)
	at org.apache.catalina.core.ApplicationFilterChain.doFilter(ApplicationFilterChain.java:107)
	at org.springframework.web.filter.FormContentFilter.doFilterInternal(FormContentFilter.java:93)
	at org.springframework.web.filter.OncePerRequestFilter.doFilter(OncePerRequestFilter.java:116)
	at org.apache.catalina.core.ApplicationFilterChain.doFilter(ApplicationFilterChain.java:107)
	at org.springframework.web.filter.CharacterEncodingFilter.doFilterInternal(CharacterEncodingFilter.java:199)
	at org.springframework.web.filter.OncePerRequestFilter.doFilter(OncePerRequestFilter.java:116)
	at org.apache.catalina.core.ApplicationFilterChain.doFilter(ApplicationFilterChain.java:107)
	at org.example.studentsystem.filter.TraceFilter.doFilter(TraceFilter.java:29)
	at org.apache.catalina.core.ApplicationFilterChain.doFilter(ApplicationFilterChain.java:107)
	at org.apache.catalina.core.StandardWrapperValve.invoke(StandardWrapperValve.java:165)
	at org.apache.catalina.core.StandardContextValve.invoke(StandardContextValve.java:77)
	at org.apache.catalina.authenticator.AuthenticatorBase.invoke(AuthenticatorBase.java:492)
	at org.apache.catalina.core.StandardHostValve.invoke(StandardHostValve.java:113)
	at org.apache.catalina.valves.ErrorReportValve.invoke(ErrorReportValve.java:83)
	at org.apache.catalina.core.StandardEngineValve.invoke(StandardEngineValve.java:72)
	at org.apache.catalina.connector.CoyoteAdapter.service(CoyoteAdapter.java:341)
	at org.apache.coyote.http11.Http11Processor.service(Http11Processor.java:397)
	at org.apache.coyote.AbstractProcessorLight.process(AbstractProcessorLight.java:63)
	at org.apache.coyote.AbstractProtocol$ConnectionHandler.process(AbstractProtocol.java:903)
	at org.apache.tomcat.util.net.NioEndpoint$SocketProcessor.doRun(NioEndpoint.java:1801)
	at org.apache.tomcat.util.net.SocketProcessorBase.run(SocketProcessorBase.java:52)
	at org.apache.tomcat.util.threads.ThreadPoolExecutor.runWorker(ThreadPoolExecutor.java:946)
	at org.apache.tomcat.util.threads.ThreadPoolExecutor$Worker.run(ThreadPoolExecutor.java:480)
	at org.apache.tomcat.util.threads.TaskThread$WrappingRunnable.run(TaskThread.java:57)
	at java.base/java.lang.Thread.run(Thread.java:1516)
2026-08-31 16:11:10.922 [http-nio-8081-exec-9] [352fe72e66bc4bc7] INFO  o.e.s.aspect.WebLogAspect - 
══════════════════════════════════════════════════════════════
>>> 【API 请求】 GET /teacher/infoById?id=1&pageNum=1&pageSize=10
    traceId : 352fe72e66bc4bc7
    client  : 127.0.0.1
    handler : TeacherController.getTeacherInfoById
    headers : {
  "Host" : "127.0.0.1:8081",
  "Sec-Fetch-Dest" : "document",
  "User-Agent" : "Mozilla/5.0 (Macintosh; Intel Mac OS X 10_15_7) AppleWebKit/605.1.15 (KHTML, like Gecko) Version/26.5.2 Safari/605.1.15",
  "Upgrade-Insecure-Requests" : "1",
  "Accept" : "text/html,application/xhtml+xml,application/xml;q=0.9,*/*;q=0.8",
  "Sec-Fetch-Site" : "none",
  "Sec-Fetch-Mode" : "navigate",
  "Accept-Language" : "zh-CN,zh-Hans;q=0.9",
  "Priority" : "u=0, i",
  "Accept-Encoding" : "gzip, deflate",
  "Connection" : "keep-alive"
}
    args    : [ 1, 1, 10 ]
══════════════════════════════════════════════════════════════

2026-08-31 16:11:10.924 [http-nio-8081-exec-9] [352fe72e66bc4bc7] INFO  o.e.s.aspect.ServiceLogAspect -     ▶ 【Service 进入】 TeacherServiceImpl.getTeacherInfoById
        args :
    [ 1, 1, 10 ]

2026-08-31 16:11:10.925 [http-nio-8081-exec-9] [352fe72e66bc4bc7] DEBUG o.e.s.mapper.TeacherMapper.listById - ==>  Preparing: SELECT id, name, age, gender FROM teacher WHERE id = ? ORDER BY id
2026-08-31 16:11:10.925 [http-nio-8081-exec-9] [352fe72e66bc4bc7] DEBUG o.e.s.mapper.TeacherMapper.listById - ==> Parameters: 1(Integer)
2026-08-31 16:11:10.929 [http-nio-8081-exec-9] [352fe72e66bc4bc7] DEBUG o.e.s.mapper.TeacherMapper.listById - <==      Total: 1
2026-08-31 16:11:10.968 [http-nio-8081-exec-9] [352fe72e66bc4bc7] DEBUG o.e.s.m.S.listByTeacherId_COUNT - ==>  Preparing: SELECT count(0) FROM student WHERE teacher_id = ?
2026-08-31 16:11:10.969 [http-nio-8081-exec-9] [352fe72e66bc4bc7] DEBUG o.e.s.m.S.listByTeacherId_COUNT - ==> Parameters: 1(Integer)
2026-08-31 16:11:10.971 [http-nio-8081-exec-9] [352fe72e66bc4bc7] DEBUG o.e.s.m.S.listByTeacherId_COUNT - <==      Total: 1
2026-08-31 16:11:10.974 [http-nio-8081-exec-9] [352fe72e66bc4bc7] INFO  o.e.s.aspect.ServiceLogAspect -     ◀ 【Service 完成】 TeacherServiceImpl.getTeacherInfoById | 48ms
        result :
    {
  "age" : 30,
  "gender" : "男",
  "id" : 1,
  "name" : "张三",
  "pageNum" : 1,
  "pageSize" : 10,
  "pages" : 0,
  "students" : [ ],
  "total" : 0
}

2026-08-31 16:11:10.975 [http-nio-8081-exec-9] [352fe72e66bc4bc7] INFO  o.e.s.aspect.WebLogAspect - 
══════════════════════════════════════════════════════════════
<<< 【API 响应】 TeacherController.getTeacherInfoById | 52ms
    result :
{
  "code" : 200,
  "content" : {
    "age" : 30,
    "gender" : "男",
    "id" : 1,
    "name" : "张三",
    "pageNum" : 1,
    "pageSize" : 10,
    "pages" : 0,
    "students" : [ ],
    "total" : 0
  },
  "message" : "success"
}
══════════════════════════════════════════════════════════════

2026-08-31 16:11:10.988 [http-nio-8081-exec-10] [6228d0d9ce7a4ff4] ERROR o.e.s.common.GlobalExceptionHandler - 
══════════════════════════════════════════════════════════════
✖ 【系统异常】 traceId=6228d0d9ce7a4ff4
    detail :
"No static resource apple-touch-icon-precomposed.png for request '/apple-touch-icon-precomposed.png'."
══════════════════════════════════════════════════════════════

org.springframework.web.servlet.resource.NoResourceFoundException: No static resource apple-touch-icon-precomposed.png for request '/apple-touch-icon-precomposed.png'.
	at org.springframework.web.servlet.resource.ResourceHttpRequestHandler.handleRequest(ResourceHttpRequestHandler.java:526)
	at org.springframework.web.servlet.mvc.HttpRequestHandlerAdapter.handle(HttpRequestHandlerAdapter.java:50)
	at org.springframework.web.servlet.DispatcherServlet.doDispatch(DispatcherServlet.java:963)
	at org.springframework.web.servlet.DispatcherServlet.doService(DispatcherServlet.java:866)
	at org.springframework.web.servlet.FrameworkServlet.processRequest(FrameworkServlet.java:1000)
	at org.springframework.web.servlet.FrameworkServlet.doGet(FrameworkServlet.java:892)
	at jakarta.servlet.http.HttpServlet.service(HttpServlet.java:622)
	at org.springframework.web.servlet.FrameworkServlet.service(FrameworkServlet.java:874)
	at jakarta.servlet.http.HttpServlet.service(HttpServlet.java:710)
	at org.apache.catalina.core.ApplicationFilterChain.doFilter(ApplicationFilterChain.java:128)
	at org.apache.tomcat.websocket.server.WsFilter.doFilter(WsFilter.java:53)
	at org.apache.catalina.core.ApplicationFilterChain.doFilter(ApplicationFilterChain.java:107)
	at org.springframework.web.filter.RequestContextFilter.doFilterInternal(RequestContextFilter.java:100)
	at org.springframework.web.filter.OncePerRequestFilter.doFilter(OncePerRequestFilter.java:116)
	at org.apache.catalina.core.ApplicationFilterChain.doFilter(ApplicationFilterChain.java:107)
	at org.springframework.web.filter.FormContentFilter.doFilterInternal(FormContentFilter.java:93)
	at org.springframework.web.filter.OncePerRequestFilter.doFilter(OncePerRequestFilter.java:116)
	at org.apache.catalina.core.ApplicationFilterChain.doFilter(ApplicationFilterChain.java:107)
	at org.springframework.web.filter.CharacterEncodingFilter.doFilterInternal(CharacterEncodingFilter.java:199)
	at org.springframework.web.filter.OncePerRequestFilter.doFilter(OncePerRequestFilter.java:116)
	at org.apache.catalina.core.ApplicationFilterChain.doFilter(ApplicationFilterChain.java:107)
	at org.example.studentsystem.filter.TraceFilter.doFilter(TraceFilter.java:29)
	at org.apache.catalina.core.ApplicationFilterChain.doFilter(ApplicationFilterChain.java:107)
	at org.apache.catalina.core.StandardWrapperValve.invoke(StandardWrapperValve.java:165)
	at org.apache.catalina.core.StandardContextValve.invoke(StandardContextValve.java:77)
	at org.apache.catalina.authenticator.AuthenticatorBase.invoke(AuthenticatorBase.java:492)
	at org.apache.catalina.core.StandardHostValve.invoke(StandardHostValve.java:113)
	at org.apache.catalina.valves.ErrorReportValve.invoke(ErrorReportValve.java:83)
	at org.apache.catalina.core.StandardEngineValve.invoke(StandardEngineValve.java:72)
	at org.apache.catalina.connector.CoyoteAdapter.service(CoyoteAdapter.java:341)
	at org.apache.coyote.http11.Http11Processor.service(Http11Processor.java:397)
	at org.apache.coyote.AbstractProcessorLight.process(AbstractProcessorLight.java:63)
	at org.apache.coyote.AbstractProtocol$ConnectionHandler.process(AbstractProtocol.java:903)
	at org.apache.tomcat.util.net.NioEndpoint$SocketProcessor.doRun(NioEndpoint.java:1801)
	at org.apache.tomcat.util.net.SocketProcessorBase.run(SocketProcessorBase.java:52)
	at org.apache.tomcat.util.threads.ThreadPoolExecutor.runWorker(ThreadPoolExecutor.java:946)
	at org.apache.tomcat.util.threads.ThreadPoolExecutor$Worker.run(ThreadPoolExecutor.java:480)
	at org.apache.tomcat.util.threads.TaskThread$WrappingRunnable.run(TaskThread.java:57)
	at java.base/java.lang.Thread.run(Thread.java:1516)
2026-08-31 16:11:11.062 [http-nio-8081-exec-1] [55bb7d85d1c442fe] ERROR o.e.s.common.GlobalExceptionHandler - 
══════════════════════════════════════════════════════════════
✖ 【系统异常】 traceId=55bb7d85d1c442fe
    detail :
"No static resource apple-touch-icon.png for request '/apple-touch-icon.png'."
══════════════════════════════════════════════════════════════

org.springframework.web.servlet.resource.NoResourceFoundException: No static resource apple-touch-icon.png for request '/apple-touch-icon.png'.
	at org.springframework.web.servlet.resource.ResourceHttpRequestHandler.handleRequest(ResourceHttpRequestHandler.java:526)
	at org.springframework.web.servlet.mvc.HttpRequestHandlerAdapter.handle(HttpRequestHandlerAdapter.java:50)
	at org.springframework.web.servlet.DispatcherServlet.doDispatch(DispatcherServlet.java:963)
	at org.springframework.web.servlet.DispatcherServlet.doService(DispatcherServlet.java:866)
	at org.springframework.web.servlet.FrameworkServlet.processRequest(FrameworkServlet.java:1000)
	at org.springframework.web.servlet.FrameworkServlet.doGet(FrameworkServlet.java:892)
	at jakarta.servlet.http.HttpServlet.service(HttpServlet.java:622)
	at org.springframework.web.servlet.FrameworkServlet.service(FrameworkServlet.java:874)
	at jakarta.servlet.http.HttpServlet.service(HttpServlet.java:710)
	at org.apache.catalina.core.ApplicationFilterChain.doFilter(ApplicationFilterChain.java:128)
	at org.apache.tomcat.websocket.server.WsFilter.doFilter(WsFilter.java:53)
	at org.apache.catalina.core.ApplicationFilterChain.doFilter(ApplicationFilterChain.java:107)
	at org.springframework.web.filter.RequestContextFilter.doFilterInternal(RequestContextFilter.java:100)
	at org.springframework.web.filter.OncePerRequestFilter.doFilter(OncePerRequestFilter.java:116)
	at org.apache.catalina.core.ApplicationFilterChain.doFilter(ApplicationFilterChain.java:107)
	at org.springframework.web.filter.FormContentFilter.doFilterInternal(FormContentFilter.java:93)
	at org.springframework.web.filter.OncePerRequestFilter.doFilter(OncePerRequestFilter.java:116)
	at org.apache.catalina.core.ApplicationFilterChain.doFilter(ApplicationFilterChain.java:107)
	at org.springframework.web.filter.CharacterEncodingFilter.doFilterInternal(CharacterEncodingFilter.java:199)
	at org.springframework.web.filter.OncePerRequestFilter.doFilter(OncePerRequestFilter.java:116)
	at org.apache.catalina.core.ApplicationFilterChain.doFilter(ApplicationFilterChain.java:107)
	at org.example.studentsystem.filter.TraceFilter.doFilter(TraceFilter.java:29)
	at org.apache.catalina.core.ApplicationFilterChain.doFilter(ApplicationFilterChain.java:107)
	at org.apache.catalina.core.StandardWrapperValve.invoke(StandardWrapperValve.java:165)
	at org.apache.catalina.core.StandardContextValve.invoke(StandardContextValve.java:77)
	at org.apache.catalina.authenticator.AuthenticatorBase.invoke(AuthenticatorBase.java:492)
	at org.apache.catalina.core.StandardHostValve.invoke(StandardHostValve.java:113)
	at org.apache.catalina.valves.ErrorReportValve.invoke(ErrorReportValve.java:83)
	at org.apache.catalina.core.StandardEngineValve.invoke(StandardEngineValve.java:72)
	at org.apache.catalina.connector.CoyoteAdapter.service(CoyoteAdapter.java:341)
	at org.apache.coyote.http11.Http11Processor.service(Http11Processor.java:397)
	at org.apache.coyote.AbstractProcessorLight.process(AbstractProcessorLight.java:63)
	at org.apache.coyote.AbstractProtocol$ConnectionHandler.process(AbstractProtocol.java:903)
	at org.apache.tomcat.util.net.NioEndpoint$SocketProcessor.doRun(NioEndpoint.java:1801)
	at org.apache.tomcat.util.net.SocketProcessorBase.run(SocketProcessorBase.java:52)
	at org.apache.tomcat.util.threads.ThreadPoolExecutor.runWorker(ThreadPoolExecutor.java:946)
	at org.apache.tomcat.util.threads.ThreadPoolExecutor$Worker.run(ThreadPoolExecutor.java:480)
	at org.apache.tomcat.util.threads.TaskThread$WrappingRunnable.run(TaskThread.java:57)
	at java.base/java.lang.Thread.run(Thread.java:1516)
2026-08-31 16:11:11.104 [http-nio-8081-exec-3] [9a3667e1bde84dc6] ERROR o.e.s.common.GlobalExceptionHandler - 
══════════════════════════════════════════════════════════════
✖ 【系统异常】 traceId=9a3667e1bde84dc6
    detail :
"No static resource favicon.ico for request '/favicon.ico'."
══════════════════════════════════════════════════════════════

org.springframework.web.servlet.resource.NoResourceFoundException: No static resource favicon.ico for request '/favicon.ico'.
	at org.springframework.web.servlet.resource.ResourceHttpRequestHandler.handleRequest(ResourceHttpRequestHandler.java:526)
	at org.springframework.web.servlet.mvc.HttpRequestHandlerAdapter.handle(HttpRequestHandlerAdapter.java:50)
	at org.springframework.web.servlet.DispatcherServlet.doDispatch(DispatcherServlet.java:963)
	at org.springframework.web.servlet.DispatcherServlet.doService(DispatcherServlet.java:866)
	at org.springframework.web.servlet.FrameworkServlet.processRequest(FrameworkServlet.java:1000)
	at org.springframework.web.servlet.FrameworkServlet.doGet(FrameworkServlet.java:892)
	at jakarta.servlet.http.HttpServlet.service(HttpServlet.java:622)
	at org.springframework.web.servlet.FrameworkServlet.service(FrameworkServlet.java:874)
	at jakarta.servlet.http.HttpServlet.service(HttpServlet.java:710)
	at org.apache.catalina.core.ApplicationFilterChain.doFilter(ApplicationFilterChain.java:128)
	at org.apache.tomcat.websocket.server.WsFilter.doFilter(WsFilter.java:53)
	at org.apache.catalina.core.ApplicationFilterChain.doFilter(ApplicationFilterChain.java:107)
	at org.springframework.web.filter.RequestContextFilter.doFilterInternal(RequestContextFilter.java:100)
	at org.springframework.web.filter.OncePerRequestFilter.doFilter(OncePerRequestFilter.java:116)
	at org.apache.catalina.core.ApplicationFilterChain.doFilter(ApplicationFilterChain.java:107)
	at org.springframework.web.filter.FormContentFilter.doFilterInternal(FormContentFilter.java:93)
	at org.springframework.web.filter.OncePerRequestFilter.doFilter(OncePerRequestFilter.java:116)
	at org.apache.catalina.core.ApplicationFilterChain.doFilter(ApplicationFilterChain.java:107)
	at org.springframework.web.filter.CharacterEncodingFilter.doFilterInternal(CharacterEncodingFilter.java:199)
	at org.springframework.web.filter.OncePerRequestFilter.doFilter(OncePerRequestFilter.java:116)
	at org.apache.catalina.core.ApplicationFilterChain.doFilter(ApplicationFilterChain.java:107)
	at org.example.studentsystem.filter.TraceFilter.doFilter(TraceFilter.java:29)
	at org.apache.catalina.core.ApplicationFilterChain.doFilter(ApplicationFilterChain.java:107)
	at org.apache.catalina.core.StandardWrapperValve.invoke(StandardWrapperValve.java:165)
	at org.apache.catalina.core.StandardContextValve.invoke(StandardContextValve.java:77)
	at org.apache.catalina.authenticator.AuthenticatorBase.invoke(AuthenticatorBase.java:492)
	at org.apache.catalina.core.StandardHostValve.invoke(StandardHostValve.java:113)
	at org.apache.catalina.valves.ErrorReportValve.invoke(ErrorReportValve.java:83)
	at org.apache.catalina.core.StandardEngineValve.invoke(StandardEngineValve.java:72)
	at org.apache.catalina.connector.CoyoteAdapter.service(CoyoteAdapter.java:341)
	at org.apache.coyote.http11.Http11Processor.service(Http11Processor.java:397)
	at org.apache.coyote.AbstractProcessorLight.process(AbstractProcessorLight.java:63)
	at org.apache.coyote.AbstractProtocol$ConnectionHandler.process(AbstractProtocol.java:903)
	at org.apache.tomcat.util.net.NioEndpoint$SocketProcessor.doRun(NioEndpoint.java:1801)
	at org.apache.tomcat.util.net.SocketProcessorBase.run(SocketProcessorBase.java:52)
	at org.apache.tomcat.util.threads.ThreadPoolExecutor.runWorker(ThreadPoolExecutor.java:946)
	at org.apache.tomcat.util.threads.ThreadPoolExecutor$Worker.run(ThreadPoolExecutor.java:480)
	at org.apache.tomcat.util.threads.TaskThread$WrappingRunnable.run(TaskThread.java:57)
	at java.base/java.lang.Thread.run(Thread.java:1516)
2026-08-31 16:20:12.532 [http-nio-8081-exec-5] [3e5b0179937a483a] INFO  o.e.s.aspect.WebLogAspect - 
══════════════════════════════════════════════════════════════
>>> 【API 请求】 GET /teacher/infoById?id=1001&pageNum=3&pageSize=10
    traceId : 3e5b0179937a483a
    client  : 127.0.0.1
    handler : TeacherController.getTeacherInfoById
    headers : {
  "User-Agent" : "PostmanRuntime/7.54.0",
  "Accept" : "*/*",
  "Postman-Token" : "aa5d93a7-3948-4414-a8c2-bb7d0ecc30cf",
  "Host" : "127.0.0.1:8081",
  "Accept-Encoding" : "gzip, deflate, br",
  "Connection" : "keep-alive"
}
    args    : [ 1001, 3, 10 ]
══════════════════════════════════════════════════════════════

2026-08-31 16:20:12.534 [http-nio-8081-exec-5] [3e5b0179937a483a] INFO  o.e.s.aspect.ServiceLogAspect -     ▶ 【Service 进入】 TeacherServiceImpl.getTeacherInfoById
        args :
    [ 1001, 3, 10 ]

2026-08-31 16:20:12.535 [http-nio-8081-exec-5] [3e5b0179937a483a] DEBUG o.e.s.mapper.TeacherMapper.listById - ==>  Preparing: SELECT id, name, age, gender FROM teacher WHERE id = ? ORDER BY id
2026-08-31 16:20:12.536 [http-nio-8081-exec-5] [3e5b0179937a483a] DEBUG o.e.s.mapper.TeacherMapper.listById - ==> Parameters: 1001(Integer)
2026-08-31 16:20:12.537 [http-nio-8081-exec-5] [3e5b0179937a483a] DEBUG o.e.s.mapper.TeacherMapper.listById - <==      Total: 0
2026-08-31 16:20:12.538 [http-nio-8081-exec-5] [3e5b0179937a483a] WARN  o.e.s.aspect.ServiceLogAspect -     ✖ 【Service 异常】 TeacherServiceImpl.getTeacherInfoById | 4ms
        error :
    "教师不存在"

org.example.studentsystem.common.BusinessException: 教师不存在
	at org.example.studentsystem.service.impl.TeacherServiceImpl.getTeacherInfoById(TeacherServiceImpl.java:38)
	at java.base/jdk.internal.reflect.DirectMethodHandleAccessor.invoke(DirectMethodHandleAccessor.java:104)
	at java.base/java.lang.reflect.Method.invoke(Method.java:565)
	at org.springframework.aop.support.AopUtils.invokeJoinpointUsingReflection(AopUtils.java:359)
	at org.springframework.aop.framework.ReflectiveMethodInvocation.invokeJoinpoint(ReflectiveMethodInvocation.java:190)
	at org.springframework.aop.framework.ReflectiveMethodInvocation.proceed(ReflectiveMethodInvocation.java:158)
	at org.springframework.aop.aspectj.MethodInvocationProceedingJoinPoint.proceed(MethodInvocationProceedingJoinPoint.java:82)
	at org.example.studentsystem.aspect.ServiceLogAspect.around(ServiceLogAspect.java:35)
	at java.base/jdk.internal.reflect.DirectMethodHandleAccessor.invoke(DirectMethodHandleAccessor.java:104)
	at java.base/java.lang.reflect.Method.invoke(Method.java:565)
	at org.springframework.aop.aspectj.AbstractAspectJAdvice.invokeAdviceMethodWithGivenArgs(AbstractAspectJAdvice.java:648)
	at org.springframework.aop.aspectj.AbstractAspectJAdvice.invokeAdviceMethod(AbstractAspectJAdvice.java:630)
	at org.springframework.aop.aspectj.AspectJAroundAdvice.invoke(AspectJAroundAdvice.java:70)
	at org.springframework.aop.framework.ReflectiveMethodInvocation.proceed(ReflectiveMethodInvocation.java:179)
	at org.springframework.aop.interceptor.ExposeInvocationInterceptor.invoke(ExposeInvocationInterceptor.java:96)
	at org.springframework.aop.framework.ReflectiveMethodInvocation.proceed(ReflectiveMethodInvocation.java:179)
	at org.springframework.aop.framework.CglibAopProxy$DynamicAdvisedInterceptor.intercept(CglibAopProxy.java:719)
	at org.example.studentsystem.service.impl.TeacherServiceImpl$$SpringCGLIB$$0.getTeacherInfoById(<generated>)
	at org.example.studentsystem.controller.TeacherController.getTeacherInfoById(TeacherController.java:35)
	at java.base/jdk.internal.reflect.DirectMethodHandleAccessor.invoke(DirectMethodHandleAccessor.java:104)
	at java.base/java.lang.reflect.Method.invoke(Method.java:565)
	at org.springframework.aop.support.AopUtils.invokeJoinpointUsingReflection(AopUtils.java:359)
	at org.springframework.aop.framework.ReflectiveMethodInvocation.invokeJoinpoint(ReflectiveMethodInvocation.java:190)
	at org.springframework.aop.framework.ReflectiveMethodInvocation.proceed(ReflectiveMethodInvocation.java:158)
	at org.springframework.aop.aspectj.MethodInvocationProceedingJoinPoint.proceed(MethodInvocationProceedingJoinPoint.java:82)
	at org.example.studentsystem.aspect.WebLogAspect.around(WebLogAspect.java:56)
	at java.base/jdk.internal.reflect.DirectMethodHandleAccessor.invoke(DirectMethodHandleAccessor.java:104)
	at java.base/java.lang.reflect.Method.invoke(Method.java:565)
	at org.springframework.aop.aspectj.AbstractAspectJAdvice.invokeAdviceMethodWithGivenArgs(AbstractAspectJAdvice.java:648)
	at org.springframework.aop.aspectj.AbstractAspectJAdvice.invokeAdviceMethod(AbstractAspectJAdvice.java:630)
	at org.springframework.aop.aspectj.AspectJAroundAdvice.invoke(AspectJAroundAdvice.java:70)
	at org.springframework.aop.framework.ReflectiveMethodInvocation.proceed(ReflectiveMethodInvocation.java:179)
	at org.springframework.aop.interceptor.ExposeInvocationInterceptor.invoke(ExposeInvocationInterceptor.java:96)
	at org.springframework.aop.framework.ReflectiveMethodInvocation.proceed(ReflectiveMethodInvocation.java:179)
	at org.springframework.aop.framework.CglibAopProxy$DynamicAdvisedInterceptor.intercept(CglibAopProxy.java:719)
	at org.example.studentsystem.controller.TeacherController$$SpringCGLIB$$0.getTeacherInfoById(<generated>)
	at java.base/jdk.internal.reflect.DirectMethodHandleAccessor.invoke(DirectMethodHandleAccessor.java:104)
	at java.base/java.lang.reflect.Method.invoke(Method.java:565)
	at org.springframework.web.method.support.InvocableHandlerMethod.doInvoke(InvocableHandlerMethod.java:252)
	at org.springframework.web.method.support.InvocableHandlerMethod.invokeForRequest(InvocableHandlerMethod.java:184)
	at org.springframework.web.servlet.mvc.method.annotation.ServletInvocableHandlerMethod.invokeAndHandle(ServletInvocableHandlerMethod.java:117)
	at org.springframework.web.servlet.mvc.method.annotation.RequestMappingHandlerAdapter.invokeHandlerMethod(RequestMappingHandlerAdapter.java:934)
	at org.springframework.web.servlet.mvc.method.annotation.RequestMappingHandlerAdapter.handleInternal(RequestMappingHandlerAdapter.java:853)
	at org.springframework.web.servlet.mvc.method.AbstractHandlerMethodAdapter.handle(AbstractHandlerMethodAdapter.java:86)
	at org.springframework.web.servlet.DispatcherServlet.doDispatch(DispatcherServlet.java:963)
	at org.springframework.web.servlet.DispatcherServlet.doService(DispatcherServlet.java:866)
	at org.springframework.web.servlet.FrameworkServlet.processRequest(FrameworkServlet.java:1000)
	at org.springframework.web.servlet.FrameworkServlet.doGet(FrameworkServlet.java:892)
	at jakarta.servlet.http.HttpServlet.service(HttpServlet.java:622)
	at org.springframework.web.servlet.FrameworkServlet.service(FrameworkServlet.java:874)
	at jakarta.servlet.http.HttpServlet.service(HttpServlet.java:710)
	at org.apache.catalina.core.ApplicationFilterChain.doFilter(ApplicationFilterChain.java:128)
	at org.apache.tomcat.websocket.server.WsFilter.doFilter(WsFilter.java:53)
	at org.apache.catalina.core.ApplicationFilterChain.doFilter(ApplicationFilterChain.java:107)
	at org.springframework.web.filter.RequestContextFilter.doFilterInternal(RequestContextFilter.java:100)
	at org.springframework.web.filter.OncePerRequestFilter.doFilter(OncePerRequestFilter.java:116)
	at org.apache.catalina.core.ApplicationFilterChain.doFilter(ApplicationFilterChain.java:107)
	at org.springframework.web.filter.FormContentFilter.doFilterInternal(FormContentFilter.java:93)
	at org.springframework.web.filter.OncePerRequestFilter.doFilter(OncePerRequestFilter.java:116)
	at org.apache.catalina.core.ApplicationFilterChain.doFilter(ApplicationFilterChain.java:107)
	at org.springframework.web.filter.CharacterEncodingFilter.doFilterInternal(CharacterEncodingFilter.java:199)
	at org.springframework.web.filter.OncePerRequestFilter.doFilter(OncePerRequestFilter.java:116)
	at org.apache.catalina.core.ApplicationFilterChain.doFilter(ApplicationFilterChain.java:107)
	at org.example.studentsystem.filter.TraceFilter.doFilter(TraceFilter.java:29)
	at org.apache.catalina.core.ApplicationFilterChain.doFilter(ApplicationFilterChain.java:107)
	at org.apache.catalina.core.StandardWrapperValve.invoke(StandardWrapperValve.java:165)
	at org.apache.catalina.core.StandardContextValve.invoke(StandardContextValve.java:77)
	at org.apache.catalina.authenticator.AuthenticatorBase.invoke(AuthenticatorBase.java:492)
	at org.apache.catalina.core.StandardHostValve.invoke(StandardHostValve.java:113)
	at org.apache.catalina.valves.ErrorReportValve.invoke(ErrorReportValve.java:83)
	at org.apache.catalina.core.StandardEngineValve.invoke(StandardEngineValve.java:72)
	at org.apache.catalina.connector.CoyoteAdapter.service(CoyoteAdapter.java:341)
	at org.apache.coyote.http11.Http11Processor.service(Http11Processor.java:397)
	at org.apache.coyote.AbstractProcessorLight.process(AbstractProcessorLight.java:63)
	at org.apache.coyote.AbstractProtocol$ConnectionHandler.process(AbstractProtocol.java:903)
	at org.apache.tomcat.util.net.NioEndpoint$SocketProcessor.doRun(NioEndpoint.java:1801)
	at org.apache.tomcat.util.net.SocketProcessorBase.run(SocketProcessorBase.java:52)
	at org.apache.tomcat.util.threads.ThreadPoolExecutor.runWorker(ThreadPoolExecutor.java:946)
	at org.apache.tomcat.util.threads.ThreadPoolExecutor$Worker.run(ThreadPoolExecutor.java:480)
	at org.apache.tomcat.util.threads.TaskThread$WrappingRunnable.run(TaskThread.java:57)
	at java.base/java.lang.Thread.run(Thread.java:1516)
2026-08-31 16:20:12.538 [http-nio-8081-exec-5] [3e5b0179937a483a] WARN  o.e.s.aspect.WebLogAspect - 
══════════════════════════════════════════════════════════════
⚠ 【API 业务失败】 TeacherController.getTeacherInfoById | 6ms
    error :
"教师不存在"
══════════════════════════════════════════════════════════════

2026-08-31 16:20:12.539 [http-nio-8081-exec-5] [3e5b0179937a483a] WARN  o.e.s.common.GlobalExceptionHandler - 
══════════════════════════════════════════════════════════════
⚠ 【业务异常】 traceId=3e5b0179937a483a
    detail :
"教师不存在"
══════════════════════════════════════════════════════════════

2026-08-31 16:20:31.369 [http-nio-8081-exec-6] [9e846c83921a4ef4] INFO  o.e.s.aspect.WebLogAspect - 
══════════════════════════════════════════════════════════════
>>> 【API 请求】 GET /teacher/infoById?id=1&pageNum=3&pageSize=10
    traceId : 9e846c83921a4ef4
    client  : 127.0.0.1
    handler : TeacherController.getTeacherInfoById
    headers : {
  "User-Agent" : "PostmanRuntime/7.54.0",
  "Accept" : "*/*",
  "Postman-Token" : "48527ebf-3096-4dda-b181-75df214526bb",
  "Host" : "127.0.0.1:8081",
  "Accept-Encoding" : "gzip, deflate, br",
  "Connection" : "keep-alive"
}
    args    : [ 1, 3, 10 ]
══════════════════════════════════════════════════════════════

2026-08-31 16:20:31.370 [http-nio-8081-exec-6] [9e846c83921a4ef4] INFO  o.e.s.aspect.ServiceLogAspect -     ▶ 【Service 进入】 TeacherServiceImpl.getTeacherInfoById
        args :
    [ 1, 3, 10 ]

2026-08-31 16:20:31.371 [http-nio-8081-exec-6] [9e846c83921a4ef4] DEBUG o.e.s.mapper.TeacherMapper.listById - ==>  Preparing: SELECT id, name, age, gender FROM teacher WHERE id = ? ORDER BY id
2026-08-31 16:20:31.372 [http-nio-8081-exec-6] [9e846c83921a4ef4] DEBUG o.e.s.mapper.TeacherMapper.listById - ==> Parameters: 1(Integer)
2026-08-31 16:20:31.374 [http-nio-8081-exec-6] [9e846c83921a4ef4] DEBUG o.e.s.mapper.TeacherMapper.listById - <==      Total: 1
2026-08-31 16:20:31.382 [http-nio-8081-exec-6] [9e846c83921a4ef4] DEBUG o.e.s.m.S.listByTeacherId_COUNT - ==>  Preparing: SELECT count(0) FROM student WHERE teacher_id = ?
2026-08-31 16:20:31.383 [http-nio-8081-exec-6] [9e846c83921a4ef4] DEBUG o.e.s.m.S.listByTeacherId_COUNT - ==> Parameters: 1(Integer)
2026-08-31 16:20:31.385 [http-nio-8081-exec-6] [9e846c83921a4ef4] DEBUG o.e.s.m.S.listByTeacherId_COUNT - <==      Total: 1
2026-08-31 16:20:31.386 [http-nio-8081-exec-6] [9e846c83921a4ef4] INFO  o.e.s.aspect.ServiceLogAspect -     ◀ 【Service 完成】 TeacherServiceImpl.getTeacherInfoById | 16ms
        result :
    {
  "age" : 30,
  "gender" : "男",
  "id" : 1,
  "name" : "张三",
  "pageNum" : 3,
  "pageSize" : 10,
  "pages" : 0,
  "students" : [ ],
  "total" : 0
}

2026-08-31 16:20:31.386 [http-nio-8081-exec-6] [9e846c83921a4ef4] INFO  o.e.s.aspect.WebLogAspect - 
══════════════════════════════════════════════════════════════
<<< 【API 响应】 TeacherController.getTeacherInfoById | 18ms
    result :
{
  "code" : 200,
  "content" : {
    "age" : 30,
    "gender" : "男",
    "id" : 1,
    "name" : "张三",
    "pageNum" : 3,
    "pageSize" : 10,
    "pages" : 0,
    "students" : [ ],
    "total" : 0
  },
  "message" : "success"
}
══════════════════════════════════════════════════════════════

2026-08-31 16:21:29.549 [http-nio-8081-exec-8] [e810e5721c4445c1] INFO  o.e.s.aspect.WebLogAspect - 
══════════════════════════════════════════════════════════════
>>> 【API 请求】 GET /teacher/infoById?id=1&pageNum=3&pageSize=10
    traceId : e810e5721c4445c1
    client  : 127.0.0.1
    handler : TeacherController.getTeacherInfoById
    headers : {
  "User-Agent" : "PostmanRuntime/7.54.0",
  "Accept" : "*/*",
  "Postman-Token" : "83874f2a-9ffc-4131-a9a9-c2d41268c067",
  "Host" : "127.0.0.1:8081",
  "Accept-Encoding" : "gzip, deflate, br",
  "Connection" : "keep-alive"
}
    args    : [ 1, 3, 10 ]
══════════════════════════════════════════════════════════════

2026-08-31 16:21:29.550 [http-nio-8081-exec-8] [e810e5721c4445c1] INFO  o.e.s.aspect.ServiceLogAspect -     ▶ 【Service 进入】 TeacherServiceImpl.getTeacherInfoById
        args :
    [ 1, 3, 10 ]

2026-08-31 16:21:29.551 [http-nio-8081-exec-8] [e810e5721c4445c1] DEBUG o.e.s.mapper.TeacherMapper.listById - ==>  Preparing: SELECT id, name, age, gender FROM teacher WHERE id = ? ORDER BY id
2026-08-31 16:21:29.551 [http-nio-8081-exec-8] [e810e5721c4445c1] DEBUG o.e.s.mapper.TeacherMapper.listById - ==> Parameters: 1(Integer)
2026-08-31 16:21:29.553 [http-nio-8081-exec-8] [e810e5721c4445c1] DEBUG o.e.s.mapper.TeacherMapper.listById - <==      Total: 1
2026-08-31 16:21:29.558 [http-nio-8081-exec-8] [e810e5721c4445c1] DEBUG o.e.s.m.S.listByTeacherId_COUNT - ==>  Preparing: SELECT count(0) FROM student WHERE teacher_id = ?
2026-08-31 16:21:29.559 [http-nio-8081-exec-8] [e810e5721c4445c1] DEBUG o.e.s.m.S.listByTeacherId_COUNT - ==> Parameters: 1(Integer)
2026-08-31 16:21:29.560 [http-nio-8081-exec-8] [e810e5721c4445c1] DEBUG o.e.s.m.S.listByTeacherId_COUNT - <==      Total: 1
2026-08-31 16:21:29.561 [http-nio-8081-exec-8] [e810e5721c4445c1] INFO  o.e.s.aspect.ServiceLogAspect -     ◀ 【Service 完成】 TeacherServiceImpl.getTeacherInfoById | 10ms
        result :
    {
  "age" : 30,
  "gender" : "男",
  "id" : 1,
  "name" : "张三",
  "pageNum" : 3,
  "pageSize" : 10,
  "pages" : 0,
  "students" : [ ],
  "total" : 0
}

2026-08-31 16:21:29.561 [http-nio-8081-exec-8] [e810e5721c4445c1] INFO  o.e.s.aspect.WebLogAspect - 
══════════════════════════════════════════════════════════════
<<< 【API 响应】 TeacherController.getTeacherInfoById | 13ms
    result :
{
  "code" : 200,
  "content" : {
    "age" : 30,
    "gender" : "男",
    "id" : 1,
    "name" : "张三",
    "pageNum" : 3,
    "pageSize" : 10,
    "pages" : 0,
    "students" : [ ],
    "total" : 0
  },
  "message" : "success"
}
══════════════════════════════════════════════════════════════

2026-08-31 16:26:24.635 [http-nio-8081-exec-10] [c69f9f8297214582] INFO  o.e.s.aspect.WebLogAspect - 
══════════════════════════════════════════════════════════════
>>> 【API 请求】 GET /teacher/infoById?id=1&pageNum=3&pageSize=10
    traceId : c69f9f8297214582
    client  : 127.0.0.1
    handler : TeacherController.getTeacherInfoById
    headers : {
  "User-Agent" : "PostmanRuntime/7.54.0",
  "Accept" : "*/*",
  "Postman-Token" : "d9e637e7-af16-430e-940f-e58ea140f8c6",
  "Host" : "127.0.0.1:8081",
  "Accept-Encoding" : "gzip, deflate, br",
  "Connection" : "keep-alive"
}
    args    : [ 1, 3, 10 ]
══════════════════════════════════════════════════════════════

2026-08-31 16:26:24.637 [http-nio-8081-exec-10] [c69f9f8297214582] INFO  o.e.s.aspect.ServiceLogAspect -     ▶ 【Service 进入】 TeacherServiceImpl.getTeacherInfoById
        args :
    [ 1, 3, 10 ]

2026-08-31 16:26:24.639 [http-nio-8081-exec-10] [c69f9f8297214582] DEBUG o.e.s.mapper.TeacherMapper.listById - ==>  Preparing: SELECT id, name, age, gender FROM teacher WHERE id = ? ORDER BY id
2026-08-31 16:26:24.639 [http-nio-8081-exec-10] [c69f9f8297214582] DEBUG o.e.s.mapper.TeacherMapper.listById - ==> Parameters: 1(Integer)
2026-08-31 16:26:24.641 [http-nio-8081-exec-10] [c69f9f8297214582] DEBUG o.e.s.mapper.TeacherMapper.listById - <==      Total: 1
2026-08-31 16:26:24.645 [http-nio-8081-exec-10] [c69f9f8297214582] DEBUG o.e.s.m.S.listByTeacherId_COUNT - ==>  Preparing: SELECT count(0) FROM student WHERE teacher_id = ?
2026-08-31 16:26:24.646 [http-nio-8081-exec-10] [c69f9f8297214582] DEBUG o.e.s.m.S.listByTeacherId_COUNT - ==> Parameters: 1(Integer)
2026-08-31 16:26:24.648 [http-nio-8081-exec-10] [c69f9f8297214582] DEBUG o.e.s.m.S.listByTeacherId_COUNT - <==      Total: 1
2026-08-31 16:26:24.649 [http-nio-8081-exec-10] [c69f9f8297214582] INFO  o.e.s.aspect.ServiceLogAspect -     ◀ 【Service 完成】 TeacherServiceImpl.getTeacherInfoById | 11ms
        result :
    {
  "age" : 30,
  "gender" : "男",
  "id" : 1,
  "name" : "张三",
  "pageNum" : 3,
  "pageSize" : 10,
  "pages" : 0,
  "students" : [ ],
  "total" : 0
}

2026-08-31 16:26:24.649 [http-nio-8081-exec-10] [c69f9f8297214582] INFO  o.e.s.aspect.WebLogAspect - 
══════════════════════════════════════════════════════════════
<<< 【API 响应】 TeacherController.getTeacherInfoById | 14ms
    result :
{
  "code" : 200,
  "content" : {
    "age" : 30,
    "gender" : "男",
    "id" : 1,
    "name" : "张三",
    "pageNum" : 3,
    "pageSize" : 10,
    "pages" : 0,
    "students" : [ ],
    "total" : 0
  },
  "message" : "success"
}
══════════════════════════════════════════════════════════════

2026-08-31 19:54:44.267 [http-nio-8081-exec-3] [3e4563f4a66743d0] INFO  o.e.s.aspect.WebLogAspect - 
══════════════════════════════════════════════════════════════
>>> 【API 请求】 POST /teacher/insert
    traceId : 3e4563f4a66743d0
    client  : 127.0.0.1
    handler : TeacherController.insertTeacher
    headers : {
  "Content-Type" : "application/json",
  "User-Agent" : "PostmanRuntime/7.54.0",
  "Accept" : "*/*",
  "Postman-Token" : "6217f5ef-5fb7-4527-baa4-93aa2bea9bb8",
  "Host" : "127.0.0.1:8081",
  "Accept-Encoding" : "gzip, deflate, br",
  "Connection" : "keep-alive",
  "Content-Length" : "51"
}
    args    : [ {
  "age" : 33,
  "gender" : "女",
  "id" : 3,
  "name" : "李四"
} ]
══════════════════════════════════════════════════════════════

2026-08-31 19:54:44.267 [http-nio-8081-exec-3] [3e4563f4a66743d0] INFO  o.e.s.aspect.ServiceLogAspect -     ▶ 【Service 进入】 TeacherServiceImpl.insertTeacherInfo
        args :
    [ {
  "age" : 33,
  "gender" : "女",
  "id" : 3,
  "name" : "李四"
} ]

2026-08-31 19:54:44.269 [http-nio-8081-exec-3] [3e4563f4a66743d0] DEBUG o.e.s.mapper.TeacherMapper.listById - ==>  Preparing: SELECT id, name, age, gender FROM teacher WHERE id = ? ORDER BY id
2026-08-31 19:54:44.269 [http-nio-8081-exec-3] [3e4563f4a66743d0] DEBUG o.e.s.mapper.TeacherMapper.listById - ==> Parameters: 3(Integer)
2026-08-31 19:54:44.270 [http-nio-8081-exec-3] [3e4563f4a66743d0] DEBUG o.e.s.mapper.TeacherMapper.listById - <==      Total: 0
2026-08-31 19:54:44.270 [http-nio-8081-exec-3] [3e4563f4a66743d0] DEBUG o.e.s.m.T.insertTeacherInfo - ==>  Preparing: INSERT INTO teacher (id, name, age, gender) VALUES (?, ?, ?, ?)
2026-08-31 19:54:44.271 [http-nio-8081-exec-3] [3e4563f4a66743d0] DEBUG o.e.s.m.T.insertTeacherInfo - ==> Parameters: 3(Integer), 李四(String), 33(Integer), 女(String)
2026-08-31 19:54:44.274 [http-nio-8081-exec-3] [3e4563f4a66743d0] DEBUG o.e.s.m.T.insertTeacherInfo - <==    Updates: 1
2026-08-31 19:54:44.274 [http-nio-8081-exec-3] [3e4563f4a66743d0] INFO  o.e.s.aspect.ServiceLogAspect -     ◀ 【Service 完成】 TeacherServiceImpl.insertTeacherInfo | 7ms
        result :
    true

2026-08-31 19:54:44.274 [http-nio-8081-exec-3] [3e4563f4a66743d0] INFO  o.e.s.aspect.WebLogAspect - 
══════════════════════════════════════════════════════════════
<<< 【API 响应】 TeacherController.insertTeacher | 7ms
    result :
{
  "code" : 200,
  "content" : true,
  "message" : "success"
}
══════════════════════════════════════════════════════════════

2026-08-31 19:54:44.277 [task-1] [] INFO  o.e.s.aspect.ServiceLogAspect -     ▶ 【Service 进入】 OperationLogServiceImpl.saveAsync
        args :
    [ {
  "clientIp" : "127.0.0.1",
  "costMs" : 9,
  "createdAt" : "2026-08-31T19:54:44.274784",
  "description" : "新增教师",
  "errorMsg" : null,
  "httpMethod" : "POST",
  "id" : null,
  "method" : "TeacherController.insertTeacher",
  "module" : "teacher",
  "operation" : "INSERT",
  "operatorName" : "anonymous",
  "requestParams" : "[ {\n  \"age\" : 33,\n  \"gender\" : \"女\",\n  \"id\" : 3,\n  \"name\" : \"李四\"\n} ]",
  "requestUrl" : "http://127.0.0.1:8081/teacher/insert",
  "responseBody" : "{\n  \"code\" : 200,\n  \"content\" : true,\n  \"message\" : \"success\"\n}",
  "responseCode" : 200,
  "status" : 1,
  "traceId" : "3e4563f4a66743d0"
} ]

2026-08-31 19:54:44.278 [task-1] [] DEBUG o.e.s.m.OperationLogMapper.insert - ==>  Preparing: INSERT INTO operation_log ( trace_id, module, operation, description, method, request_url, http_method, request_params, response_body, response_code, operator_name, client_ip, cost_ms, status, error_msg, created_at ) VALUES ( ?, ?, ?, ?, ?, ?, ?, ?, ?, ?, ?, ?, ?, ?, ?, ? )
2026-08-31 19:54:44.279 [task-1] [] DEBUG o.e.s.m.OperationLogMapper.insert - ==> Parameters: 3e4563f4a66743d0(String), teacher(String), INSERT(String), 新增教师(String), TeacherController.insertTeacher(String), http://127.0.0.1:8081/teacher/insert(String), POST(String), [ {
  "age" : 33,
  "gender" : "女",
  "id" : 3,
  "name" : "李四"
} ](String), {
  "code" : 200,
  "content" : true,
  "message" : "success"
}(String), 200(Integer), anonymous(String), 127.0.0.1(String), 9(Integer), 1(Integer), null, 2026-08-31T19:54:44.274784(LocalDateTime)
2026-08-31 19:54:44.282 [task-1] [] DEBUG o.e.s.m.OperationLogMapper.insert - <==    Updates: 1
2026-08-31 19:54:44.282 [task-1] [] INFO  o.e.s.s.impl.OperationLogServiceImpl - 审计日志已写入数据库, module=teacher, operation=INSERT, status=1
2026-08-31 19:54:44.282 [task-1] [] INFO  o.e.s.aspect.ServiceLogAspect -     ◀ 【Service 完成】 OperationLogServiceImpl.saveAsync | 6ms
        result :
    null

2026-08-31 19:55:10.102 [http-nio-8081-exec-2] [8aef90bc07f54595] INFO  o.e.s.aspect.WebLogAspect - 
══════════════════════════════════════════════════════════════
>>> 【API 请求】 POST /teacher/insert
    traceId : 8aef90bc07f54595
    client  : 127.0.0.1
    handler : TeacherController.insertTeacher
    headers : {
  "Content-Type" : "application/json",
  "User-Agent" : "PostmanRuntime/7.54.0",
  "Accept" : "*/*",
  "Postman-Token" : "4316dc54-f186-4057-b122-c685033fc528",
  "Host" : "127.0.0.1:8081",
  "Accept-Encoding" : "gzip, deflate, br",
  "Connection" : "keep-alive",
  "Content-Length" : "51"
}
    args    : [ {
  "age" : 33,
  "gender" : "女",
  "id" : 3,
  "name" : "王五"
} ]
══════════════════════════════════════════════════════════════

2026-08-31 19:55:10.102 [http-nio-8081-exec-2] [8aef90bc07f54595] INFO  o.e.s.aspect.ServiceLogAspect -     ▶ 【Service 进入】 TeacherServiceImpl.insertTeacherInfo
        args :
    [ {
  "age" : 33,
  "gender" : "女",
  "id" : 3,
  "name" : "王五"
} ]

2026-08-31 19:55:10.103 [http-nio-8081-exec-2] [8aef90bc07f54595] DEBUG o.e.s.mapper.TeacherMapper.listById - ==>  Preparing: SELECT id, name, age, gender FROM teacher WHERE id = ? ORDER BY id
2026-08-31 19:55:10.104 [http-nio-8081-exec-2] [8aef90bc07f54595] DEBUG o.e.s.mapper.TeacherMapper.listById - ==> Parameters: 3(Integer)
2026-08-31 19:55:10.106 [http-nio-8081-exec-2] [8aef90bc07f54595] DEBUG o.e.s.mapper.TeacherMapper.listById - <==      Total: 1
2026-08-31 19:55:10.107 [http-nio-8081-exec-2] [8aef90bc07f54595] WARN  o.e.s.aspect.ServiceLogAspect -     ✖ 【Service 异常】 TeacherServiceImpl.insertTeacherInfo | 5ms
        error :
    "该教师已存在"

org.example.studentsystem.common.BusinessException: 该教师已存在
	at org.example.studentsystem.service.impl.TeacherServiceImpl.insertTeacherInfo(TeacherServiceImpl.java:66)
	at java.base/jdk.internal.reflect.DirectMethodHandleAccessor.invoke(DirectMethodHandleAccessor.java:104)
	at java.base/java.lang.reflect.Method.invoke(Method.java:565)
	at org.springframework.aop.support.AopUtils.invokeJoinpointUsingReflection(AopUtils.java:359)
	at org.springframework.aop.framework.ReflectiveMethodInvocation.invokeJoinpoint(ReflectiveMethodInvocation.java:190)
	at org.springframework.aop.framework.ReflectiveMethodInvocation.proceed(ReflectiveMethodInvocation.java:158)
	at org.springframework.aop.aspectj.MethodInvocationProceedingJoinPoint.proceed(MethodInvocationProceedingJoinPoint.java:82)
	at org.example.studentsystem.aspect.ServiceLogAspect.around(ServiceLogAspect.java:35)
	at java.base/jdk.internal.reflect.DirectMethodHandleAccessor.invoke(DirectMethodHandleAccessor.java:104)
	at java.base/java.lang.reflect.Method.invoke(Method.java:565)
	at org.springframework.aop.aspectj.AbstractAspectJAdvice.invokeAdviceMethodWithGivenArgs(AbstractAspectJAdvice.java:648)
	at org.springframework.aop.aspectj.AbstractAspectJAdvice.invokeAdviceMethod(AbstractAspectJAdvice.java:630)
	at org.springframework.aop.aspectj.AspectJAroundAdvice.invoke(AspectJAroundAdvice.java:70)
	at org.springframework.aop.framework.ReflectiveMethodInvocation.proceed(ReflectiveMethodInvocation.java:179)
	at org.springframework.aop.interceptor.ExposeInvocationInterceptor.invoke(ExposeInvocationInterceptor.java:96)
	at org.springframework.aop.framework.ReflectiveMethodInvocation.proceed(ReflectiveMethodInvocation.java:179)
	at org.springframework.aop.framework.CglibAopProxy$DynamicAdvisedInterceptor.intercept(CglibAopProxy.java:719)
	at org.example.studentsystem.service.impl.TeacherServiceImpl$$SpringCGLIB$$0.insertTeacherInfo(<generated>)
	at org.example.studentsystem.controller.TeacherController.insertTeacher(TeacherController.java:43)
	at java.base/jdk.internal.reflect.DirectMethodHandleAccessor.invoke(DirectMethodHandleAccessor.java:104)
	at java.base/java.lang.reflect.Method.invoke(Method.java:565)
	at org.springframework.aop.support.AopUtils.invokeJoinpointUsingReflection(AopUtils.java:359)
	at org.springframework.aop.framework.ReflectiveMethodInvocation.invokeJoinpoint(ReflectiveMethodInvocation.java:190)
	at org.springframework.aop.framework.ReflectiveMethodInvocation.proceed(ReflectiveMethodInvocation.java:158)
	at org.springframework.aop.aspectj.MethodInvocationProceedingJoinPoint.proceed(MethodInvocationProceedingJoinPoint.java:82)
	at org.example.studentsystem.aspect.WebLogAspect.around(WebLogAspect.java:56)
	at java.base/jdk.internal.reflect.DirectMethodHandleAccessor.invoke(DirectMethodHandleAccessor.java:104)
	at java.base/java.lang.reflect.Method.invoke(Method.java:565)
	at org.springframework.aop.aspectj.AbstractAspectJAdvice.invokeAdviceMethodWithGivenArgs(AbstractAspectJAdvice.java:648)
	at org.springframework.aop.aspectj.AbstractAspectJAdvice.invokeAdviceMethod(AbstractAspectJAdvice.java:630)
	at org.springframework.aop.aspectj.AspectJAroundAdvice.invoke(AspectJAroundAdvice.java:70)
	at org.springframework.aop.framework.ReflectiveMethodInvocation.proceed(ReflectiveMethodInvocation.java:179)
	at org.springframework.aop.aspectj.MethodInvocationProceedingJoinPoint.proceed(MethodInvocationProceedingJoinPoint.java:82)
	at org.example.studentsystem.aspect.OperationLogAspect.around(OperationLogAspect.java:35)
	at java.base/jdk.internal.reflect.DirectMethodHandleAccessor.invoke(DirectMethodHandleAccessor.java:104)
	at java.base/java.lang.reflect.Method.invoke(Method.java:565)
	at org.springframework.aop.aspectj.AbstractAspectJAdvice.invokeAdviceMethodWithGivenArgs(AbstractAspectJAdvice.java:648)
	at org.springframework.aop.aspectj.AbstractAspectJAdvice.invokeAdviceMethod(AbstractAspectJAdvice.java:630)
	at org.springframework.aop.aspectj.AspectJAroundAdvice.invoke(AspectJAroundAdvice.java:70)
	at org.springframework.aop.framework.ReflectiveMethodInvocation.proceed(ReflectiveMethodInvocation.java:168)
	at org.springframework.aop.interceptor.ExposeInvocationInterceptor.invoke(ExposeInvocationInterceptor.java:96)
	at org.springframework.aop.framework.ReflectiveMethodInvocation.proceed(ReflectiveMethodInvocation.java:179)
	at org.springframework.aop.framework.CglibAopProxy$DynamicAdvisedInterceptor.intercept(CglibAopProxy.java:719)
	at org.example.studentsystem.controller.TeacherController$$SpringCGLIB$$0.insertTeacher(<generated>)
	at java.base/jdk.internal.reflect.DirectMethodHandleAccessor.invoke(DirectMethodHandleAccessor.java:104)
	at java.base/java.lang.reflect.Method.invoke(Method.java:565)
	at org.springframework.web.method.support.InvocableHandlerMethod.doInvoke(InvocableHandlerMethod.java:252)
	at org.springframework.web.method.support.InvocableHandlerMethod.invokeForRequest(InvocableHandlerMethod.java:184)
	at org.springframework.web.servlet.mvc.method.annotation.ServletInvocableHandlerMethod.invokeAndHandle(ServletInvocableHandlerMethod.java:117)
	at org.springframework.web.servlet.mvc.method.annotation.RequestMappingHandlerAdapter.invokeHandlerMethod(RequestMappingHandlerAdapter.java:934)
	at org.springframework.web.servlet.mvc.method.annotation.RequestMappingHandlerAdapter.handleInternal(RequestMappingHandlerAdapter.java:853)
	at org.springframework.web.servlet.mvc.method.AbstractHandlerMethodAdapter.handle(AbstractHandlerMethodAdapter.java:86)
	at org.springframework.web.servlet.DispatcherServlet.doDispatch(DispatcherServlet.java:963)
	at org.springframework.web.servlet.DispatcherServlet.doService(DispatcherServlet.java:866)
	at org.springframework.web.servlet.FrameworkServlet.processRequest(FrameworkServlet.java:1000)
	at org.springframework.web.servlet.FrameworkServlet.doPost(FrameworkServlet.java:903)
	at jakarta.servlet.http.HttpServlet.service(HttpServlet.java:649)
	at org.springframework.web.servlet.FrameworkServlet.service(FrameworkServlet.java:874)
	at jakarta.servlet.http.HttpServlet.service(HttpServlet.java:710)
	at org.apache.catalina.core.ApplicationFilterChain.doFilter(ApplicationFilterChain.java:128)
	at org.apache.tomcat.websocket.server.WsFilter.doFilter(WsFilter.java:53)
	at org.apache.catalina.core.ApplicationFilterChain.doFilter(ApplicationFilterChain.java:107)
	at org.springframework.web.filter.RequestContextFilter.doFilterInternal(RequestContextFilter.java:100)
	at org.springframework.web.filter.OncePerRequestFilter.doFilter(OncePerRequestFilter.java:116)
	at org.apache.catalina.core.ApplicationFilterChain.doFilter(ApplicationFilterChain.java:107)
	at org.springframework.web.filter.FormContentFilter.doFilterInternal(FormContentFilter.java:93)
	at org.springframework.web.filter.OncePerRequestFilter.doFilter(OncePerRequestFilter.java:116)
	at org.apache.catalina.core.ApplicationFilterChain.doFilter(ApplicationFilterChain.java:107)
	at org.springframework.web.filter.CharacterEncodingFilter.doFilterInternal(CharacterEncodingFilter.java:199)
	at org.springframework.web.filter.OncePerRequestFilter.doFilter(OncePerRequestFilter.java:116)
	at org.apache.catalina.core.ApplicationFilterChain.doFilter(ApplicationFilterChain.java:107)
	at org.example.studentsystem.filter.TraceFilter.doFilter(TraceFilter.java:29)
	at org.apache.catalina.core.ApplicationFilterChain.doFilter(ApplicationFilterChain.java:107)
	at org.apache.catalina.core.StandardWrapperValve.invoke(StandardWrapperValve.java:165)
	at org.apache.catalina.core.StandardContextValve.invoke(StandardContextValve.java:77)
	at org.apache.catalina.authenticator.AuthenticatorBase.invoke(AuthenticatorBase.java:492)
	at org.apache.catalina.core.StandardHostValve.invoke(StandardHostValve.java:113)
	at org.apache.catalina.valves.ErrorReportValve.invoke(ErrorReportValve.java:83)
	at org.apache.catalina.core.StandardEngineValve.invoke(StandardEngineValve.java:72)
	at org.apache.catalina.connector.CoyoteAdapter.service(CoyoteAdapter.java:341)
	at org.apache.coyote.http11.Http11Processor.service(Http11Processor.java:397)
	at org.apache.coyote.AbstractProcessorLight.process(AbstractProcessorLight.java:63)
	at org.apache.coyote.AbstractProtocol$ConnectionHandler.process(AbstractProtocol.java:903)
	at org.apache.tomcat.util.net.NioEndpoint$SocketProcessor.doRun(NioEndpoint.java:1801)
	at org.apache.tomcat.util.net.SocketProcessorBase.run(SocketProcessorBase.java:52)
	at org.apache.tomcat.util.threads.ThreadPoolExecutor.runWorker(ThreadPoolExecutor.java:946)
	at org.apache.tomcat.util.threads.ThreadPoolExecutor$Worker.run(ThreadPoolExecutor.java:480)
	at org.apache.tomcat.util.threads.TaskThread$WrappingRunnable.run(TaskThread.java:57)
	at java.base/java.lang.Thread.run(Thread.java:1516)
2026-08-31 19:55:10.109 [http-nio-8081-exec-2] [8aef90bc07f54595] WARN  o.e.s.aspect.WebLogAspect - 
══════════════════════════════════════════════════════════════
⚠ 【API 业务失败】 TeacherController.insertTeacher | 8ms
    error :
"该教师已存在"
══════════════════════════════════════════════════════════════

2026-08-31 19:55:10.110 [task-2] [] INFO  o.e.s.aspect.ServiceLogAspect -     ▶ 【Service 进入】 OperationLogServiceImpl.saveAsync
        args :
    [ {
  "clientIp" : "127.0.0.1",
  "costMs" : 9,
  "createdAt" : "2026-08-31T19:55:10.110515",
  "description" : "新增教师",
  "errorMsg" : "该教师已存在",
  "httpMethod" : "POST",
  "id" : null,
  "method" : "TeacherController.insertTeacher",
  "module" : "teacher",
  "operation" : "INSERT",
  "operatorName" : "anonymous",
  "requestParams" : "[ {\n  \"age\" : 33,\n  \"gender\" : \"女\",\n  \"id\" : 3,\n  \"name\" : \"王五\"\n} ]",
  "requestUrl" : "http://127.0.0.1:8081/teacher/insert",
  "responseBody" : "\"失败: 该教师已存在\"",
  "responseCode" : 500,
  "status" : 0,
  "traceId" : "8aef90bc07f54595"
} ]

2026-08-31 19:55:10.111 [http-nio-8081-exec-2] [8aef90bc07f54595] WARN  o.e.s.common.GlobalExceptionHandler - 
══════════════════════════════════════════════════════════════
⚠ 【业务异常】 traceId=8aef90bc07f54595
    detail :
"该教师已存在"
══════════════════════════════════════════════════════════════

2026-08-31 19:55:10.111 [task-2] [] DEBUG o.e.s.m.OperationLogMapper.insert - ==>  Preparing: INSERT INTO operation_log ( trace_id, module, operation, description, method, request_url, http_method, request_params, response_body, response_code, operator_name, client_ip, cost_ms, status, error_msg, created_at ) VALUES ( ?, ?, ?, ?, ?, ?, ?, ?, ?, ?, ?, ?, ?, ?, ?, ? )
2026-08-31 19:55:10.112 [task-2] [] DEBUG o.e.s.m.OperationLogMapper.insert - ==> Parameters: 8aef90bc07f54595(String), teacher(String), INSERT(String), 新增教师(String), TeacherController.insertTeacher(String), http://127.0.0.1:8081/teacher/insert(String), POST(String), [ {
  "age" : 33,
  "gender" : "女",
  "id" : 3,
  "name" : "王五"
} ](String), "失败: 该教师已存在"(String), 500(Integer), anonymous(String), 127.0.0.1(String), 9(Integer), 0(Integer), 该教师已存在(String), 2026-08-31T19:55:10.110515(LocalDateTime)
2026-08-31 19:55:10.115 [task-2] [] DEBUG o.e.s.m.OperationLogMapper.insert - <==    Updates: 1
2026-08-31 19:55:10.115 [task-2] [] INFO  o.e.s.s.impl.OperationLogServiceImpl - 审计日志已写入数据库, module=teacher, operation=INSERT, status=0
2026-08-31 19:55:10.115 [task-2] [] INFO  o.e.s.aspect.ServiceLogAspect -     ◀ 【Service 完成】 OperationLogServiceImpl.saveAsync | 5ms
        result :
    null

2026-08-31 20:08:41.834 [http-nio-8081-exec-5] [a0719945aa404d46] ERROR o.e.s.common.GlobalExceptionHandler - 
══════════════════════════════════════════════════════════════
✖ 【系统异常】 traceId=a0719945aa404d46
    detail :
"No static resource teacher/update for request '/teacher/update'."
══════════════════════════════════════════════════════════════

org.springframework.web.servlet.resource.NoResourceFoundException: No static resource teacher/update for request '/teacher/update'.
	at org.springframework.web.servlet.resource.ResourceHttpRequestHandler.handleRequest(ResourceHttpRequestHandler.java:526)
	at org.springframework.web.servlet.mvc.HttpRequestHandlerAdapter.handle(HttpRequestHandlerAdapter.java:50)
	at org.springframework.web.servlet.DispatcherServlet.doDispatch(DispatcherServlet.java:963)
	at org.springframework.web.servlet.DispatcherServlet.doService(DispatcherServlet.java:866)
	at org.springframework.web.servlet.FrameworkServlet.processRequest(FrameworkServlet.java:1000)
	at org.springframework.web.servlet.FrameworkServlet.doPost(FrameworkServlet.java:903)
	at jakarta.servlet.http.HttpServlet.service(HttpServlet.java:649)
	at org.springframework.web.servlet.FrameworkServlet.service(FrameworkServlet.java:874)
	at jakarta.servlet.http.HttpServlet.service(HttpServlet.java:710)
	at org.apache.catalina.core.ApplicationFilterChain.doFilter(ApplicationFilterChain.java:128)
	at org.apache.tomcat.websocket.server.WsFilter.doFilter(WsFilter.java:53)
	at org.apache.catalina.core.ApplicationFilterChain.doFilter(ApplicationFilterChain.java:107)
	at org.springframework.web.filter.RequestContextFilter.doFilterInternal(RequestContextFilter.java:100)
	at org.springframework.web.filter.OncePerRequestFilter.doFilter(OncePerRequestFilter.java:116)
	at org.apache.catalina.core.ApplicationFilterChain.doFilter(ApplicationFilterChain.java:107)
	at org.springframework.web.filter.FormContentFilter.doFilterInternal(FormContentFilter.java:93)
	at org.springframework.web.filter.OncePerRequestFilter.doFilter(OncePerRequestFilter.java:116)
	at org.apache.catalina.core.ApplicationFilterChain.doFilter(ApplicationFilterChain.java:107)
	at org.springframework.web.filter.CharacterEncodingFilter.doFilterInternal(CharacterEncodingFilter.java:199)
	at org.springframework.web.filter.OncePerRequestFilter.doFilter(OncePerRequestFilter.java:116)
	at org.apache.catalina.core.ApplicationFilterChain.doFilter(ApplicationFilterChain.java:107)
	at org.example.studentsystem.filter.TraceFilter.doFilter(TraceFilter.java:29)
	at org.apache.catalina.core.ApplicationFilterChain.doFilter(ApplicationFilterChain.java:107)
	at org.apache.catalina.core.StandardWrapperValve.invoke(StandardWrapperValve.java:165)
	at org.apache.catalina.core.StandardContextValve.invoke(StandardContextValve.java:77)
	at org.apache.catalina.authenticator.AuthenticatorBase.invoke(AuthenticatorBase.java:492)
	at org.apache.catalina.core.StandardHostValve.invoke(StandardHostValve.java:113)
	at org.apache.catalina.valves.ErrorReportValve.invoke(ErrorReportValve.java:83)
	at org.apache.catalina.core.StandardEngineValve.invoke(StandardEngineValve.java:72)
	at org.apache.catalina.connector.CoyoteAdapter.service(CoyoteAdapter.java:341)
	at org.apache.coyote.http11.Http11Processor.service(Http11Processor.java:397)
	at org.apache.coyote.AbstractProcessorLight.process(AbstractProcessorLight.java:63)
	at org.apache.coyote.AbstractProtocol$ConnectionHandler.process(AbstractProtocol.java:903)
	at org.apache.tomcat.util.net.NioEndpoint$SocketProcessor.doRun(NioEndpoint.java:1801)
	at org.apache.tomcat.util.net.SocketProcessorBase.run(SocketProcessorBase.java:52)
	at org.apache.tomcat.util.threads.ThreadPoolExecutor.runWorker(ThreadPoolExecutor.java:946)
	at org.apache.tomcat.util.threads.ThreadPoolExecutor$Worker.run(ThreadPoolExecutor.java:480)
	at org.apache.tomcat.util.threads.TaskThread$WrappingRunnable.run(TaskThread.java:57)
	at java.base/java.lang.Thread.run(Thread.java:1516)
2026-08-31 20:09:07.602 [SpringApplicationShutdownHook] [] INFO  o.s.boot.tomcat.GracefulShutdown - Commencing graceful shutdown. Waiting for active requests to complete
2026-08-31 20:09:07.604 [tomcat-shutdown] [] INFO  o.s.boot.tomcat.GracefulShutdown - Graceful shutdown complete
2026-08-31 20:09:07.606 [SpringApplicationShutdownHook] [] INFO  com.zaxxer.hikari.HikariDataSource - HikariPool-1 - Shutdown initiated...
2026-08-31 20:09:07.607 [SpringApplicationShutdownHook] [] INFO  com.zaxxer.hikari.HikariDataSource - HikariPool-1 - Shutdown completed.
2026-08-31 20:09:09.098 [main] [] INFO  o.e.s.StudentSystemApplication - Starting StudentSystemApplication using Java 26 with PID 8136 (/Users/hepan/Desktop/java/target/classes started by hepan in /Users/hepan/Desktop/java)
2026-08-31 20:09:09.099 [main] [] INFO  o.e.s.StudentSystemApplication - No active profile set, falling back to 1 default profile: "default"
2026-08-31 20:09:09.166 [background-preinit] [] INFO  o.h.validator.internal.util.Version - HV000001: Hibernate Validator 9.0.1.Final
2026-08-31 20:09:09.316 [main] [] DEBUG o.apache.ibatis.logging.LogFactory - Logging initialized using 'class org.apache.ibatis.logging.slf4j.Slf4jImpl' adapter.
2026-08-31 20:09:09.508 [main] [] INFO  o.s.boot.tomcat.TomcatWebServer - Tomcat initialized with port 8081 (http)
2026-08-31 20:09:09.512 [main] [] INFO  o.a.coyote.http11.Http11NioProtocol - Initializing ProtocolHandler ["http-nio-8081"]
2026-08-31 20:09:09.513 [main] [] INFO  o.a.catalina.core.StandardService - Starting service [Tomcat]
2026-08-31 20:09:09.513 [main] [] INFO  o.a.catalina.core.StandardEngine - Starting Servlet engine: [Apache Tomcat/11.0.21]
2026-08-31 20:09:09.528 [main] [] INFO  o.s.b.w.c.s.WebApplicationContextInitializer - Root WebApplicationContext: initialization completed in 414 ms
2026-08-31 20:09:09.802 [main] [] INFO  o.a.coyote.http11.Http11NioProtocol - Starting ProtocolHandler ["http-nio-8081"]
2026-08-31 20:09:09.807 [main] [] INFO  o.s.boot.tomcat.TomcatWebServer - Tomcat started on port 8081 (http) with context path '/'
2026-08-31 20:09:09.809 [main] [] INFO  o.e.s.StudentSystemApplication - Started StudentSystemApplication in 0.901 seconds (process running for 1.051)
2026-08-31 20:09:16.370 [http-nio-8081-exec-1] [] INFO  o.a.c.c.C.[Tomcat].[localhost].[/] - Initializing Spring DispatcherServlet 'dispatcherServlet'
2026-08-31 20:09:16.370 [http-nio-8081-exec-1] [] INFO  o.s.web.servlet.DispatcherServlet - Initializing Servlet 'dispatcherServlet'
2026-08-31 20:09:16.371 [http-nio-8081-exec-1] [] INFO  o.s.web.servlet.DispatcherServlet - Completed initialization in 1 ms
2026-08-31 20:09:16.407 [http-nio-8081-exec-1] [58b6a00005124c80] INFO  o.e.s.aspect.WebLogAspect - 
══════════════════════════════════════════════════════════════
>>> 【API 请求】 POST /teacher/update
    traceId : 58b6a00005124c80
    client  : 127.0.0.1
    handler : TeacherController.updateTeacherInfo
    headers : {
  "Content-Type" : "application/json",
  "User-Agent" : "PostmanRuntime/7.54.0",
  "Accept" : "*/*",
  "Postman-Token" : "6794b101-8606-4f98-8e03-f998adaae558",
  "Host" : "127.0.0.1:8081",
  "Accept-Encoding" : "gzip, deflate, br",
  "Connection" : "keep-alive",
  "Content-Length" : "51"
}
    args    : [ {
  "age" : null,
  "gender" : null,
  "id" : null,
  "name" : null
} ]
══════════════════════════════════════════════════════════════

2026-08-31 20:09:16.407 [http-nio-8081-exec-1] [58b6a00005124c80] INFO  o.e.s.aspect.ServiceLogAspect -     ▶ 【Service 进入】 TeacherServiceImpl.updateTeacherInfo
        args :
    [ {
  "age" : null,
  "gender" : null,
  "id" : null,
  "name" : null
} ]

2026-08-31 20:09:16.414 [http-nio-8081-exec-1] [58b6a00005124c80] INFO  com.zaxxer.hikari.HikariDataSource - HikariPool-1 - Starting...
2026-08-31 20:09:16.472 [http-nio-8081-exec-1] [58b6a00005124c80] INFO  com.zaxxer.hikari.pool.HikariPool - HikariPool-1 - Added connection com.mysql.cj.jdbc.ConnectionImpl@6f7bfe0
2026-08-31 20:09:16.472 [http-nio-8081-exec-1] [58b6a00005124c80] INFO  com.zaxxer.hikari.HikariDataSource - HikariPool-1 - Start completed.
2026-08-31 20:09:16.475 [http-nio-8081-exec-1] [58b6a00005124c80] DEBUG o.e.s.mapper.TeacherMapper.listById - ==>  Preparing: SELECT id, name, age, gender FROM teacher WHERE id = ? ORDER BY id
2026-08-31 20:09:16.483 [http-nio-8081-exec-1] [58b6a00005124c80] DEBUG o.e.s.mapper.TeacherMapper.listById - ==> Parameters: null
2026-08-31 20:09:16.490 [http-nio-8081-exec-1] [58b6a00005124c80] DEBUG o.e.s.mapper.TeacherMapper.listById - <==      Total: 0
2026-08-31 20:09:16.491 [http-nio-8081-exec-1] [58b6a00005124c80] WARN  o.e.s.aspect.ServiceLogAspect -     ✖ 【Service 异常】 TeacherServiceImpl.updateTeacherInfo | 84ms
        error :
    "不存在该教师"

org.example.studentsystem.common.BusinessException: 不存在该教师
	at org.example.studentsystem.service.impl.TeacherServiceImpl.updateTeacherInfo(TeacherServiceImpl.java:80)
	at java.base/jdk.internal.reflect.DirectMethodHandleAccessor.invoke(DirectMethodHandleAccessor.java:104)
	at java.base/java.lang.reflect.Method.invoke(Method.java:565)
	at org.springframework.aop.support.AopUtils.invokeJoinpointUsingReflection(AopUtils.java:359)
	at org.springframework.aop.framework.ReflectiveMethodInvocation.invokeJoinpoint(ReflectiveMethodInvocation.java:190)
	at org.springframework.aop.framework.ReflectiveMethodInvocation.proceed(ReflectiveMethodInvocation.java:158)
	at org.springframework.aop.aspectj.MethodInvocationProceedingJoinPoint.proceed(MethodInvocationProceedingJoinPoint.java:82)
	at org.example.studentsystem.aspect.ServiceLogAspect.around(ServiceLogAspect.java:35)
	at java.base/jdk.internal.reflect.DirectMethodHandleAccessor.invoke(DirectMethodHandleAccessor.java:104)
	at java.base/java.lang.reflect.Method.invoke(Method.java:565)
	at org.springframework.aop.aspectj.AbstractAspectJAdvice.invokeAdviceMethodWithGivenArgs(AbstractAspectJAdvice.java:648)
	at org.springframework.aop.aspectj.AbstractAspectJAdvice.invokeAdviceMethod(AbstractAspectJAdvice.java:630)
	at org.springframework.aop.aspectj.AspectJAroundAdvice.invoke(AspectJAroundAdvice.java:70)
	at org.springframework.aop.framework.ReflectiveMethodInvocation.proceed(ReflectiveMethodInvocation.java:179)
	at org.springframework.aop.interceptor.ExposeInvocationInterceptor.invoke(ExposeInvocationInterceptor.java:96)
	at org.springframework.aop.framework.ReflectiveMethodInvocation.proceed(ReflectiveMethodInvocation.java:179)
	at org.springframework.aop.framework.CglibAopProxy$DynamicAdvisedInterceptor.intercept(CglibAopProxy.java:719)
	at org.example.studentsystem.service.impl.TeacherServiceImpl$$SpringCGLIB$$0.updateTeacherInfo(<generated>)
	at org.example.studentsystem.controller.TeacherController.updateTeacherInfo(TeacherController.java:51)
	at java.base/jdk.internal.reflect.DirectMethodHandleAccessor.invoke(DirectMethodHandleAccessor.java:104)
	at java.base/java.lang.reflect.Method.invoke(Method.java:565)
	at org.springframework.aop.support.AopUtils.invokeJoinpointUsingReflection(AopUtils.java:359)
	at org.springframework.aop.framework.ReflectiveMethodInvocation.invokeJoinpoint(ReflectiveMethodInvocation.java:190)
	at org.springframework.aop.framework.ReflectiveMethodInvocation.proceed(ReflectiveMethodInvocation.java:158)
	at org.springframework.aop.aspectj.MethodInvocationProceedingJoinPoint.proceed(MethodInvocationProceedingJoinPoint.java:82)
	at org.example.studentsystem.aspect.WebLogAspect.around(WebLogAspect.java:56)
	at java.base/jdk.internal.reflect.DirectMethodHandleAccessor.invoke(DirectMethodHandleAccessor.java:104)
	at java.base/java.lang.reflect.Method.invoke(Method.java:565)
	at org.springframework.aop.aspectj.AbstractAspectJAdvice.invokeAdviceMethodWithGivenArgs(AbstractAspectJAdvice.java:648)
	at org.springframework.aop.aspectj.AbstractAspectJAdvice.invokeAdviceMethod(AbstractAspectJAdvice.java:630)
	at org.springframework.aop.aspectj.AspectJAroundAdvice.invoke(AspectJAroundAdvice.java:70)
	at org.springframework.aop.framework.ReflectiveMethodInvocation.proceed(ReflectiveMethodInvocation.java:179)
	at org.springframework.aop.interceptor.ExposeInvocationInterceptor.invoke(ExposeInvocationInterceptor.java:96)
	at org.springframework.aop.framework.ReflectiveMethodInvocation.proceed(ReflectiveMethodInvocation.java:179)
	at org.springframework.aop.framework.CglibAopProxy$DynamicAdvisedInterceptor.intercept(CglibAopProxy.java:719)
	at org.example.studentsystem.controller.TeacherController$$SpringCGLIB$$0.updateTeacherInfo(<generated>)
	at java.base/jdk.internal.reflect.DirectMethodHandleAccessor.invoke(DirectMethodHandleAccessor.java:104)
	at java.base/java.lang.reflect.Method.invoke(Method.java:565)
	at org.springframework.web.method.support.InvocableHandlerMethod.doInvoke(InvocableHandlerMethod.java:252)
	at org.springframework.web.method.support.InvocableHandlerMethod.invokeForRequest(InvocableHandlerMethod.java:184)
	at org.springframework.web.servlet.mvc.method.annotation.ServletInvocableHandlerMethod.invokeAndHandle(ServletInvocableHandlerMethod.java:117)
	at org.springframework.web.servlet.mvc.method.annotation.RequestMappingHandlerAdapter.invokeHandlerMethod(RequestMappingHandlerAdapter.java:934)
	at org.springframework.web.servlet.mvc.method.annotation.RequestMappingHandlerAdapter.handleInternal(RequestMappingHandlerAdapter.java:853)
	at org.springframework.web.servlet.mvc.method.AbstractHandlerMethodAdapter.handle(AbstractHandlerMethodAdapter.java:86)
	at org.springframework.web.servlet.DispatcherServlet.doDispatch(DispatcherServlet.java:963)
	at org.springframework.web.servlet.DispatcherServlet.doService(DispatcherServlet.java:866)
	at org.springframework.web.servlet.FrameworkServlet.processRequest(FrameworkServlet.java:1000)
	at org.springframework.web.servlet.FrameworkServlet.doPost(FrameworkServlet.java:903)
	at jakarta.servlet.http.HttpServlet.service(HttpServlet.java:649)
	at org.springframework.web.servlet.FrameworkServlet.service(FrameworkServlet.java:874)
	at jakarta.servlet.http.HttpServlet.service(HttpServlet.java:710)
	at org.apache.catalina.core.ApplicationFilterChain.doFilter(ApplicationFilterChain.java:128)
	at org.apache.tomcat.websocket.server.WsFilter.doFilter(WsFilter.java:53)
	at org.apache.catalina.core.ApplicationFilterChain.doFilter(ApplicationFilterChain.java:107)
	at org.springframework.web.filter.RequestContextFilter.doFilterInternal(RequestContextFilter.java:100)
	at org.springframework.web.filter.OncePerRequestFilter.doFilter(OncePerRequestFilter.java:116)
	at org.apache.catalina.core.ApplicationFilterChain.doFilter(ApplicationFilterChain.java:107)
	at org.springframework.web.filter.FormContentFilter.doFilterInternal(FormContentFilter.java:93)
	at org.springframework.web.filter.OncePerRequestFilter.doFilter(OncePerRequestFilter.java:116)
	at org.apache.catalina.core.ApplicationFilterChain.doFilter(ApplicationFilterChain.java:107)
	at org.springframework.web.filter.CharacterEncodingFilter.doFilterInternal(CharacterEncodingFilter.java:199)
	at org.springframework.web.filter.OncePerRequestFilter.doFilter(OncePerRequestFilter.java:116)
	at org.apache.catalina.core.ApplicationFilterChain.doFilter(ApplicationFilterChain.java:107)
	at org.example.studentsystem.filter.TraceFilter.doFilter(TraceFilter.java:29)
	at org.apache.catalina.core.ApplicationFilterChain.doFilter(ApplicationFilterChain.java:107)
	at org.apache.catalina.core.StandardWrapperValve.invoke(StandardWrapperValve.java:165)
	at org.apache.catalina.core.StandardContextValve.invoke(StandardContextValve.java:77)
	at org.apache.catalina.authenticator.AuthenticatorBase.invoke(AuthenticatorBase.java:492)
	at org.apache.catalina.core.StandardHostValve.invoke(StandardHostValve.java:113)
	at org.apache.catalina.valves.ErrorReportValve.invoke(ErrorReportValve.java:83)
	at org.apache.catalina.core.StandardEngineValve.invoke(StandardEngineValve.java:72)
	at org.apache.catalina.connector.CoyoteAdapter.service(CoyoteAdapter.java:341)
	at org.apache.coyote.http11.Http11Processor.service(Http11Processor.java:397)
	at org.apache.coyote.AbstractProcessorLight.process(AbstractProcessorLight.java:63)
	at org.apache.coyote.AbstractProtocol$ConnectionHandler.process(AbstractProtocol.java:903)
	at org.apache.tomcat.util.net.NioEndpoint$SocketProcessor.doRun(NioEndpoint.java:1801)
	at org.apache.tomcat.util.net.SocketProcessorBase.run(SocketProcessorBase.java:52)
	at org.apache.tomcat.util.threads.ThreadPoolExecutor.runWorker(ThreadPoolExecutor.java:946)
	at org.apache.tomcat.util.threads.ThreadPoolExecutor$Worker.run(ThreadPoolExecutor.java:480)
	at org.apache.tomcat.util.threads.TaskThread$WrappingRunnable.run(TaskThread.java:57)
	at java.base/java.lang.Thread.run(Thread.java:1516)
2026-08-31 20:09:16.492 [http-nio-8081-exec-1] [58b6a00005124c80] WARN  o.e.s.aspect.WebLogAspect - 
══════════════════════════════════════════════════════════════
⚠ 【API 业务失败】 TeacherController.updateTeacherInfo | 104ms
    error :
"不存在该教师"
══════════════════════════════════════════════════════════════

2026-08-31 20:09:16.493 [http-nio-8081-exec-1] [58b6a00005124c80] WARN  o.e.s.common.GlobalExceptionHandler - 
══════════════════════════════════════════════════════════════
⚠ 【业务异常】 traceId=58b6a00005124c80
    detail :
"不存在该教师"
══════════════════════════════════════════════════════════════

2026-08-31 20:09:48.259 [SpringApplicationShutdownHook] [] INFO  o.s.boot.tomcat.GracefulShutdown - Commencing graceful shutdown. Waiting for active requests to complete
2026-08-31 20:09:48.262 [tomcat-shutdown] [] INFO  o.s.boot.tomcat.GracefulShutdown - Graceful shutdown complete
2026-08-31 20:09:48.264 [SpringApplicationShutdownHook] [] INFO  com.zaxxer.hikari.HikariDataSource - HikariPool-1 - Shutdown initiated...
2026-08-31 20:09:48.267 [SpringApplicationShutdownHook] [] INFO  com.zaxxer.hikari.HikariDataSource - HikariPool-1 - Shutdown completed.
2026-08-31 20:09:51.030 [main] [] INFO  o.e.s.StudentSystemApplication - Starting StudentSystemApplication using Java 26 with PID 8157 (/Users/hepan/Desktop/java/target/classes started by hepan in /Users/hepan/Desktop/java)
2026-08-31 20:09:51.031 [main] [] INFO  o.e.s.StudentSystemApplication - No active profile set, falling back to 1 default profile: "default"
2026-08-31 20:09:51.087 [background-preinit] [] INFO  o.h.validator.internal.util.Version - HV000001: Hibernate Validator 9.0.1.Final
2026-08-31 20:09:51.213 [main] [] DEBUG o.apache.ibatis.logging.LogFactory - Logging initialized using 'class org.apache.ibatis.logging.slf4j.Slf4jImpl' adapter.
2026-08-31 20:09:51.387 [main] [] INFO  o.s.boot.tomcat.TomcatWebServer - Tomcat initialized with port 8081 (http)
2026-08-31 20:09:51.391 [main] [] INFO  o.a.coyote.http11.Http11NioProtocol - Initializing ProtocolHandler ["http-nio-8081"]
2026-08-31 20:09:51.392 [main] [] INFO  o.a.catalina.core.StandardService - Starting service [Tomcat]
2026-08-31 20:09:51.392 [main] [] INFO  o.a.catalina.core.StandardEngine - Starting Servlet engine: [Apache Tomcat/11.0.21]
2026-08-31 20:09:51.404 [main] [] INFO  o.s.b.w.c.s.WebApplicationContextInitializer - Root WebApplicationContext: initialization completed in 359 ms
2026-08-31 20:09:51.649 [main] [] INFO  o.a.coyote.http11.Http11NioProtocol - Starting ProtocolHandler ["http-nio-8081"]
2026-08-31 20:09:51.653 [main] [] INFO  o.s.boot.tomcat.TomcatWebServer - Tomcat started on port 8081 (http) with context path '/'
2026-08-31 20:09:51.655 [main] [] INFO  o.e.s.StudentSystemApplication - Started StudentSystemApplication in 0.784 seconds (process running for 0.901)
2026-08-31 20:10:41.033 [http-nio-8081-exec-1] [] INFO  o.a.c.c.C.[Tomcat].[localhost].[/] - Initializing Spring DispatcherServlet 'dispatcherServlet'
2026-08-31 20:10:41.034 [http-nio-8081-exec-1] [] INFO  o.s.web.servlet.DispatcherServlet - Initializing Servlet 'dispatcherServlet'
2026-08-31 20:10:41.035 [http-nio-8081-exec-1] [] INFO  o.s.web.servlet.DispatcherServlet - Completed initialization in 1 ms
2026-08-31 20:10:41.069 [http-nio-8081-exec-1] [9d8c8856d054459b] INFO  o.e.s.aspect.WebLogAspect - 
══════════════════════════════════════════════════════════════
>>> 【API 请求】 POST /teacher/update
    traceId : 9d8c8856d054459b
    client  : 127.0.0.1
    handler : TeacherController.updateTeacherInfo
    headers : {
  "Content-Type" : "application/json",
  "User-Agent" : "PostmanRuntime/7.54.0",
  "Accept" : "*/*",
  "Postman-Token" : "007d4dfd-8fae-480f-a1eb-e341123c7da1",
  "Host" : "127.0.0.1:8081",
  "Accept-Encoding" : "gzip, deflate, br",
  "Connection" : "keep-alive",
  "Content-Length" : "51"
}
    args    : [ {
  "age" : null,
  "gender" : null,
  "id" : null,
  "name" : null
} ]
══════════════════════════════════════════════════════════════

2026-08-31 20:10:41.070 [http-nio-8081-exec-1] [9d8c8856d054459b] INFO  o.e.s.aspect.ServiceLogAspect -     ▶ 【Service 进入】 TeacherServiceImpl.updateTeacherInfo
        args :
    [ {
  "age" : null,
  "gender" : null,
  "id" : null,
  "name" : null
} ]

2026-08-31 20:10:41.076 [http-nio-8081-exec-1] [9d8c8856d054459b] INFO  com.zaxxer.hikari.HikariDataSource - HikariPool-1 - Starting...
2026-08-31 20:10:41.127 [http-nio-8081-exec-1] [9d8c8856d054459b] INFO  com.zaxxer.hikari.pool.HikariPool - HikariPool-1 - Added connection com.mysql.cj.jdbc.ConnectionImpl@6f7bfe0
2026-08-31 20:10:41.127 [http-nio-8081-exec-1] [9d8c8856d054459b] INFO  com.zaxxer.hikari.HikariDataSource - HikariPool-1 - Start completed.
2026-08-31 20:10:41.130 [http-nio-8081-exec-1] [9d8c8856d054459b] DEBUG o.e.s.mapper.TeacherMapper.listById - ==>  Preparing: SELECT id, name, age, gender FROM teacher WHERE id = ? ORDER BY id
2026-08-31 20:10:41.137 [http-nio-8081-exec-1] [9d8c8856d054459b] DEBUG o.e.s.mapper.TeacherMapper.listById - ==> Parameters: null
2026-08-31 20:10:41.143 [http-nio-8081-exec-1] [9d8c8856d054459b] DEBUG o.e.s.mapper.TeacherMapper.listById - <==      Total: 0
2026-08-31 20:10:41.145 [http-nio-8081-exec-1] [9d8c8856d054459b] WARN  o.e.s.aspect.ServiceLogAspect -     ✖ 【Service 异常】 TeacherServiceImpl.updateTeacherInfo | 76ms
        error :
    "不存在该教师"

org.example.studentsystem.common.BusinessException: 不存在该教师
	at org.example.studentsystem.service.impl.TeacherServiceImpl.updateTeacherInfo(TeacherServiceImpl.java:80)
	at java.base/jdk.internal.reflect.DirectMethodHandleAccessor.invoke(DirectMethodHandleAccessor.java:104)
	at java.base/java.lang.reflect.Method.invoke(Method.java:565)
	at org.springframework.aop.support.AopUtils.invokeJoinpointUsingReflection(AopUtils.java:359)
	at org.springframework.aop.framework.ReflectiveMethodInvocation.invokeJoinpoint(ReflectiveMethodInvocation.java:190)
	at org.springframework.aop.framework.ReflectiveMethodInvocation.proceed(ReflectiveMethodInvocation.java:158)
	at org.springframework.aop.aspectj.MethodInvocationProceedingJoinPoint.proceed(MethodInvocationProceedingJoinPoint.java:82)
	at org.example.studentsystem.aspect.ServiceLogAspect.around(ServiceLogAspect.java:35)
	at java.base/jdk.internal.reflect.DirectMethodHandleAccessor.invoke(DirectMethodHandleAccessor.java:104)
	at java.base/java.lang.reflect.Method.invoke(Method.java:565)
	at org.springframework.aop.aspectj.AbstractAspectJAdvice.invokeAdviceMethodWithGivenArgs(AbstractAspectJAdvice.java:648)
	at org.springframework.aop.aspectj.AbstractAspectJAdvice.invokeAdviceMethod(AbstractAspectJAdvice.java:630)
	at org.springframework.aop.aspectj.AspectJAroundAdvice.invoke(AspectJAroundAdvice.java:70)
	at org.springframework.aop.framework.ReflectiveMethodInvocation.proceed(ReflectiveMethodInvocation.java:179)
	at org.springframework.aop.interceptor.ExposeInvocationInterceptor.invoke(ExposeInvocationInterceptor.java:96)
	at org.springframework.aop.framework.ReflectiveMethodInvocation.proceed(ReflectiveMethodInvocation.java:179)
	at org.springframework.aop.framework.CglibAopProxy$DynamicAdvisedInterceptor.intercept(CglibAopProxy.java:719)
	at org.example.studentsystem.service.impl.TeacherServiceImpl$$SpringCGLIB$$0.updateTeacherInfo(<generated>)
	at org.example.studentsystem.controller.TeacherController.updateTeacherInfo(TeacherController.java:51)
	at java.base/jdk.internal.reflect.DirectMethodHandleAccessor.invoke(DirectMethodHandleAccessor.java:104)
	at java.base/java.lang.reflect.Method.invoke(Method.java:565)
	at org.springframework.aop.support.AopUtils.invokeJoinpointUsingReflection(AopUtils.java:359)
	at org.springframework.aop.framework.ReflectiveMethodInvocation.invokeJoinpoint(ReflectiveMethodInvocation.java:190)
	at org.springframework.aop.framework.ReflectiveMethodInvocation.proceed(ReflectiveMethodInvocation.java:158)
	at org.springframework.aop.aspectj.MethodInvocationProceedingJoinPoint.proceed(MethodInvocationProceedingJoinPoint.java:82)
	at org.example.studentsystem.aspect.WebLogAspect.around(WebLogAspect.java:56)
	at java.base/jdk.internal.reflect.DirectMethodHandleAccessor.invoke(DirectMethodHandleAccessor.java:104)
	at java.base/java.lang.reflect.Method.invoke(Method.java:565)
	at org.springframework.aop.aspectj.AbstractAspectJAdvice.invokeAdviceMethodWithGivenArgs(AbstractAspectJAdvice.java:648)
	at org.springframework.aop.aspectj.AbstractAspectJAdvice.invokeAdviceMethod(AbstractAspectJAdvice.java:630)
	at org.springframework.aop.aspectj.AspectJAroundAdvice.invoke(AspectJAroundAdvice.java:70)
	at org.springframework.aop.framework.ReflectiveMethodInvocation.proceed(ReflectiveMethodInvocation.java:179)
	at org.springframework.aop.interceptor.ExposeInvocationInterceptor.invoke(ExposeInvocationInterceptor.java:96)
	at org.springframework.aop.framework.ReflectiveMethodInvocation.proceed(ReflectiveMethodInvocation.java:179)
	at org.springframework.aop.framework.CglibAopProxy$DynamicAdvisedInterceptor.intercept(CglibAopProxy.java:719)
	at org.example.studentsystem.controller.TeacherController$$SpringCGLIB$$0.updateTeacherInfo(<generated>)
	at java.base/jdk.internal.reflect.DirectMethodHandleAccessor.invoke(DirectMethodHandleAccessor.java:104)
	at java.base/java.lang.reflect.Method.invoke(Method.java:565)
	at org.springframework.web.method.support.InvocableHandlerMethod.doInvoke(InvocableHandlerMethod.java:252)
	at org.springframework.web.method.support.InvocableHandlerMethod.invokeForRequest(InvocableHandlerMethod.java:184)
	at org.springframework.web.servlet.mvc.method.annotation.ServletInvocableHandlerMethod.invokeAndHandle(ServletInvocableHandlerMethod.java:117)
	at org.springframework.web.servlet.mvc.method.annotation.RequestMappingHandlerAdapter.invokeHandlerMethod(RequestMappingHandlerAdapter.java:934)
	at org.springframework.web.servlet.mvc.method.annotation.RequestMappingHandlerAdapter.handleInternal(RequestMappingHandlerAdapter.java:853)
	at org.springframework.web.servlet.mvc.method.AbstractHandlerMethodAdapter.handle(AbstractHandlerMethodAdapter.java:86)
	at org.springframework.web.servlet.DispatcherServlet.doDispatch(DispatcherServlet.java:963)
	at org.springframework.web.servlet.DispatcherServlet.doService(DispatcherServlet.java:866)
	at org.springframework.web.servlet.FrameworkServlet.processRequest(FrameworkServlet.java:1000)
	at org.springframework.web.servlet.FrameworkServlet.doPost(FrameworkServlet.java:903)
	at jakarta.servlet.http.HttpServlet.service(HttpServlet.java:649)
	at org.springframework.web.servlet.FrameworkServlet.service(FrameworkServlet.java:874)
	at jakarta.servlet.http.HttpServlet.service(HttpServlet.java:710)
	at org.apache.catalina.core.ApplicationFilterChain.doFilter(ApplicationFilterChain.java:128)
	at org.apache.tomcat.websocket.server.WsFilter.doFilter(WsFilter.java:53)
	at org.apache.catalina.core.ApplicationFilterChain.doFilter(ApplicationFilterChain.java:107)
	at org.springframework.web.filter.RequestContextFilter.doFilterInternal(RequestContextFilter.java:100)
	at org.springframework.web.filter.OncePerRequestFilter.doFilter(OncePerRequestFilter.java:116)
	at org.apache.catalina.core.ApplicationFilterChain.doFilter(ApplicationFilterChain.java:107)
	at org.springframework.web.filter.FormContentFilter.doFilterInternal(FormContentFilter.java:93)
	at org.springframework.web.filter.OncePerRequestFilter.doFilter(OncePerRequestFilter.java:116)
	at org.apache.catalina.core.ApplicationFilterChain.doFilter(ApplicationFilterChain.java:107)
	at org.springframework.web.filter.CharacterEncodingFilter.doFilterInternal(CharacterEncodingFilter.java:199)
	at org.springframework.web.filter.OncePerRequestFilter.doFilter(OncePerRequestFilter.java:116)
	at org.apache.catalina.core.ApplicationFilterChain.doFilter(ApplicationFilterChain.java:107)
	at org.example.studentsystem.filter.TraceFilter.doFilter(TraceFilter.java:29)
	at org.apache.catalina.core.ApplicationFilterChain.doFilter(ApplicationFilterChain.java:107)
	at org.apache.catalina.core.StandardWrapperValve.invoke(StandardWrapperValve.java:165)
	at org.apache.catalina.core.StandardContextValve.invoke(StandardContextValve.java:77)
	at org.apache.catalina.authenticator.AuthenticatorBase.invoke(AuthenticatorBase.java:492)
	at org.apache.catalina.core.StandardHostValve.invoke(StandardHostValve.java:113)
	at org.apache.catalina.valves.ErrorReportValve.invoke(ErrorReportValve.java:83)
	at org.apache.catalina.core.StandardEngineValve.invoke(StandardEngineValve.java:72)
	at org.apache.catalina.connector.CoyoteAdapter.service(CoyoteAdapter.java:341)
	at org.apache.coyote.http11.Http11Processor.service(Http11Processor.java:397)
	at org.apache.coyote.AbstractProcessorLight.process(AbstractProcessorLight.java:63)
	at org.apache.coyote.AbstractProtocol$ConnectionHandler.process(AbstractProtocol.java:903)
	at org.apache.tomcat.util.net.NioEndpoint$SocketProcessor.doRun(NioEndpoint.java:1801)
	at org.apache.tomcat.util.net.SocketProcessorBase.run(SocketProcessorBase.java:52)
	at org.apache.tomcat.util.threads.ThreadPoolExecutor.runWorker(ThreadPoolExecutor.java:946)
	at org.apache.tomcat.util.threads.ThreadPoolExecutor$Worker.run(ThreadPoolExecutor.java:480)
	at org.apache.tomcat.util.threads.TaskThread$WrappingRunnable.run(TaskThread.java:57)
	at java.base/java.lang.Thread.run(Thread.java:1516)
2026-08-31 20:10:41.146 [http-nio-8081-exec-1] [9d8c8856d054459b] WARN  o.e.s.aspect.WebLogAspect - 
══════════════════════════════════════════════════════════════
⚠ 【API 业务失败】 TeacherController.updateTeacherInfo | 95ms
    error :
"不存在该教师"
══════════════════════════════════════════════════════════════

2026-08-31 20:10:41.146 [http-nio-8081-exec-1] [9d8c8856d054459b] WARN  o.e.s.common.GlobalExceptionHandler - 
══════════════════════════════════════════════════════════════
⚠ 【业务异常】 traceId=9d8c8856d054459b
    detail :
"不存在该教师"
══════════════════════════════════════════════════════════════

2026-08-31 20:13:19.381 [http-nio-8081-exec-3] [7662f6560d214401] INFO  o.e.s.aspect.WebLogAspect - 
══════════════════════════════════════════════════════════════
>>> 【API 请求】 GET /teacher/infoById?id=1&pageNum=1&pageSize=10
    traceId : 7662f6560d214401
    client  : 127.0.0.1
    handler : TeacherController.getTeacherInfoById
    headers : {
  "User-Agent" : "PostmanRuntime/7.54.0",
  "Accept" : "*/*",
  "Postman-Token" : "da517388-c1b4-4127-845c-98f534ea8a4d",
  "Host" : "127.0.0.1:8081",
  "Accept-Encoding" : "gzip, deflate, br",
  "Connection" : "keep-alive"
}
    args    : [ 1, 1, 10 ]
══════════════════════════════════════════════════════════════

2026-08-31 20:13:19.381 [http-nio-8081-exec-3] [7662f6560d214401] INFO  o.e.s.aspect.ServiceLogAspect -     ▶ 【Service 进入】 TeacherServiceImpl.getTeacherInfoById
        args :
    [ 1, 1, 10 ]

2026-08-31 20:13:19.383 [http-nio-8081-exec-3] [7662f6560d214401] DEBUG o.e.s.mapper.TeacherMapper.listById - ==>  Preparing: SELECT id, name, age, gender FROM teacher WHERE id = ? ORDER BY id
2026-08-31 20:13:19.384 [http-nio-8081-exec-3] [7662f6560d214401] DEBUG o.e.s.mapper.TeacherMapper.listById - ==> Parameters: 1(Integer)
2026-08-31 20:13:19.389 [http-nio-8081-exec-3] [7662f6560d214401] DEBUG o.e.s.mapper.TeacherMapper.listById - <==      Total: 1
2026-08-31 20:13:19.422 [http-nio-8081-exec-3] [7662f6560d214401] DEBUG o.e.s.m.S.listByTeacherId_COUNT - ==>  Preparing: SELECT count(0) FROM student WHERE teacher_id = ?
2026-08-31 20:13:19.423 [http-nio-8081-exec-3] [7662f6560d214401] DEBUG o.e.s.m.S.listByTeacherId_COUNT - ==> Parameters: 1(Integer)
2026-08-31 20:13:19.424 [http-nio-8081-exec-3] [7662f6560d214401] DEBUG o.e.s.m.S.listByTeacherId_COUNT - <==      Total: 1
2026-08-31 20:13:19.429 [http-nio-8081-exec-3] [7662f6560d214401] INFO  o.e.s.aspect.ServiceLogAspect -     ◀ 【Service 完成】 TeacherServiceImpl.getTeacherInfoById | 44ms
        result :
    {
  "age" : 30,
  "gender" : "男",
  "id" : 1,
  "name" : "张三",
  "pageNum" : 1,
  "pageSize" : 10,
  "pages" : 0,
  "students" : [ ],
  "total" : 0
}

2026-08-31 20:13:19.429 [http-nio-8081-exec-3] [7662f6560d214401] INFO  o.e.s.aspect.WebLogAspect - 
══════════════════════════════════════════════════════════════
<<< 【API 响应】 TeacherController.getTeacherInfoById | 49ms
    result :
{
  "code" : 200,
  "content" : {
    "age" : 30,
    "gender" : "男",
    "id" : 1,
    "name" : "张三",
    "pageNum" : 1,
    "pageSize" : 10,
    "pages" : 0,
    "students" : [ ],
    "total" : 0
  },
  "message" : "success"
}
══════════════════════════════════════════════════════════════

2026-08-31 20:13:37.491 [http-nio-8081-exec-4] [c418f87b40fe446a] INFO  o.e.s.aspect.WebLogAspect - 
══════════════════════════════════════════════════════════════
>>> 【API 请求】 GET /teacher/infoById?id=3&pageNum=1&pageSize=10
    traceId : c418f87b40fe446a
    client  : 127.0.0.1
    handler : TeacherController.getTeacherInfoById
    headers : {
  "User-Agent" : "PostmanRuntime/7.54.0",
  "Accept" : "*/*",
  "Postman-Token" : "7688139d-d683-49fe-a34d-2c08079e21f1",
  "Host" : "127.0.0.1:8081",
  "Accept-Encoding" : "gzip, deflate, br",
  "Connection" : "keep-alive"
}
    args    : [ 3, 1, 10 ]
══════════════════════════════════════════════════════════════

2026-08-31 20:13:37.492 [http-nio-8081-exec-4] [c418f87b40fe446a] INFO  o.e.s.aspect.ServiceLogAspect -     ▶ 【Service 进入】 TeacherServiceImpl.getTeacherInfoById
        args :
    [ 3, 1, 10 ]

2026-08-31 20:13:37.494 [http-nio-8081-exec-4] [c418f87b40fe446a] DEBUG o.e.s.mapper.TeacherMapper.listById - ==>  Preparing: SELECT id, name, age, gender FROM teacher WHERE id = ? ORDER BY id
2026-08-31 20:13:37.494 [http-nio-8081-exec-4] [c418f87b40fe446a] DEBUG o.e.s.mapper.TeacherMapper.listById - ==> Parameters: 3(Integer)
2026-08-31 20:13:37.495 [http-nio-8081-exec-4] [c418f87b40fe446a] DEBUG o.e.s.mapper.TeacherMapper.listById - <==      Total: 1
2026-08-31 20:13:37.500 [http-nio-8081-exec-4] [c418f87b40fe446a] DEBUG o.e.s.m.S.listByTeacherId_COUNT - ==>  Preparing: SELECT count(0) FROM student WHERE teacher_id = ?
2026-08-31 20:13:37.500 [http-nio-8081-exec-4] [c418f87b40fe446a] DEBUG o.e.s.m.S.listByTeacherId_COUNT - ==> Parameters: 3(Integer)
2026-08-31 20:13:37.501 [http-nio-8081-exec-4] [c418f87b40fe446a] DEBUG o.e.s.m.S.listByTeacherId_COUNT - <==      Total: 1
2026-08-31 20:13:37.502 [http-nio-8081-exec-4] [c418f87b40fe446a] INFO  o.e.s.aspect.ServiceLogAspect -     ◀ 【Service 完成】 TeacherServiceImpl.getTeacherInfoById | 10ms
        result :
    {
  "age" : 33,
  "gender" : "女",
  "id" : 3,
  "name" : "李四",
  "pageNum" : 1,
  "pageSize" : 10,
  "pages" : 0,
  "students" : [ ],
  "total" : 0
}

2026-08-31 20:13:37.503 [http-nio-8081-exec-4] [c418f87b40fe446a] INFO  o.e.s.aspect.WebLogAspect - 
══════════════════════════════════════════════════════════════
<<< 【API 响应】 TeacherController.getTeacherInfoById | 13ms
    result :
{
  "code" : 200,
  "content" : {
    "age" : 33,
    "gender" : "女",
    "id" : 3,
    "name" : "李四",
    "pageNum" : 1,
    "pageSize" : 10,
    "pages" : 0,
    "students" : [ ],
    "total" : 0
  },
  "message" : "success"
}
══════════════════════════════════════════════════════════════

2026-08-31 20:13:49.395 [http-nio-8081-exec-5] [5ec8ce97580e461b] INFO  o.e.s.aspect.WebLogAspect - 
══════════════════════════════════════════════════════════════
>>> 【API 请求】 POST /teacher/update
    traceId : 5ec8ce97580e461b
    client  : 127.0.0.1
    handler : TeacherController.updateTeacherInfo
    headers : {
  "Content-Type" : "application/json",
  "User-Agent" : "PostmanRuntime/7.54.0",
  "Accept" : "*/*",
  "Postman-Token" : "5285f134-fe37-4a5f-9f57-247dc084ad17",
  "Host" : "127.0.0.1:8081",
  "Accept-Encoding" : "gzip, deflate, br",
  "Connection" : "keep-alive",
  "Content-Length" : "51"
}
    args    : [ {
  "age" : null,
  "gender" : null,
  "id" : null,
  "name" : null
} ]
══════════════════════════════════════════════════════════════

2026-08-31 20:13:49.396 [http-nio-8081-exec-5] [5ec8ce97580e461b] INFO  o.e.s.aspect.ServiceLogAspect -     ▶ 【Service 进入】 TeacherServiceImpl.updateTeacherInfo
        args :
    [ {
  "age" : null,
  "gender" : null,
  "id" : null,
  "name" : null
} ]

2026-08-31 20:13:49.396 [http-nio-8081-exec-5] [5ec8ce97580e461b] DEBUG o.e.s.mapper.TeacherMapper.listById - ==>  Preparing: SELECT id, name, age, gender FROM teacher WHERE id = ? ORDER BY id
2026-08-31 20:13:49.397 [http-nio-8081-exec-5] [5ec8ce97580e461b] DEBUG o.e.s.mapper.TeacherMapper.listById - ==> Parameters: null
2026-08-31 20:13:49.398 [http-nio-8081-exec-5] [5ec8ce97580e461b] DEBUG o.e.s.mapper.TeacherMapper.listById - <==      Total: 0
2026-08-31 20:13:49.399 [http-nio-8081-exec-5] [5ec8ce97580e461b] WARN  o.e.s.aspect.ServiceLogAspect -     ✖ 【Service 异常】 TeacherServiceImpl.updateTeacherInfo | 3ms
        error :
    "不存在该教师"

org.example.studentsystem.common.BusinessException: 不存在该教师
	at org.example.studentsystem.service.impl.TeacherServiceImpl.updateTeacherInfo(TeacherServiceImpl.java:80)
	at java.base/jdk.internal.reflect.DirectMethodHandleAccessor.invoke(DirectMethodHandleAccessor.java:104)
	at java.base/java.lang.reflect.Method.invoke(Method.java:565)
	at org.springframework.aop.support.AopUtils.invokeJoinpointUsingReflection(AopUtils.java:359)
	at org.springframework.aop.framework.ReflectiveMethodInvocation.invokeJoinpoint(ReflectiveMethodInvocation.java:190)
	at org.springframework.aop.framework.ReflectiveMethodInvocation.proceed(ReflectiveMethodInvocation.java:158)
	at org.springframework.aop.aspectj.MethodInvocationProceedingJoinPoint.proceed(MethodInvocationProceedingJoinPoint.java:82)
	at org.example.studentsystem.aspect.ServiceLogAspect.around(ServiceLogAspect.java:35)
	at java.base/jdk.internal.reflect.DirectMethodHandleAccessor.invoke(DirectMethodHandleAccessor.java:104)
	at java.base/java.lang.reflect.Method.invoke(Method.java:565)
	at org.springframework.aop.aspectj.AbstractAspectJAdvice.invokeAdviceMethodWithGivenArgs(AbstractAspectJAdvice.java:648)
	at org.springframework.aop.aspectj.AbstractAspectJAdvice.invokeAdviceMethod(AbstractAspectJAdvice.java:630)
	at org.springframework.aop.aspectj.AspectJAroundAdvice.invoke(AspectJAroundAdvice.java:70)
	at org.springframework.aop.framework.ReflectiveMethodInvocation.proceed(ReflectiveMethodInvocation.java:179)
	at org.springframework.aop.interceptor.ExposeInvocationInterceptor.invoke(ExposeInvocationInterceptor.java:96)
	at org.springframework.aop.framework.ReflectiveMethodInvocation.proceed(ReflectiveMethodInvocation.java:179)
	at org.springframework.aop.framework.CglibAopProxy$DynamicAdvisedInterceptor.intercept(CglibAopProxy.java:719)
	at org.example.studentsystem.service.impl.TeacherServiceImpl$$SpringCGLIB$$0.updateTeacherInfo(<generated>)
	at org.example.studentsystem.controller.TeacherController.updateTeacherInfo(TeacherController.java:51)
	at java.base/jdk.internal.reflect.DirectMethodHandleAccessor.invoke(DirectMethodHandleAccessor.java:104)
	at java.base/java.lang.reflect.Method.invoke(Method.java:565)
	at org.springframework.aop.support.AopUtils.invokeJoinpointUsingReflection(AopUtils.java:359)
	at org.springframework.aop.framework.ReflectiveMethodInvocation.invokeJoinpoint(ReflectiveMethodInvocation.java:190)
	at org.springframework.aop.framework.ReflectiveMethodInvocation.proceed(ReflectiveMethodInvocation.java:158)
	at org.springframework.aop.aspectj.MethodInvocationProceedingJoinPoint.proceed(MethodInvocationProceedingJoinPoint.java:82)
	at org.example.studentsystem.aspect.WebLogAspect.around(WebLogAspect.java:56)
	at java.base/jdk.internal.reflect.DirectMethodHandleAccessor.invoke(DirectMethodHandleAccessor.java:104)
	at java.base/java.lang.reflect.Method.invoke(Method.java:565)
	at org.springframework.aop.aspectj.AbstractAspectJAdvice.invokeAdviceMethodWithGivenArgs(AbstractAspectJAdvice.java:648)
	at org.springframework.aop.aspectj.AbstractAspectJAdvice.invokeAdviceMethod(AbstractAspectJAdvice.java:630)
	at org.springframework.aop.aspectj.AspectJAroundAdvice.invoke(AspectJAroundAdvice.java:70)
	at org.springframework.aop.framework.ReflectiveMethodInvocation.proceed(ReflectiveMethodInvocation.java:179)
	at org.springframework.aop.interceptor.ExposeInvocationInterceptor.invoke(ExposeInvocationInterceptor.java:96)
	at org.springframework.aop.framework.ReflectiveMethodInvocation.proceed(ReflectiveMethodInvocation.java:179)
	at org.springframework.aop.framework.CglibAopProxy$DynamicAdvisedInterceptor.intercept(CglibAopProxy.java:719)
	at org.example.studentsystem.controller.TeacherController$$SpringCGLIB$$0.updateTeacherInfo(<generated>)
	at java.base/jdk.internal.reflect.DirectMethodHandleAccessor.invoke(DirectMethodHandleAccessor.java:104)
	at java.base/java.lang.reflect.Method.invoke(Method.java:565)
	at org.springframework.web.method.support.InvocableHandlerMethod.doInvoke(InvocableHandlerMethod.java:252)
	at org.springframework.web.method.support.InvocableHandlerMethod.invokeForRequest(InvocableHandlerMethod.java:184)
	at org.springframework.web.servlet.mvc.method.annotation.ServletInvocableHandlerMethod.invokeAndHandle(ServletInvocableHandlerMethod.java:117)
	at org.springframework.web.servlet.mvc.method.annotation.RequestMappingHandlerAdapter.invokeHandlerMethod(RequestMappingHandlerAdapter.java:934)
	at org.springframework.web.servlet.mvc.method.annotation.RequestMappingHandlerAdapter.handleInternal(RequestMappingHandlerAdapter.java:853)
	at org.springframework.web.servlet.mvc.method.AbstractHandlerMethodAdapter.handle(AbstractHandlerMethodAdapter.java:86)
	at org.springframework.web.servlet.DispatcherServlet.doDispatch(DispatcherServlet.java:963)
	at org.springframework.web.servlet.DispatcherServlet.doService(DispatcherServlet.java:866)
	at org.springframework.web.servlet.FrameworkServlet.processRequest(FrameworkServlet.java:1000)
	at org.springframework.web.servlet.FrameworkServlet.doPost(FrameworkServlet.java:903)
	at jakarta.servlet.http.HttpServlet.service(HttpServlet.java:649)
	at org.springframework.web.servlet.FrameworkServlet.service(FrameworkServlet.java:874)
	at jakarta.servlet.http.HttpServlet.service(HttpServlet.java:710)
	at org.apache.catalina.core.ApplicationFilterChain.doFilter(ApplicationFilterChain.java:128)
	at org.apache.tomcat.websocket.server.WsFilter.doFilter(WsFilter.java:53)
	at org.apache.catalina.core.ApplicationFilterChain.doFilter(ApplicationFilterChain.java:107)
	at org.springframework.web.filter.RequestContextFilter.doFilterInternal(RequestContextFilter.java:100)
	at org.springframework.web.filter.OncePerRequestFilter.doFilter(OncePerRequestFilter.java:116)
	at org.apache.catalina.core.ApplicationFilterChain.doFilter(ApplicationFilterChain.java:107)
	at org.springframework.web.filter.FormContentFilter.doFilterInternal(FormContentFilter.java:93)
	at org.springframework.web.filter.OncePerRequestFilter.doFilter(OncePerRequestFilter.java:116)
	at org.apache.catalina.core.ApplicationFilterChain.doFilter(ApplicationFilterChain.java:107)
	at org.springframework.web.filter.CharacterEncodingFilter.doFilterInternal(CharacterEncodingFilter.java:199)
	at org.springframework.web.filter.OncePerRequestFilter.doFilter(OncePerRequestFilter.java:116)
	at org.apache.catalina.core.ApplicationFilterChain.doFilter(ApplicationFilterChain.java:107)
	at org.example.studentsystem.filter.TraceFilter.doFilter(TraceFilter.java:29)
	at org.apache.catalina.core.ApplicationFilterChain.doFilter(ApplicationFilterChain.java:107)
	at org.apache.catalina.core.StandardWrapperValve.invoke(StandardWrapperValve.java:165)
	at org.apache.catalina.core.StandardContextValve.invoke(StandardContextValve.java:77)
	at org.apache.catalina.authenticator.AuthenticatorBase.invoke(AuthenticatorBase.java:492)
	at org.apache.catalina.core.StandardHostValve.invoke(StandardHostValve.java:113)
	at org.apache.catalina.valves.ErrorReportValve.invoke(ErrorReportValve.java:83)
	at org.apache.catalina.core.StandardEngineValve.invoke(StandardEngineValve.java:72)
	at org.apache.catalina.connector.CoyoteAdapter.service(CoyoteAdapter.java:341)
	at org.apache.coyote.http11.Http11Processor.service(Http11Processor.java:397)
	at org.apache.coyote.AbstractProcessorLight.process(AbstractProcessorLight.java:63)
	at org.apache.coyote.AbstractProtocol$ConnectionHandler.process(AbstractProtocol.java:903)
	at org.apache.tomcat.util.net.NioEndpoint$SocketProcessor.doRun(NioEndpoint.java:1801)
	at org.apache.tomcat.util.net.SocketProcessorBase.run(SocketProcessorBase.java:52)
	at org.apache.tomcat.util.threads.ThreadPoolExecutor.runWorker(ThreadPoolExecutor.java:946)
	at org.apache.tomcat.util.threads.ThreadPoolExecutor$Worker.run(ThreadPoolExecutor.java:480)
	at org.apache.tomcat.util.threads.TaskThread$WrappingRunnable.run(TaskThread.java:57)
	at java.base/java.lang.Thread.run(Thread.java:1516)
2026-08-31 20:13:49.401 [http-nio-8081-exec-5] [5ec8ce97580e461b] WARN  o.e.s.aspect.WebLogAspect - 
══════════════════════════════════════════════════════════════
⚠ 【API 业务失败】 TeacherController.updateTeacherInfo | 6ms
    error :
"不存在该教师"
══════════════════════════════════════════════════════════════

2026-08-31 20:13:49.403 [http-nio-8081-exec-5] [5ec8ce97580e461b] WARN  o.e.s.common.GlobalExceptionHandler - 
══════════════════════════════════════════════════════════════
⚠ 【业务异常】 traceId=5ec8ce97580e461b
    detail :
"不存在该教师"
══════════════════════════════════════════════════════════════

2026-08-31 20:16:34.082 [SpringApplicationShutdownHook] [] INFO  o.s.boot.tomcat.GracefulShutdown - Commencing graceful shutdown. Waiting for active requests to complete
2026-08-31 20:16:34.084 [tomcat-shutdown] [] INFO  o.s.boot.tomcat.GracefulShutdown - Graceful shutdown complete
2026-08-31 20:16:34.086 [SpringApplicationShutdownHook] [] INFO  com.zaxxer.hikari.HikariDataSource - HikariPool-1 - Shutdown initiated...
2026-08-31 20:16:34.088 [SpringApplicationShutdownHook] [] INFO  com.zaxxer.hikari.HikariDataSource - HikariPool-1 - Shutdown completed.
2026-08-31 20:16:35.361 [main] [] INFO  o.e.s.StudentSystemApplication - Starting StudentSystemApplication using Java 26 with PID 8213 (/Users/hepan/Desktop/java/target/classes started by hepan in /Users/hepan/Desktop/java)
2026-08-31 20:16:35.362 [main] [] INFO  o.e.s.StudentSystemApplication - No active profile set, falling back to 1 default profile: "default"
2026-08-31 20:16:35.418 [background-preinit] [] INFO  o.h.validator.internal.util.Version - HV000001: Hibernate Validator 9.0.1.Final
2026-08-31 20:16:35.543 [main] [] DEBUG o.apache.ibatis.logging.LogFactory - Logging initialized using 'class org.apache.ibatis.logging.slf4j.Slf4jImpl' adapter.
2026-08-31 20:16:35.718 [main] [] INFO  o.s.boot.tomcat.TomcatWebServer - Tomcat initialized with port 8081 (http)
2026-08-31 20:16:35.722 [main] [] INFO  o.a.coyote.http11.Http11NioProtocol - Initializing ProtocolHandler ["http-nio-8081"]
2026-08-31 20:16:35.722 [main] [] INFO  o.a.catalina.core.StandardService - Starting service [Tomcat]
2026-08-31 20:16:35.722 [main] [] INFO  o.a.catalina.core.StandardEngine - Starting Servlet engine: [Apache Tomcat/11.0.21]
2026-08-31 20:16:35.735 [main] [] INFO  o.s.b.w.c.s.WebApplicationContextInitializer - Root WebApplicationContext: initialization completed in 359 ms
2026-08-31 20:16:35.982 [main] [] INFO  o.a.coyote.http11.Http11NioProtocol - Starting ProtocolHandler ["http-nio-8081"]
2026-08-31 20:16:35.986 [main] [] INFO  o.s.boot.tomcat.TomcatWebServer - Tomcat started on port 8081 (http) with context path '/'
2026-08-31 20:16:35.988 [main] [] INFO  o.e.s.StudentSystemApplication - Started StudentSystemApplication in 0.785 seconds (process running for 0.901)
2026-08-31 20:16:38.903 [http-nio-8081-exec-1] [] INFO  o.a.c.c.C.[Tomcat].[localhost].[/] - Initializing Spring DispatcherServlet 'dispatcherServlet'
2026-08-31 20:16:38.903 [http-nio-8081-exec-1] [] INFO  o.s.web.servlet.DispatcherServlet - Initializing Servlet 'dispatcherServlet'
2026-08-31 20:16:38.904 [http-nio-8081-exec-1] [] INFO  o.s.web.servlet.DispatcherServlet - Completed initialization in 1 ms
2026-08-31 20:16:38.956 [http-nio-8081-exec-1] [07613909ccd643e8] INFO  o.e.s.aspect.WebLogAspect - 
══════════════════════════════════════════════════════════════
>>> 【API 请求】 POST /teacher/update
    traceId : 07613909ccd643e8
    client  : 127.0.0.1
    handler : TeacherController.updateTeacherInfo
    headers : {
  "Content-Type" : "application/json",
  "User-Agent" : "PostmanRuntime/7.54.0",
  "Accept" : "*/*",
  "Postman-Token" : "8a0aaa0a-9e00-4cae-be8f-62efd7fb5263",
  "Host" : "127.0.0.1:8081",
  "Accept-Encoding" : "gzip, deflate, br",
  "Connection" : "keep-alive",
  "Content-Length" : "51"
}
    args    : [ {
  "age" : 33,
  "gender" : "女",
  "id" : 3,
  "name" : "王五"
} ]
══════════════════════════════════════════════════════════════

2026-08-31 20:16:38.956 [http-nio-8081-exec-1] [07613909ccd643e8] INFO  o.e.s.aspect.ServiceLogAspect -     ▶ 【Service 进入】 TeacherServiceImpl.updateTeacherInfo
        args :
    [ {
  "age" : 33,
  "gender" : "女",
  "id" : 3,
  "name" : "王五"
} ]

2026-08-31 20:16:38.962 [http-nio-8081-exec-1] [07613909ccd643e8] INFO  com.zaxxer.hikari.HikariDataSource - HikariPool-1 - Starting...
2026-08-31 20:16:39.011 [http-nio-8081-exec-1] [07613909ccd643e8] INFO  com.zaxxer.hikari.pool.HikariPool - HikariPool-1 - Added connection com.mysql.cj.jdbc.ConnectionImpl@4fb84e35
2026-08-31 20:16:39.011 [http-nio-8081-exec-1] [07613909ccd643e8] INFO  com.zaxxer.hikari.HikariDataSource - HikariPool-1 - Start completed.
2026-08-31 20:16:39.014 [http-nio-8081-exec-1] [07613909ccd643e8] DEBUG o.e.s.mapper.TeacherMapper.listById - ==>  Preparing: SELECT id, name, age, gender FROM teacher WHERE id = ? ORDER BY id
2026-08-31 20:16:39.022 [http-nio-8081-exec-1] [07613909ccd643e8] DEBUG o.e.s.mapper.TeacherMapper.listById - ==> Parameters: 3(Integer)
2026-08-31 20:16:39.029 [http-nio-8081-exec-1] [07613909ccd643e8] DEBUG o.e.s.mapper.TeacherMapper.listById - <==      Total: 1
2026-08-31 20:16:39.043 [http-nio-8081-exec-1] [07613909ccd643e8] DEBUG o.e.s.m.T.updateTeacherInfo - ==>  Preparing: UPDATE teacher SET name = ?, age = ?, gender = ? WHERE id = ?
2026-08-31 20:16:39.044 [http-nio-8081-exec-1] [07613909ccd643e8] DEBUG o.e.s.m.T.updateTeacherInfo - ==> Parameters: 王五(String), 33(Integer), 女(String), 3(Integer)
2026-08-31 20:16:39.046 [http-nio-8081-exec-1] [07613909ccd643e8] DEBUG o.e.s.m.T.updateTeacherInfo - <==    Updates: 1
2026-08-31 20:16:39.046 [http-nio-8081-exec-1] [07613909ccd643e8] INFO  o.e.s.aspect.ServiceLogAspect -     ◀ 【Service 完成】 TeacherServiceImpl.updateTeacherInfo | 90ms
        result :
    true

2026-08-31 20:16:39.047 [http-nio-8081-exec-1] [07613909ccd643e8] INFO  o.e.s.aspect.WebLogAspect - 
══════════════════════════════════════════════════════════════
<<< 【API 响应】 TeacherController.updateTeacherInfo | 100ms
    result :
{
  "code" : 200,
  "content" : true,
  "message" : "success"
}
══════════════════════════════════════════════════════════════

2026-08-31 20:38:29.562 [SpringApplicationShutdownHook] [] INFO  o.s.boot.tomcat.GracefulShutdown - Commencing graceful shutdown. Waiting for active requests to complete
2026-08-31 20:38:29.565 [tomcat-shutdown] [] INFO  o.s.boot.tomcat.GracefulShutdown - Graceful shutdown complete
2026-08-31 20:38:29.567 [SpringApplicationShutdownHook] [] INFO  com.zaxxer.hikari.HikariDataSource - HikariPool-1 - Shutdown initiated...
2026-08-31 20:38:29.571 [SpringApplicationShutdownHook] [] INFO  com.zaxxer.hikari.HikariDataSource - HikariPool-1 - Shutdown completed.
2026-08-31 20:38:30.984 [main] [] INFO  o.e.s.StudentSystemApplication - Starting StudentSystemApplication using Java 26 with PID 8562 (/Users/hepan/Desktop/java/target/classes started by hepan in /Users/hepan/Desktop/java)
2026-08-31 20:38:30.985 [main] [] INFO  o.e.s.StudentSystemApplication - No active profile set, falling back to 1 default profile: "default"
2026-08-31 20:38:31.044 [background-preinit] [] INFO  o.h.validator.internal.util.Version - HV000001: Hibernate Validator 9.0.1.Final
2026-08-31 20:38:31.183 [main] [] DEBUG o.apache.ibatis.logging.LogFactory - Logging initialized using 'class org.apache.ibatis.logging.slf4j.Slf4jImpl' adapter.
2026-08-31 20:38:31.361 [main] [] INFO  o.s.boot.tomcat.TomcatWebServer - Tomcat initialized with port 8081 (http)
2026-08-31 20:38:31.366 [main] [] INFO  o.a.coyote.http11.Http11NioProtocol - Initializing ProtocolHandler ["http-nio-8081"]
2026-08-31 20:38:31.366 [main] [] INFO  o.a.catalina.core.StandardService - Starting service [Tomcat]
2026-08-31 20:38:31.366 [main] [] INFO  o.a.catalina.core.StandardEngine - Starting Servlet engine: [Apache Tomcat/11.0.21]
2026-08-31 20:38:31.380 [main] [] INFO  o.s.b.w.c.s.WebApplicationContextInitializer - Root WebApplicationContext: initialization completed in 379 ms
2026-08-31 20:38:31.653 [main] [] INFO  o.a.coyote.http11.Http11NioProtocol - Starting ProtocolHandler ["http-nio-8081"]
2026-08-31 20:38:31.658 [main] [] INFO  o.s.boot.tomcat.TomcatWebServer - Tomcat started on port 8081 (http) with context path '/'
2026-08-31 20:38:31.661 [main] [] INFO  o.e.s.StudentSystemApplication - Started StudentSystemApplication in 0.851 seconds (process running for 0.977)
2026-08-31 20:40:56.098 [http-nio-8081-exec-1] [] INFO  o.a.c.c.C.[Tomcat].[localhost].[/] - Initializing Spring DispatcherServlet 'dispatcherServlet'
2026-08-31 20:40:56.099 [http-nio-8081-exec-1] [] INFO  o.s.web.servlet.DispatcherServlet - Initializing Servlet 'dispatcherServlet'
2026-08-31 20:40:56.100 [http-nio-8081-exec-1] [] INFO  o.s.web.servlet.DispatcherServlet - Completed initialization in 1 ms
2026-08-31 20:40:56.156 [http-nio-8081-exec-1] [c8b70de9b0cc4514] INFO  o.e.s.aspect.WebLogAspect - 
══════════════════════════════════════════════════════════════
>>> 【API 请求】 POST /student/insert
    traceId : c8b70de9b0cc4514
    client  : 127.0.0.1
    handler : StudentController.insert
    headers : {
  "Content-Type" : "application/json",
  "User-Agent" : "PostmanRuntime/7.54.0",
  "Accept" : "*/*",
  "Postman-Token" : "f1aac10c-e302-49f7-bb21-da695323afba",
  "Host" : "127.0.0.1:8081",
  "Accept-Encoding" : "gzip, deflate, br",
  "Connection" : "keep-alive",
  "Content-Length" : "113"
}
    args    : [ {
  "age" : 18,
  "chinese" : 100,
  "english" : 100,
  "gender" : "女",
  "id" : 1,
  "math" : 100,
  "name" : "学生1",
  "teacherId" : 1
} ]
══════════════════════════════════════════════════════════════

2026-08-31 20:40:56.157 [http-nio-8081-exec-1] [c8b70de9b0cc4514] INFO  o.e.s.aspect.ServiceLogAspect -     ▶ 【Service 进入】 StudentServiceImpl.insert
        args :
    [ {
  "age" : 18,
  "chinese" : 100,
  "english" : 100,
  "gender" : "女",
  "id" : 1,
  "math" : 100,
  "name" : "学生1",
  "teacherId" : 1
} ]

2026-08-31 20:40:56.163 [http-nio-8081-exec-1] [c8b70de9b0cc4514] INFO  com.zaxxer.hikari.HikariDataSource - HikariPool-1 - Starting...
2026-08-31 20:40:56.212 [http-nio-8081-exec-1] [c8b70de9b0cc4514] INFO  com.zaxxer.hikari.pool.HikariPool - HikariPool-1 - Added connection com.mysql.cj.jdbc.ConnectionImpl@6d4c8f6
2026-08-31 20:40:56.213 [http-nio-8081-exec-1] [c8b70de9b0cc4514] INFO  com.zaxxer.hikari.HikariDataSource - HikariPool-1 - Start completed.
2026-08-31 20:40:56.215 [http-nio-8081-exec-1] [c8b70de9b0cc4514] DEBUG o.e.s.mapper.StudentMapper.insert - ==>  Preparing: INSERT INTO student (id, name, age, gender, chinese, math, english, teacher_id AS teacherId) VALUES (?, ?, ?, ?, ?, ?, ?, ?)
2026-08-31 20:40:56.225 [http-nio-8081-exec-1] [c8b70de9b0cc4514] WARN  o.e.s.aspect.ServiceLogAspect -     ✖ 【Service 异常】 StudentServiceImpl.insert | 68ms
        error :
    "\n### Error updating database.  Cause: org.apache.ibatis.reflection.ReflectionException: There is no getter for property named 'teacher_id' in 'class org.example.studentsystem.DTO.StudentDTO'\n### The error may exist in org/example/studentsystem/mapper/StudentMapper.java (best guess)\n### The error may involve org.example.studentsystem.mapper.StudentMapper.insert-Inline\n### The error occurred while setting parameters\n### SQL: INSERT INTO student (id, name, age, gender, chinese, math, english, teacher_id AS teacherId) VALUES (?, ?, ?, ?, ?, ?, ?, ?)\n### Cause: org.apache.ibatis.reflection.ReflectionException: There is no getter for property named 'teacher_id' in 'class org.example.studentsystem.DTO.StudentDTO'"

org.mybatis.spring.MyBatisSystemException: 
### Error updating database.  Cause: org.apache.ibatis.reflection.ReflectionException: There is no getter for property named 'teacher_id' in 'class org.example.studentsystem.DTO.StudentDTO'
### The error may exist in org/example/studentsystem/mapper/StudentMapper.java (best guess)
### The error may involve org.example.studentsystem.mapper.StudentMapper.insert-Inline
### The error occurred while setting parameters
### SQL: INSERT INTO student (id, name, age, gender, chinese, math, english, teacher_id AS teacherId) VALUES (?, ?, ?, ?, ?, ?, ?, ?)
### Cause: org.apache.ibatis.reflection.ReflectionException: There is no getter for property named 'teacher_id' in 'class org.example.studentsystem.DTO.StudentDTO'
	at org.mybatis.spring.MyBatisExceptionTranslator.translateExceptionIfPossible(MyBatisExceptionTranslator.java:101)
	at org.mybatis.spring.SqlSessionTemplate$SqlSessionInterceptor.invoke(SqlSessionTemplate.java:362)
	at jdk.proxy2/jdk.proxy2.$Proxy77.insert(Unknown Source)
	at org.mybatis.spring.SqlSessionTemplate.insert(SqlSessionTemplate.java:239)
	at org.apache.ibatis.binding.MapperMethod.execute(MapperMethod.java:62)
	at org.apache.ibatis.binding.MapperProxy$PlainMethodInvoker.invoke(MapperProxy.java:141)
	at org.apache.ibatis.binding.MapperProxy.invoke(MapperProxy.java:86)
	at jdk.proxy2/jdk.proxy2.$Proxy84.insert(Unknown Source)
	at org.example.studentsystem.service.impl.StudentServiceImpl.insert(StudentServiceImpl.java:25)
	at java.base/jdk.internal.reflect.DirectMethodHandleAccessor.invoke(DirectMethodHandleAccessor.java:104)
	at java.base/java.lang.reflect.Method.invoke(Method.java:565)
	at org.springframework.aop.support.AopUtils.invokeJoinpointUsingReflection(AopUtils.java:359)
	at org.springframework.aop.framework.ReflectiveMethodInvocation.invokeJoinpoint(ReflectiveMethodInvocation.java:190)
	at org.springframework.aop.framework.ReflectiveMethodInvocation.proceed(ReflectiveMethodInvocation.java:158)
	at org.springframework.aop.aspectj.MethodInvocationProceedingJoinPoint.proceed(MethodInvocationProceedingJoinPoint.java:82)
	at org.example.studentsystem.aspect.ServiceLogAspect.around(ServiceLogAspect.java:35)
	at java.base/jdk.internal.reflect.DirectMethodHandleAccessor.invoke(DirectMethodHandleAccessor.java:104)
	at java.base/java.lang.reflect.Method.invoke(Method.java:565)
	at org.springframework.aop.aspectj.AbstractAspectJAdvice.invokeAdviceMethodWithGivenArgs(AbstractAspectJAdvice.java:648)
	at org.springframework.aop.aspectj.AbstractAspectJAdvice.invokeAdviceMethod(AbstractAspectJAdvice.java:630)
	at org.springframework.aop.aspectj.AspectJAroundAdvice.invoke(AspectJAroundAdvice.java:70)
	at org.springframework.aop.framework.ReflectiveMethodInvocation.proceed(ReflectiveMethodInvocation.java:179)
	at org.springframework.aop.interceptor.ExposeInvocationInterceptor.invoke(ExposeInvocationInterceptor.java:96)
	at org.springframework.aop.framework.ReflectiveMethodInvocation.proceed(ReflectiveMethodInvocation.java:179)
	at org.springframework.aop.framework.CglibAopProxy$DynamicAdvisedInterceptor.intercept(CglibAopProxy.java:719)
	at org.example.studentsystem.service.impl.StudentServiceImpl$$SpringCGLIB$$0.insert(<generated>)
	at org.example.studentsystem.controller.StudentController.insert(StudentController.java:33)
	at java.base/jdk.internal.reflect.DirectMethodHandleAccessor.invoke(DirectMethodHandleAccessor.java:104)
	at java.base/java.lang.reflect.Method.invoke(Method.java:565)
	at org.springframework.aop.support.AopUtils.invokeJoinpointUsingReflection(AopUtils.java:359)
	at org.springframework.aop.framework.ReflectiveMethodInvocation.invokeJoinpoint(ReflectiveMethodInvocation.java:190)
	at org.springframework.aop.framework.ReflectiveMethodInvocation.proceed(ReflectiveMethodInvocation.java:158)
	at org.springframework.aop.aspectj.MethodInvocationProceedingJoinPoint.proceed(MethodInvocationProceedingJoinPoint.java:82)
	at org.example.studentsystem.aspect.WebLogAspect.around(WebLogAspect.java:56)
	at java.base/jdk.internal.reflect.DirectMethodHandleAccessor.invoke(DirectMethodHandleAccessor.java:104)
	at java.base/java.lang.reflect.Method.invoke(Method.java:565)
	at org.springframework.aop.aspectj.AbstractAspectJAdvice.invokeAdviceMethodWithGivenArgs(AbstractAspectJAdvice.java:648)
	at org.springframework.aop.aspectj.AbstractAspectJAdvice.invokeAdviceMethod(AbstractAspectJAdvice.java:630)
	at org.springframework.aop.aspectj.AspectJAroundAdvice.invoke(AspectJAroundAdvice.java:70)
	at org.springframework.aop.framework.ReflectiveMethodInvocation.proceed(ReflectiveMethodInvocation.java:179)
	at org.springframework.aop.interceptor.ExposeInvocationInterceptor.invoke(ExposeInvocationInterceptor.java:96)
	at org.springframework.aop.framework.ReflectiveMethodInvocation.proceed(ReflectiveMethodInvocation.java:179)
	at org.springframework.aop.framework.CglibAopProxy$DynamicAdvisedInterceptor.intercept(CglibAopProxy.java:719)
	at org.example.studentsystem.controller.StudentController$$SpringCGLIB$$0.insert(<generated>)
	at java.base/jdk.internal.reflect.DirectMethodHandleAccessor.invoke(DirectMethodHandleAccessor.java:104)
	at java.base/java.lang.reflect.Method.invoke(Method.java:565)
	at org.springframework.web.method.support.InvocableHandlerMethod.doInvoke(InvocableHandlerMethod.java:252)
	at org.springframework.web.method.support.InvocableHandlerMethod.invokeForRequest(InvocableHandlerMethod.java:184)
	at org.springframework.web.servlet.mvc.method.annotation.ServletInvocableHandlerMethod.invokeAndHandle(ServletInvocableHandlerMethod.java:117)
	at org.springframework.web.servlet.mvc.method.annotation.RequestMappingHandlerAdapter.invokeHandlerMethod(RequestMappingHandlerAdapter.java:934)
	at org.springframework.web.servlet.mvc.method.annotation.RequestMappingHandlerAdapter.handleInternal(RequestMappingHandlerAdapter.java:853)
	at org.springframework.web.servlet.mvc.method.AbstractHandlerMethodAdapter.handle(AbstractHandlerMethodAdapter.java:86)
	at org.springframework.web.servlet.DispatcherServlet.doDispatch(DispatcherServlet.java:963)
	at org.springframework.web.servlet.DispatcherServlet.doService(DispatcherServlet.java:866)
	at org.springframework.web.servlet.FrameworkServlet.processRequest(FrameworkServlet.java:1000)
	at org.springframework.web.servlet.FrameworkServlet.doPost(FrameworkServlet.java:903)
	at jakarta.servlet.http.HttpServlet.service(HttpServlet.java:649)
	at org.springframework.web.servlet.FrameworkServlet.service(FrameworkServlet.java:874)
	at jakarta.servlet.http.HttpServlet.service(HttpServlet.java:710)
	at org.apache.catalina.core.ApplicationFilterChain.doFilter(ApplicationFilterChain.java:128)
	at org.apache.tomcat.websocket.server.WsFilter.doFilter(WsFilter.java:53)
	at org.apache.catalina.core.ApplicationFilterChain.doFilter(ApplicationFilterChain.java:107)
	at org.springframework.web.filter.RequestContextFilter.doFilterInternal(RequestContextFilter.java:100)
	at org.springframework.web.filter.OncePerRequestFilter.doFilter(OncePerRequestFilter.java:116)
	at org.apache.catalina.core.ApplicationFilterChain.doFilter(ApplicationFilterChain.java:107)
	at org.springframework.web.filter.FormContentFilter.doFilterInternal(FormContentFilter.java:93)
	at org.springframework.web.filter.OncePerRequestFilter.doFilter(OncePerRequestFilter.java:116)
	at org.apache.catalina.core.ApplicationFilterChain.doFilter(ApplicationFilterChain.java:107)
	at org.springframework.web.filter.CharacterEncodingFilter.doFilterInternal(CharacterEncodingFilter.java:199)
	at org.springframework.web.filter.OncePerRequestFilter.doFilter(OncePerRequestFilter.java:116)
	at org.apache.catalina.core.ApplicationFilterChain.doFilter(ApplicationFilterChain.java:107)
	at org.example.studentsystem.filter.TraceFilter.doFilter(TraceFilter.java:29)
	at org.apache.catalina.core.ApplicationFilterChain.doFilter(ApplicationFilterChain.java:107)
	at org.apache.catalina.core.StandardWrapperValve.invoke(StandardWrapperValve.java:165)
	at org.apache.catalina.core.StandardContextValve.invoke(StandardContextValve.java:77)
	at org.apache.catalina.authenticator.AuthenticatorBase.invoke(AuthenticatorBase.java:492)
	at org.apache.catalina.core.StandardHostValve.invoke(StandardHostValve.java:113)
	at org.apache.catalina.valves.ErrorReportValve.invoke(ErrorReportValve.java:83)
	at org.apache.catalina.core.StandardEngineValve.invoke(StandardEngineValve.java:72)
	at org.apache.catalina.connector.CoyoteAdapter.service(CoyoteAdapter.java:341)
	at org.apache.coyote.http11.Http11Processor.service(Http11Processor.java:397)
	at org.apache.coyote.AbstractProcessorLight.process(AbstractProcessorLight.java:63)
	at org.apache.coyote.AbstractProtocol$ConnectionHandler.process(AbstractProtocol.java:903)
	at org.apache.tomcat.util.net.NioEndpoint$SocketProcessor.doRun(NioEndpoint.java:1801)
	at org.apache.tomcat.util.net.SocketProcessorBase.run(SocketProcessorBase.java:52)
	at org.apache.tomcat.util.threads.ThreadPoolExecutor.runWorker(ThreadPoolExecutor.java:946)
	at org.apache.tomcat.util.threads.ThreadPoolExecutor$Worker.run(ThreadPoolExecutor.java:480)
	at org.apache.tomcat.util.threads.TaskThread$WrappingRunnable.run(TaskThread.java:57)
	at java.base/java.lang.Thread.run(Thread.java:1516)
Caused by: org.apache.ibatis.reflection.ReflectionException: There is no getter for property named 'teacher_id' in 'class org.example.studentsystem.DTO.StudentDTO'
	at org.apache.ibatis.reflection.Reflector.getGetInvoker(Reflector.java:385)
	at org.apache.ibatis.reflection.MetaClass.getGetInvoker(MetaClass.java:160)
	at org.apache.ibatis.reflection.wrapper.BeanWrapper.getBeanProperty(BeanWrapper.java:156)
	at org.apache.ibatis.reflection.wrapper.BeanWrapper.get(BeanWrapper.java:50)
	at org.apache.ibatis.reflection.MetaObject.getValue(MetaObject.java:115)
	at org.apache.ibatis.scripting.defaults.DefaultParameterHandler.setParameters(DefaultParameterHandler.java:82)
	at org.apache.ibatis.executor.statement.PreparedStatementHandler.parameterize(PreparedStatementHandler.java:97)
	at org.apache.ibatis.executor.statement.RoutingStatementHandler.parameterize(RoutingStatementHandler.java:65)
	at org.apache.ibatis.executor.SimpleExecutor.prepareStatement(SimpleExecutor.java:91)
	at org.apache.ibatis.executor.SimpleExecutor.doUpdate(SimpleExecutor.java:49)
	at org.apache.ibatis.executor.BaseExecutor.update(BaseExecutor.java:117)
	at org.apache.ibatis.executor.CachingExecutor.update(CachingExecutor.java:76)
	at java.base/jdk.internal.reflect.DirectMethodHandleAccessor.invoke(DirectMethodHandleAccessor.java:104)
	at java.base/java.lang.reflect.Method.invoke(Method.java:565)
	at org.apache.ibatis.plugin.Plugin.invoke(Plugin.java:61)
	at jdk.proxy2/jdk.proxy2.$Proxy92.update(Unknown Source)
	at org.apache.ibatis.session.defaults.DefaultSqlSession.update(DefaultSqlSession.java:197)
	at org.apache.ibatis.session.defaults.DefaultSqlSession.insert(DefaultSqlSession.java:184)
	at java.base/jdk.internal.reflect.DirectMethodHandleAccessor.invoke(DirectMethodHandleAccessor.java:104)
	at java.base/java.lang.reflect.Method.invoke(Method.java:565)
	at org.mybatis.spring.SqlSessionTemplate$SqlSessionInterceptor.invoke(SqlSessionTemplate.java:348)
	... 87 common frames omitted
2026-08-31 20:40:56.226 [http-nio-8081-exec-1] [c8b70de9b0cc4514] ERROR o.e.s.aspect.WebLogAspect - 
══════════════════════════════════════════════════════════════
✖ 【API 系统异常】 StudentController.insert | 79ms
    error :
"\n### Error updating database.  Cause: org.apache.ibatis.reflection.ReflectionException: There is no getter for property named 'teacher_id' in 'class org.example.studentsystem.DTO.StudentDTO'\n### The error may exist in org/example/studentsystem/mapper/StudentMapper.java (best guess)\n### The error may involve org.example.studentsystem.mapper.StudentMapper.insert-Inline\n### The error occurred while setting parameters\n### SQL: INSERT INTO student (id, name, age, gender, chinese, math, english, teacher_id AS teacherId) VALUES (?, ?, ?, ?, ?, ?, ?, ?)\n### Cause: org.apache.ibatis.reflection.ReflectionException: There is no getter for property named 'teacher_id' in 'class org.example.studentsystem.DTO.StudentDTO'"
══════════════════════════════════════════════════════════════

org.mybatis.spring.MyBatisSystemException: 
### Error updating database.  Cause: org.apache.ibatis.reflection.ReflectionException: There is no getter for property named 'teacher_id' in 'class org.example.studentsystem.DTO.StudentDTO'
### The error may exist in org/example/studentsystem/mapper/StudentMapper.java (best guess)
### The error may involve org.example.studentsystem.mapper.StudentMapper.insert-Inline
### The error occurred while setting parameters
### SQL: INSERT INTO student (id, name, age, gender, chinese, math, english, teacher_id AS teacherId) VALUES (?, ?, ?, ?, ?, ?, ?, ?)
### Cause: org.apache.ibatis.reflection.ReflectionException: There is no getter for property named 'teacher_id' in 'class org.example.studentsystem.DTO.StudentDTO'
	at org.mybatis.spring.MyBatisExceptionTranslator.translateExceptionIfPossible(MyBatisExceptionTranslator.java:101)
	at org.mybatis.spring.SqlSessionTemplate$SqlSessionInterceptor.invoke(SqlSessionTemplate.java:362)
	at jdk.proxy2/jdk.proxy2.$Proxy77.insert(Unknown Source)
	at org.mybatis.spring.SqlSessionTemplate.insert(SqlSessionTemplate.java:239)
	at org.apache.ibatis.binding.MapperMethod.execute(MapperMethod.java:62)
	at org.apache.ibatis.binding.MapperProxy$PlainMethodInvoker.invoke(MapperProxy.java:141)
	at org.apache.ibatis.binding.MapperProxy.invoke(MapperProxy.java:86)
	at jdk.proxy2/jdk.proxy2.$Proxy84.insert(Unknown Source)
	at org.example.studentsystem.service.impl.StudentServiceImpl.insert(StudentServiceImpl.java:25)
	at java.base/jdk.internal.reflect.DirectMethodHandleAccessor.invoke(DirectMethodHandleAccessor.java:104)
	at java.base/java.lang.reflect.Method.invoke(Method.java:565)
	at org.springframework.aop.support.AopUtils.invokeJoinpointUsingReflection(AopUtils.java:359)
	at org.springframework.aop.framework.ReflectiveMethodInvocation.invokeJoinpoint(ReflectiveMethodInvocation.java:190)
	at org.springframework.aop.framework.ReflectiveMethodInvocation.proceed(ReflectiveMethodInvocation.java:158)
	at org.springframework.aop.aspectj.MethodInvocationProceedingJoinPoint.proceed(MethodInvocationProceedingJoinPoint.java:82)
	at org.example.studentsystem.aspect.ServiceLogAspect.around(ServiceLogAspect.java:35)
	at java.base/jdk.internal.reflect.DirectMethodHandleAccessor.invoke(DirectMethodHandleAccessor.java:104)
	at java.base/java.lang.reflect.Method.invoke(Method.java:565)
	at org.springframework.aop.aspectj.AbstractAspectJAdvice.invokeAdviceMethodWithGivenArgs(AbstractAspectJAdvice.java:648)
	at org.springframework.aop.aspectj.AbstractAspectJAdvice.invokeAdviceMethod(AbstractAspectJAdvice.java:630)
	at org.springframework.aop.aspectj.AspectJAroundAdvice.invoke(AspectJAroundAdvice.java:70)
	at org.springframework.aop.framework.ReflectiveMethodInvocation.proceed(ReflectiveMethodInvocation.java:179)
	at org.springframework.aop.interceptor.ExposeInvocationInterceptor.invoke(ExposeInvocationInterceptor.java:96)
	at org.springframework.aop.framework.ReflectiveMethodInvocation.proceed(ReflectiveMethodInvocation.java:179)
	at org.springframework.aop.framework.CglibAopProxy$DynamicAdvisedInterceptor.intercept(CglibAopProxy.java:719)
	at org.example.studentsystem.service.impl.StudentServiceImpl$$SpringCGLIB$$0.insert(<generated>)
	at org.example.studentsystem.controller.StudentController.insert(StudentController.java:33)
	at java.base/jdk.internal.reflect.DirectMethodHandleAccessor.invoke(DirectMethodHandleAccessor.java:104)
	at java.base/java.lang.reflect.Method.invoke(Method.java:565)
	at org.springframework.aop.support.AopUtils.invokeJoinpointUsingReflection(AopUtils.java:359)
	at org.springframework.aop.framework.ReflectiveMethodInvocation.invokeJoinpoint(ReflectiveMethodInvocation.java:190)
	at org.springframework.aop.framework.ReflectiveMethodInvocation.proceed(ReflectiveMethodInvocation.java:158)
	at org.springframework.aop.aspectj.MethodInvocationProceedingJoinPoint.proceed(MethodInvocationProceedingJoinPoint.java:82)
	at org.example.studentsystem.aspect.WebLogAspect.around(WebLogAspect.java:56)
	at java.base/jdk.internal.reflect.DirectMethodHandleAccessor.invoke(DirectMethodHandleAccessor.java:104)
	at java.base/java.lang.reflect.Method.invoke(Method.java:565)
	at org.springframework.aop.aspectj.AbstractAspectJAdvice.invokeAdviceMethodWithGivenArgs(AbstractAspectJAdvice.java:648)
	at org.springframework.aop.aspectj.AbstractAspectJAdvice.invokeAdviceMethod(AbstractAspectJAdvice.java:630)
	at org.springframework.aop.aspectj.AspectJAroundAdvice.invoke(AspectJAroundAdvice.java:70)
	at org.springframework.aop.framework.ReflectiveMethodInvocation.proceed(ReflectiveMethodInvocation.java:179)
	at org.springframework.aop.interceptor.ExposeInvocationInterceptor.invoke(ExposeInvocationInterceptor.java:96)
	at org.springframework.aop.framework.ReflectiveMethodInvocation.proceed(ReflectiveMethodInvocation.java:179)
	at org.springframework.aop.framework.CglibAopProxy$DynamicAdvisedInterceptor.intercept(CglibAopProxy.java:719)
	at org.example.studentsystem.controller.StudentController$$SpringCGLIB$$0.insert(<generated>)
	at java.base/jdk.internal.reflect.DirectMethodHandleAccessor.invoke(DirectMethodHandleAccessor.java:104)
	at java.base/java.lang.reflect.Method.invoke(Method.java:565)
	at org.springframework.web.method.support.InvocableHandlerMethod.doInvoke(InvocableHandlerMethod.java:252)
	at org.springframework.web.method.support.InvocableHandlerMethod.invokeForRequest(InvocableHandlerMethod.java:184)
	at org.springframework.web.servlet.mvc.method.annotation.ServletInvocableHandlerMethod.invokeAndHandle(ServletInvocableHandlerMethod.java:117)
	at org.springframework.web.servlet.mvc.method.annotation.RequestMappingHandlerAdapter.invokeHandlerMethod(RequestMappingHandlerAdapter.java:934)
	at org.springframework.web.servlet.mvc.method.annotation.RequestMappingHandlerAdapter.handleInternal(RequestMappingHandlerAdapter.java:853)
	at org.springframework.web.servlet.mvc.method.AbstractHandlerMethodAdapter.handle(AbstractHandlerMethodAdapter.java:86)
	at org.springframework.web.servlet.DispatcherServlet.doDispatch(DispatcherServlet.java:963)
	at org.springframework.web.servlet.DispatcherServlet.doService(DispatcherServlet.java:866)
	at org.springframework.web.servlet.FrameworkServlet.processRequest(FrameworkServlet.java:1000)
	at org.springframework.web.servlet.FrameworkServlet.doPost(FrameworkServlet.java:903)
	at jakarta.servlet.http.HttpServlet.service(HttpServlet.java:649)
	at org.springframework.web.servlet.FrameworkServlet.service(FrameworkServlet.java:874)
	at jakarta.servlet.http.HttpServlet.service(HttpServlet.java:710)
	at org.apache.catalina.core.ApplicationFilterChain.doFilter(ApplicationFilterChain.java:128)
	at org.apache.tomcat.websocket.server.WsFilter.doFilter(WsFilter.java:53)
	at org.apache.catalina.core.ApplicationFilterChain.doFilter(ApplicationFilterChain.java:107)
	at org.springframework.web.filter.RequestContextFilter.doFilterInternal(RequestContextFilter.java:100)
	at org.springframework.web.filter.OncePerRequestFilter.doFilter(OncePerRequestFilter.java:116)
	at org.apache.catalina.core.ApplicationFilterChain.doFilter(ApplicationFilterChain.java:107)
	at org.springframework.web.filter.FormContentFilter.doFilterInternal(FormContentFilter.java:93)
	at org.springframework.web.filter.OncePerRequestFilter.doFilter(OncePerRequestFilter.java:116)
	at org.apache.catalina.core.ApplicationFilterChain.doFilter(ApplicationFilterChain.java:107)
	at org.springframework.web.filter.CharacterEncodingFilter.doFilterInternal(CharacterEncodingFilter.java:199)
	at org.springframework.web.filter.OncePerRequestFilter.doFilter(OncePerRequestFilter.java:116)
	at org.apache.catalina.core.ApplicationFilterChain.doFilter(ApplicationFilterChain.java:107)
	at org.example.studentsystem.filter.TraceFilter.doFilter(TraceFilter.java:29)
	at org.apache.catalina.core.ApplicationFilterChain.doFilter(ApplicationFilterChain.java:107)
	at org.apache.catalina.core.StandardWrapperValve.invoke(StandardWrapperValve.java:165)
	at org.apache.catalina.core.StandardContextValve.invoke(StandardContextValve.java:77)
	at org.apache.catalina.authenticator.AuthenticatorBase.invoke(AuthenticatorBase.java:492)
	at org.apache.catalina.core.StandardHostValve.invoke(StandardHostValve.java:113)
	at org.apache.catalina.valves.ErrorReportValve.invoke(ErrorReportValve.java:83)
	at org.apache.catalina.core.StandardEngineValve.invoke(StandardEngineValve.java:72)
	at org.apache.catalina.connector.CoyoteAdapter.service(CoyoteAdapter.java:341)
	at org.apache.coyote.http11.Http11Processor.service(Http11Processor.java:397)
	at org.apache.coyote.AbstractProcessorLight.process(AbstractProcessorLight.java:63)
	at org.apache.coyote.AbstractProtocol$ConnectionHandler.process(AbstractProtocol.java:903)
	at org.apache.tomcat.util.net.NioEndpoint$SocketProcessor.doRun(NioEndpoint.java:1801)
	at org.apache.tomcat.util.net.SocketProcessorBase.run(SocketProcessorBase.java:52)
	at org.apache.tomcat.util.threads.ThreadPoolExecutor.runWorker(ThreadPoolExecutor.java:946)
	at org.apache.tomcat.util.threads.ThreadPoolExecutor$Worker.run(ThreadPoolExecutor.java:480)
	at org.apache.tomcat.util.threads.TaskThread$WrappingRunnable.run(TaskThread.java:57)
	at java.base/java.lang.Thread.run(Thread.java:1516)
Caused by: org.apache.ibatis.reflection.ReflectionException: There is no getter for property named 'teacher_id' in 'class org.example.studentsystem.DTO.StudentDTO'
	at org.apache.ibatis.reflection.Reflector.getGetInvoker(Reflector.java:385)
	at org.apache.ibatis.reflection.MetaClass.getGetInvoker(MetaClass.java:160)
	at org.apache.ibatis.reflection.wrapper.BeanWrapper.getBeanProperty(BeanWrapper.java:156)
	at org.apache.ibatis.reflection.wrapper.BeanWrapper.get(BeanWrapper.java:50)
	at org.apache.ibatis.reflection.MetaObject.getValue(MetaObject.java:115)
	at org.apache.ibatis.scripting.defaults.DefaultParameterHandler.setParameters(DefaultParameterHandler.java:82)
	at org.apache.ibatis.executor.statement.PreparedStatementHandler.parameterize(PreparedStatementHandler.java:97)
	at org.apache.ibatis.executor.statement.RoutingStatementHandler.parameterize(RoutingStatementHandler.java:65)
	at org.apache.ibatis.executor.SimpleExecutor.prepareStatement(SimpleExecutor.java:91)
	at org.apache.ibatis.executor.SimpleExecutor.doUpdate(SimpleExecutor.java:49)
	at org.apache.ibatis.executor.BaseExecutor.update(BaseExecutor.java:117)
	at org.apache.ibatis.executor.CachingExecutor.update(CachingExecutor.java:76)
	at java.base/jdk.internal.reflect.DirectMethodHandleAccessor.invoke(DirectMethodHandleAccessor.java:104)
	at java.base/java.lang.reflect.Method.invoke(Method.java:565)
	at org.apache.ibatis.plugin.Plugin.invoke(Plugin.java:61)
	at jdk.proxy2/jdk.proxy2.$Proxy92.update(Unknown Source)
	at org.apache.ibatis.session.defaults.DefaultSqlSession.update(DefaultSqlSession.java:197)
	at org.apache.ibatis.session.defaults.DefaultSqlSession.insert(DefaultSqlSession.java:184)
	at java.base/jdk.internal.reflect.DirectMethodHandleAccessor.invoke(DirectMethodHandleAccessor.java:104)
	at java.base/java.lang.reflect.Method.invoke(Method.java:565)
	at org.mybatis.spring.SqlSessionTemplate$SqlSessionInterceptor.invoke(SqlSessionTemplate.java:348)
	... 87 common frames omitted
2026-08-31 20:40:56.228 [http-nio-8081-exec-1] [c8b70de9b0cc4514] ERROR o.e.s.common.GlobalExceptionHandler - 
══════════════════════════════════════════════════════════════
✖ 【系统异常】 traceId=c8b70de9b0cc4514
    detail :
"\n### Error updating database.  Cause: org.apache.ibatis.reflection.ReflectionException: There is no getter for property named 'teacher_id' in 'class org.example.studentsystem.DTO.StudentDTO'\n### The error may exist in org/example/studentsystem/mapper/StudentMapper.java (best guess)\n### The error may involve org.example.studentsystem.mapper.StudentMapper.insert-Inline\n### The error occurred while setting parameters\n### SQL: INSERT INTO student (id, name, age, gender, chinese, math, english, teacher_id AS teacherId) VALUES (?, ?, ?, ?, ?, ?, ?, ?)\n### Cause: org.apache.ibatis.reflection.ReflectionException: There is no getter for property named 'teacher_id' in 'class org.example.studentsystem.DTO.StudentDTO'"
══════════════════════════════════════════════════════════════

org.mybatis.spring.MyBatisSystemException: 
### Error updating database.  Cause: org.apache.ibatis.reflection.ReflectionException: There is no getter for property named 'teacher_id' in 'class org.example.studentsystem.DTO.StudentDTO'
### The error may exist in org/example/studentsystem/mapper/StudentMapper.java (best guess)
### The error may involve org.example.studentsystem.mapper.StudentMapper.insert-Inline
### The error occurred while setting parameters
### SQL: INSERT INTO student (id, name, age, gender, chinese, math, english, teacher_id AS teacherId) VALUES (?, ?, ?, ?, ?, ?, ?, ?)
### Cause: org.apache.ibatis.reflection.ReflectionException: There is no getter for property named 'teacher_id' in 'class org.example.studentsystem.DTO.StudentDTO'
	at org.mybatis.spring.MyBatisExceptionTranslator.translateExceptionIfPossible(MyBatisExceptionTranslator.java:101)
	at org.mybatis.spring.SqlSessionTemplate$SqlSessionInterceptor.invoke(SqlSessionTemplate.java:362)
	at jdk.proxy2/jdk.proxy2.$Proxy77.insert(Unknown Source)
	at org.mybatis.spring.SqlSessionTemplate.insert(SqlSessionTemplate.java:239)
	at org.apache.ibatis.binding.MapperMethod.execute(MapperMethod.java:62)
	at org.apache.ibatis.binding.MapperProxy$PlainMethodInvoker.invoke(MapperProxy.java:141)
	at org.apache.ibatis.binding.MapperProxy.invoke(MapperProxy.java:86)
	at jdk.proxy2/jdk.proxy2.$Proxy84.insert(Unknown Source)
	at org.example.studentsystem.service.impl.StudentServiceImpl.insert(StudentServiceImpl.java:25)
	at java.base/jdk.internal.reflect.DirectMethodHandleAccessor.invoke(DirectMethodHandleAccessor.java:104)
	at java.base/java.lang.reflect.Method.invoke(Method.java:565)
	at org.springframework.aop.support.AopUtils.invokeJoinpointUsingReflection(AopUtils.java:359)
	at org.springframework.aop.framework.ReflectiveMethodInvocation.invokeJoinpoint(ReflectiveMethodInvocation.java:190)
	at org.springframework.aop.framework.ReflectiveMethodInvocation.proceed(ReflectiveMethodInvocation.java:158)
	at org.springframework.aop.aspectj.MethodInvocationProceedingJoinPoint.proceed(MethodInvocationProceedingJoinPoint.java:82)
	at org.example.studentsystem.aspect.ServiceLogAspect.around(ServiceLogAspect.java:35)
	at java.base/jdk.internal.reflect.DirectMethodHandleAccessor.invoke(DirectMethodHandleAccessor.java:104)
	at java.base/java.lang.reflect.Method.invoke(Method.java:565)
	at org.springframework.aop.aspectj.AbstractAspectJAdvice.invokeAdviceMethodWithGivenArgs(AbstractAspectJAdvice.java:648)
	at org.springframework.aop.aspectj.AbstractAspectJAdvice.invokeAdviceMethod(AbstractAspectJAdvice.java:630)
	at org.springframework.aop.aspectj.AspectJAroundAdvice.invoke(AspectJAroundAdvice.java:70)
	at org.springframework.aop.framework.ReflectiveMethodInvocation.proceed(ReflectiveMethodInvocation.java:179)
	at org.springframework.aop.interceptor.ExposeInvocationInterceptor.invoke(ExposeInvocationInterceptor.java:96)
	at org.springframework.aop.framework.ReflectiveMethodInvocation.proceed(ReflectiveMethodInvocation.java:179)
	at org.springframework.aop.framework.CglibAopProxy$DynamicAdvisedInterceptor.intercept(CglibAopProxy.java:719)
	at org.example.studentsystem.service.impl.StudentServiceImpl$$SpringCGLIB$$0.insert(<generated>)
	at org.example.studentsystem.controller.StudentController.insert(StudentController.java:33)
	at java.base/jdk.internal.reflect.DirectMethodHandleAccessor.invoke(DirectMethodHandleAccessor.java:104)
	at java.base/java.lang.reflect.Method.invoke(Method.java:565)
	at org.springframework.aop.support.AopUtils.invokeJoinpointUsingReflection(AopUtils.java:359)
	at org.springframework.aop.framework.ReflectiveMethodInvocation.invokeJoinpoint(ReflectiveMethodInvocation.java:190)
	at org.springframework.aop.framework.ReflectiveMethodInvocation.proceed(ReflectiveMethodInvocation.java:158)
	at org.springframework.aop.aspectj.MethodInvocationProceedingJoinPoint.proceed(MethodInvocationProceedingJoinPoint.java:82)
	at org.example.studentsystem.aspect.WebLogAspect.around(WebLogAspect.java:56)
	at java.base/jdk.internal.reflect.DirectMethodHandleAccessor.invoke(DirectMethodHandleAccessor.java:104)
	at java.base/java.lang.reflect.Method.invoke(Method.java:565)
	at org.springframework.aop.aspectj.AbstractAspectJAdvice.invokeAdviceMethodWithGivenArgs(AbstractAspectJAdvice.java:648)
	at org.springframework.aop.aspectj.AbstractAspectJAdvice.invokeAdviceMethod(AbstractAspectJAdvice.java:630)
	at org.springframework.aop.aspectj.AspectJAroundAdvice.invoke(AspectJAroundAdvice.java:70)
	at org.springframework.aop.framework.ReflectiveMethodInvocation.proceed(ReflectiveMethodInvocation.java:179)
	at org.springframework.aop.interceptor.ExposeInvocationInterceptor.invoke(ExposeInvocationInterceptor.java:96)
	at org.springframework.aop.framework.ReflectiveMethodInvocation.proceed(ReflectiveMethodInvocation.java:179)
	at org.springframework.aop.framework.CglibAopProxy$DynamicAdvisedInterceptor.intercept(CglibAopProxy.java:719)
	at org.example.studentsystem.controller.StudentController$$SpringCGLIB$$0.insert(<generated>)
	at java.base/jdk.internal.reflect.DirectMethodHandleAccessor.invoke(DirectMethodHandleAccessor.java:104)
	at java.base/java.lang.reflect.Method.invoke(Method.java:565)
	at org.springframework.web.method.support.InvocableHandlerMethod.doInvoke(InvocableHandlerMethod.java:252)
	at org.springframework.web.method.support.InvocableHandlerMethod.invokeForRequest(InvocableHandlerMethod.java:184)
	at org.springframework.web.servlet.mvc.method.annotation.ServletInvocableHandlerMethod.invokeAndHandle(ServletInvocableHandlerMethod.java:117)
	at org.springframework.web.servlet.mvc.method.annotation.RequestMappingHandlerAdapter.invokeHandlerMethod(RequestMappingHandlerAdapter.java:934)
	at org.springframework.web.servlet.mvc.method.annotation.RequestMappingHandlerAdapter.handleInternal(RequestMappingHandlerAdapter.java:853)
	at org.springframework.web.servlet.mvc.method.AbstractHandlerMethodAdapter.handle(AbstractHandlerMethodAdapter.java:86)
	at org.springframework.web.servlet.DispatcherServlet.doDispatch(DispatcherServlet.java:963)
	at org.springframework.web.servlet.DispatcherServlet.doService(DispatcherServlet.java:866)
	at org.springframework.web.servlet.FrameworkServlet.processRequest(FrameworkServlet.java:1000)
	at org.springframework.web.servlet.FrameworkServlet.doPost(FrameworkServlet.java:903)
	at jakarta.servlet.http.HttpServlet.service(HttpServlet.java:649)
	at org.springframework.web.servlet.FrameworkServlet.service(FrameworkServlet.java:874)
	at jakarta.servlet.http.HttpServlet.service(HttpServlet.java:710)
	at org.apache.catalina.core.ApplicationFilterChain.doFilter(ApplicationFilterChain.java:128)
	at org.apache.tomcat.websocket.server.WsFilter.doFilter(WsFilter.java:53)
	at org.apache.catalina.core.ApplicationFilterChain.doFilter(ApplicationFilterChain.java:107)
	at org.springframework.web.filter.RequestContextFilter.doFilterInternal(RequestContextFilter.java:100)
	at org.springframework.web.filter.OncePerRequestFilter.doFilter(OncePerRequestFilter.java:116)
	at org.apache.catalina.core.ApplicationFilterChain.doFilter(ApplicationFilterChain.java:107)
	at org.springframework.web.filter.FormContentFilter.doFilterInternal(FormContentFilter.java:93)
	at org.springframework.web.filter.OncePerRequestFilter.doFilter(OncePerRequestFilter.java:116)
	at org.apache.catalina.core.ApplicationFilterChain.doFilter(ApplicationFilterChain.java:107)
	at org.springframework.web.filter.CharacterEncodingFilter.doFilterInternal(CharacterEncodingFilter.java:199)
	at org.springframework.web.filter.OncePerRequestFilter.doFilter(OncePerRequestFilter.java:116)
	at org.apache.catalina.core.ApplicationFilterChain.doFilter(ApplicationFilterChain.java:107)
	at org.example.studentsystem.filter.TraceFilter.doFilter(TraceFilter.java:29)
	at org.apache.catalina.core.ApplicationFilterChain.doFilter(ApplicationFilterChain.java:107)
	at org.apache.catalina.core.StandardWrapperValve.invoke(StandardWrapperValve.java:165)
	at org.apache.catalina.core.StandardContextValve.invoke(StandardContextValve.java:77)
	at org.apache.catalina.authenticator.AuthenticatorBase.invoke(AuthenticatorBase.java:492)
	at org.apache.catalina.core.StandardHostValve.invoke(StandardHostValve.java:113)
	at org.apache.catalina.valves.ErrorReportValve.invoke(ErrorReportValve.java:83)
	at org.apache.catalina.core.StandardEngineValve.invoke(StandardEngineValve.java:72)
	at org.apache.catalina.connector.CoyoteAdapter.service(CoyoteAdapter.java:341)
	at org.apache.coyote.http11.Http11Processor.service(Http11Processor.java:397)
	at org.apache.coyote.AbstractProcessorLight.process(AbstractProcessorLight.java:63)
	at org.apache.coyote.AbstractProtocol$ConnectionHandler.process(AbstractProtocol.java:903)
	at org.apache.tomcat.util.net.NioEndpoint$SocketProcessor.doRun(NioEndpoint.java:1801)
	at org.apache.tomcat.util.net.SocketProcessorBase.run(SocketProcessorBase.java:52)
	at org.apache.tomcat.util.threads.ThreadPoolExecutor.runWorker(ThreadPoolExecutor.java:946)
	at org.apache.tomcat.util.threads.ThreadPoolExecutor$Worker.run(ThreadPoolExecutor.java:480)
	at org.apache.tomcat.util.threads.TaskThread$WrappingRunnable.run(TaskThread.java:57)
	at java.base/java.lang.Thread.run(Thread.java:1516)
Caused by: org.apache.ibatis.reflection.ReflectionException: There is no getter for property named 'teacher_id' in 'class org.example.studentsystem.DTO.StudentDTO'
	at org.apache.ibatis.reflection.Reflector.getGetInvoker(Reflector.java:385)
	at org.apache.ibatis.reflection.MetaClass.getGetInvoker(MetaClass.java:160)
	at org.apache.ibatis.reflection.wrapper.BeanWrapper.getBeanProperty(BeanWrapper.java:156)
	at org.apache.ibatis.reflection.wrapper.BeanWrapper.get(BeanWrapper.java:50)
	at org.apache.ibatis.reflection.MetaObject.getValue(MetaObject.java:115)
	at org.apache.ibatis.scripting.defaults.DefaultParameterHandler.setParameters(DefaultParameterHandler.java:82)
	at org.apache.ibatis.executor.statement.PreparedStatementHandler.parameterize(PreparedStatementHandler.java:97)
	at org.apache.ibatis.executor.statement.RoutingStatementHandler.parameterize(RoutingStatementHandler.java:65)
	at org.apache.ibatis.executor.SimpleExecutor.prepareStatement(SimpleExecutor.java:91)
	at org.apache.ibatis.executor.SimpleExecutor.doUpdate(SimpleExecutor.java:49)
	at org.apache.ibatis.executor.BaseExecutor.update(BaseExecutor.java:117)
	at org.apache.ibatis.executor.CachingExecutor.update(CachingExecutor.java:76)
	at java.base/jdk.internal.reflect.DirectMethodHandleAccessor.invoke(DirectMethodHandleAccessor.java:104)
	at java.base/java.lang.reflect.Method.invoke(Method.java:565)
	at org.apache.ibatis.plugin.Plugin.invoke(Plugin.java:61)
	at jdk.proxy2/jdk.proxy2.$Proxy92.update(Unknown Source)
	at org.apache.ibatis.session.defaults.DefaultSqlSession.update(DefaultSqlSession.java:197)
	at org.apache.ibatis.session.defaults.DefaultSqlSession.insert(DefaultSqlSession.java:184)
	at java.base/jdk.internal.reflect.DirectMethodHandleAccessor.invoke(DirectMethodHandleAccessor.java:104)
	at java.base/java.lang.reflect.Method.invoke(Method.java:565)
	at org.mybatis.spring.SqlSessionTemplate$SqlSessionInterceptor.invoke(SqlSessionTemplate.java:348)
	... 87 common frames omitted
2026-08-31 20:42:36.110 [SpringApplicationShutdownHook] [] INFO  o.s.boot.tomcat.GracefulShutdown - Commencing graceful shutdown. Waiting for active requests to complete
2026-08-31 20:42:36.113 [tomcat-shutdown] [] INFO  o.s.boot.tomcat.GracefulShutdown - Graceful shutdown complete
2026-08-31 20:42:36.115 [SpringApplicationShutdownHook] [] INFO  com.zaxxer.hikari.HikariDataSource - HikariPool-1 - Shutdown initiated...
2026-08-31 20:42:36.117 [SpringApplicationShutdownHook] [] INFO  com.zaxxer.hikari.HikariDataSource - HikariPool-1 - Shutdown completed.
2026-08-31 20:42:40.062 [main] [] INFO  o.e.s.StudentSystemApplication - Starting StudentSystemApplication using Java 26 with PID 8612 (/Users/hepan/Desktop/java/target/classes started by hepan in /Users/hepan/Desktop/java)
2026-08-31 20:42:40.063 [main] [] INFO  o.e.s.StudentSystemApplication - No active profile set, falling back to 1 default profile: "default"
2026-08-31 20:42:40.124 [background-preinit] [] INFO  o.h.validator.internal.util.Version - HV000001: Hibernate Validator 9.0.1.Final
2026-08-31 20:42:40.274 [main] [] DEBUG o.apache.ibatis.logging.LogFactory - Logging initialized using 'class org.apache.ibatis.logging.slf4j.Slf4jImpl' adapter.
2026-08-31 20:42:40.457 [main] [] INFO  o.s.boot.tomcat.TomcatWebServer - Tomcat initialized with port 8081 (http)
2026-08-31 20:42:40.461 [main] [] INFO  o.a.coyote.http11.Http11NioProtocol - Initializing ProtocolHandler ["http-nio-8081"]
2026-08-31 20:42:40.461 [main] [] INFO  o.a.catalina.core.StandardService - Starting service [Tomcat]
2026-08-31 20:42:40.461 [main] [] INFO  o.a.catalina.core.StandardEngine - Starting Servlet engine: [Apache Tomcat/11.0.21]
2026-08-31 20:42:40.475 [main] [] INFO  o.s.b.w.c.s.WebApplicationContextInitializer - Root WebApplicationContext: initialization completed in 395 ms
2026-08-31 20:42:40.754 [main] [] INFO  o.a.coyote.http11.Http11NioProtocol - Starting ProtocolHandler ["http-nio-8081"]
2026-08-31 20:42:40.759 [main] [] INFO  o.s.boot.tomcat.TomcatWebServer - Tomcat started on port 8081 (http) with context path '/'
2026-08-31 20:42:40.760 [main] [] INFO  o.e.s.StudentSystemApplication - Started StudentSystemApplication in 0.874 seconds (process running for 1.003)
2026-08-31 20:42:43.449 [http-nio-8081-exec-1] [] INFO  o.a.c.c.C.[Tomcat].[localhost].[/] - Initializing Spring DispatcherServlet 'dispatcherServlet'
2026-08-31 20:42:43.449 [http-nio-8081-exec-1] [] INFO  o.s.web.servlet.DispatcherServlet - Initializing Servlet 'dispatcherServlet'
2026-08-31 20:42:43.451 [http-nio-8081-exec-1] [] INFO  o.s.web.servlet.DispatcherServlet - Completed initialization in 1 ms
2026-08-31 20:42:43.507 [http-nio-8081-exec-1] [29f0d985e52d4788] INFO  o.e.s.aspect.WebLogAspect - 
══════════════════════════════════════════════════════════════
>>> 【API 请求】 POST /student/insert
    traceId : 29f0d985e52d4788
    client  : 127.0.0.1
    handler : StudentController.insert
    headers : {
  "Content-Type" : "application/json",
  "User-Agent" : "PostmanRuntime/7.54.0",
  "Accept" : "*/*",
  "Postman-Token" : "0b3b93bc-ca08-4450-8812-6258321539e8",
  "Host" : "127.0.0.1:8081",
  "Accept-Encoding" : "gzip, deflate, br",
  "Connection" : "keep-alive",
  "Content-Length" : "113"
}
    args    : [ {
  "age" : 18,
  "chinese" : 100,
  "english" : 100,
  "gender" : "女",
  "id" : 1,
  "math" : 100,
  "name" : "学生1",
  "teacherId" : 1
} ]
══════════════════════════════════════════════════════════════

2026-08-31 20:42:43.507 [http-nio-8081-exec-1] [29f0d985e52d4788] INFO  o.e.s.aspect.ServiceLogAspect -     ▶ 【Service 进入】 StudentServiceImpl.insert
        args :
    [ {
  "age" : 18,
  "chinese" : 100,
  "english" : 100,
  "gender" : "女",
  "id" : 1,
  "math" : 100,
  "name" : "学生1",
  "teacherId" : 1
} ]

2026-08-31 20:42:43.513 [http-nio-8081-exec-1] [29f0d985e52d4788] INFO  com.zaxxer.hikari.HikariDataSource - HikariPool-1 - Starting...
2026-08-31 20:42:43.566 [http-nio-8081-exec-1] [29f0d985e52d4788] INFO  com.zaxxer.hikari.pool.HikariPool - HikariPool-1 - Added connection com.mysql.cj.jdbc.ConnectionImpl@6d4c8f6
2026-08-31 20:42:43.566 [http-nio-8081-exec-1] [29f0d985e52d4788] INFO  com.zaxxer.hikari.HikariDataSource - HikariPool-1 - Start completed.
2026-08-31 20:42:43.569 [http-nio-8081-exec-1] [29f0d985e52d4788] DEBUG o.e.s.mapper.StudentMapper.insert - ==>  Preparing: INSERT INTO student (id, name, age, gender, chinese, math, english, teacher_id AS teacherId) VALUES (?, ?, ?, ?, ?, ?, ?, ?)
2026-08-31 20:42:43.577 [http-nio-8081-exec-1] [29f0d985e52d4788] WARN  o.e.s.aspect.ServiceLogAspect -     ✖ 【Service 异常】 StudentServiceImpl.insert | 70ms
        error :
    "\n### Error updating database.  Cause: org.apache.ibatis.reflection.ReflectionException: There is no getter for property named 'teacher_id' in 'class org.example.studentsystem.DTO.StudentDTO'\n### The error may exist in org/example/studentsystem/mapper/StudentMapper.java (best guess)\n### The error may involve org.example.studentsystem.mapper.StudentMapper.insert-Inline\n### The error occurred while setting parameters\n### SQL: INSERT INTO student (id, name, age, gender, chinese, math, english, teacher_id AS teacherId) VALUES (?, ?, ?, ?, ?, ?, ?, ?)\n### Cause: org.apache.ibatis.reflection.ReflectionException: There is no getter for property named 'teacher_id' in 'class org.example.studentsystem.DTO.StudentDTO'"

org.mybatis.spring.MyBatisSystemException: 
### Error updating database.  Cause: org.apache.ibatis.reflection.ReflectionException: There is no getter for property named 'teacher_id' in 'class org.example.studentsystem.DTO.StudentDTO'
### The error may exist in org/example/studentsystem/mapper/StudentMapper.java (best guess)
### The error may involve org.example.studentsystem.mapper.StudentMapper.insert-Inline
### The error occurred while setting parameters
### SQL: INSERT INTO student (id, name, age, gender, chinese, math, english, teacher_id AS teacherId) VALUES (?, ?, ?, ?, ?, ?, ?, ?)
### Cause: org.apache.ibatis.reflection.ReflectionException: There is no getter for property named 'teacher_id' in 'class org.example.studentsystem.DTO.StudentDTO'
	at org.mybatis.spring.MyBatisExceptionTranslator.translateExceptionIfPossible(MyBatisExceptionTranslator.java:101)
	at org.mybatis.spring.SqlSessionTemplate$SqlSessionInterceptor.invoke(SqlSessionTemplate.java:362)
	at jdk.proxy2/jdk.proxy2.$Proxy77.insert(Unknown Source)
	at org.mybatis.spring.SqlSessionTemplate.insert(SqlSessionTemplate.java:239)
	at org.apache.ibatis.binding.MapperMethod.execute(MapperMethod.java:62)
	at org.apache.ibatis.binding.MapperProxy$PlainMethodInvoker.invoke(MapperProxy.java:141)
	at org.apache.ibatis.binding.MapperProxy.invoke(MapperProxy.java:86)
	at jdk.proxy2/jdk.proxy2.$Proxy84.insert(Unknown Source)
	at org.example.studentsystem.service.impl.StudentServiceImpl.insert(StudentServiceImpl.java:25)
	at java.base/jdk.internal.reflect.DirectMethodHandleAccessor.invoke(DirectMethodHandleAccessor.java:104)
	at java.base/java.lang.reflect.Method.invoke(Method.java:565)
	at org.springframework.aop.support.AopUtils.invokeJoinpointUsingReflection(AopUtils.java:359)
	at org.springframework.aop.framework.ReflectiveMethodInvocation.invokeJoinpoint(ReflectiveMethodInvocation.java:190)
	at org.springframework.aop.framework.ReflectiveMethodInvocation.proceed(ReflectiveMethodInvocation.java:158)
	at org.springframework.aop.aspectj.MethodInvocationProceedingJoinPoint.proceed(MethodInvocationProceedingJoinPoint.java:82)
	at org.example.studentsystem.aspect.ServiceLogAspect.around(ServiceLogAspect.java:35)
	at java.base/jdk.internal.reflect.DirectMethodHandleAccessor.invoke(DirectMethodHandleAccessor.java:104)
	at java.base/java.lang.reflect.Method.invoke(Method.java:565)
	at org.springframework.aop.aspectj.AbstractAspectJAdvice.invokeAdviceMethodWithGivenArgs(AbstractAspectJAdvice.java:648)
	at org.springframework.aop.aspectj.AbstractAspectJAdvice.invokeAdviceMethod(AbstractAspectJAdvice.java:630)
	at org.springframework.aop.aspectj.AspectJAroundAdvice.invoke(AspectJAroundAdvice.java:70)
	at org.springframework.aop.framework.ReflectiveMethodInvocation.proceed(ReflectiveMethodInvocation.java:179)
	at org.springframework.aop.interceptor.ExposeInvocationInterceptor.invoke(ExposeInvocationInterceptor.java:96)
	at org.springframework.aop.framework.ReflectiveMethodInvocation.proceed(ReflectiveMethodInvocation.java:179)
	at org.springframework.aop.framework.CglibAopProxy$DynamicAdvisedInterceptor.intercept(CglibAopProxy.java:719)
	at org.example.studentsystem.service.impl.StudentServiceImpl$$SpringCGLIB$$0.insert(<generated>)
	at org.example.studentsystem.controller.StudentController.insert(StudentController.java:33)
	at java.base/jdk.internal.reflect.DirectMethodHandleAccessor.invoke(DirectMethodHandleAccessor.java:104)
	at java.base/java.lang.reflect.Method.invoke(Method.java:565)
	at org.springframework.aop.support.AopUtils.invokeJoinpointUsingReflection(AopUtils.java:359)
	at org.springframework.aop.framework.ReflectiveMethodInvocation.invokeJoinpoint(ReflectiveMethodInvocation.java:190)
	at org.springframework.aop.framework.ReflectiveMethodInvocation.proceed(ReflectiveMethodInvocation.java:158)
	at org.springframework.aop.aspectj.MethodInvocationProceedingJoinPoint.proceed(MethodInvocationProceedingJoinPoint.java:82)
	at org.example.studentsystem.aspect.WebLogAspect.around(WebLogAspect.java:56)
	at java.base/jdk.internal.reflect.DirectMethodHandleAccessor.invoke(DirectMethodHandleAccessor.java:104)
	at java.base/java.lang.reflect.Method.invoke(Method.java:565)
	at org.springframework.aop.aspectj.AbstractAspectJAdvice.invokeAdviceMethodWithGivenArgs(AbstractAspectJAdvice.java:648)
	at org.springframework.aop.aspectj.AbstractAspectJAdvice.invokeAdviceMethod(AbstractAspectJAdvice.java:630)
	at org.springframework.aop.aspectj.AspectJAroundAdvice.invoke(AspectJAroundAdvice.java:70)
	at org.springframework.aop.framework.ReflectiveMethodInvocation.proceed(ReflectiveMethodInvocation.java:179)
	at org.springframework.aop.interceptor.ExposeInvocationInterceptor.invoke(ExposeInvocationInterceptor.java:96)
	at org.springframework.aop.framework.ReflectiveMethodInvocation.proceed(ReflectiveMethodInvocation.java:179)
	at org.springframework.aop.framework.CglibAopProxy$DynamicAdvisedInterceptor.intercept(CglibAopProxy.java:719)
	at org.example.studentsystem.controller.StudentController$$SpringCGLIB$$0.insert(<generated>)
	at java.base/jdk.internal.reflect.DirectMethodHandleAccessor.invoke(DirectMethodHandleAccessor.java:104)
	at java.base/java.lang.reflect.Method.invoke(Method.java:565)
	at org.springframework.web.method.support.InvocableHandlerMethod.doInvoke(InvocableHandlerMethod.java:252)
	at org.springframework.web.method.support.InvocableHandlerMethod.invokeForRequest(InvocableHandlerMethod.java:184)
	at org.springframework.web.servlet.mvc.method.annotation.ServletInvocableHandlerMethod.invokeAndHandle(ServletInvocableHandlerMethod.java:117)
	at org.springframework.web.servlet.mvc.method.annotation.RequestMappingHandlerAdapter.invokeHandlerMethod(RequestMappingHandlerAdapter.java:934)
	at org.springframework.web.servlet.mvc.method.annotation.RequestMappingHandlerAdapter.handleInternal(RequestMappingHandlerAdapter.java:853)
	at org.springframework.web.servlet.mvc.method.AbstractHandlerMethodAdapter.handle(AbstractHandlerMethodAdapter.java:86)
	at org.springframework.web.servlet.DispatcherServlet.doDispatch(DispatcherServlet.java:963)
	at org.springframework.web.servlet.DispatcherServlet.doService(DispatcherServlet.java:866)
	at org.springframework.web.servlet.FrameworkServlet.processRequest(FrameworkServlet.java:1000)
	at org.springframework.web.servlet.FrameworkServlet.doPost(FrameworkServlet.java:903)
	at jakarta.servlet.http.HttpServlet.service(HttpServlet.java:649)
	at org.springframework.web.servlet.FrameworkServlet.service(FrameworkServlet.java:874)
	at jakarta.servlet.http.HttpServlet.service(HttpServlet.java:710)
	at org.apache.catalina.core.ApplicationFilterChain.doFilter(ApplicationFilterChain.java:128)
	at org.apache.tomcat.websocket.server.WsFilter.doFilter(WsFilter.java:53)
	at org.apache.catalina.core.ApplicationFilterChain.doFilter(ApplicationFilterChain.java:107)
	at org.springframework.web.filter.RequestContextFilter.doFilterInternal(RequestContextFilter.java:100)
	at org.springframework.web.filter.OncePerRequestFilter.doFilter(OncePerRequestFilter.java:116)
	at org.apache.catalina.core.ApplicationFilterChain.doFilter(ApplicationFilterChain.java:107)
	at org.springframework.web.filter.FormContentFilter.doFilterInternal(FormContentFilter.java:93)
	at org.springframework.web.filter.OncePerRequestFilter.doFilter(OncePerRequestFilter.java:116)
	at org.apache.catalina.core.ApplicationFilterChain.doFilter(ApplicationFilterChain.java:107)
	at org.springframework.web.filter.CharacterEncodingFilter.doFilterInternal(CharacterEncodingFilter.java:199)
	at org.springframework.web.filter.OncePerRequestFilter.doFilter(OncePerRequestFilter.java:116)
	at org.apache.catalina.core.ApplicationFilterChain.doFilter(ApplicationFilterChain.java:107)
	at org.example.studentsystem.filter.TraceFilter.doFilter(TraceFilter.java:29)
	at org.apache.catalina.core.ApplicationFilterChain.doFilter(ApplicationFilterChain.java:107)
	at org.apache.catalina.core.StandardWrapperValve.invoke(StandardWrapperValve.java:165)
	at org.apache.catalina.core.StandardContextValve.invoke(StandardContextValve.java:77)
	at org.apache.catalina.authenticator.AuthenticatorBase.invoke(AuthenticatorBase.java:492)
	at org.apache.catalina.core.StandardHostValve.invoke(StandardHostValve.java:113)
	at org.apache.catalina.valves.ErrorReportValve.invoke(ErrorReportValve.java:83)
	at org.apache.catalina.core.StandardEngineValve.invoke(StandardEngineValve.java:72)
	at org.apache.catalina.connector.CoyoteAdapter.service(CoyoteAdapter.java:341)
	at org.apache.coyote.http11.Http11Processor.service(Http11Processor.java:397)
	at org.apache.coyote.AbstractProcessorLight.process(AbstractProcessorLight.java:63)
	at org.apache.coyote.AbstractProtocol$ConnectionHandler.process(AbstractProtocol.java:903)
	at org.apache.tomcat.util.net.NioEndpoint$SocketProcessor.doRun(NioEndpoint.java:1801)
	at org.apache.tomcat.util.net.SocketProcessorBase.run(SocketProcessorBase.java:52)
	at org.apache.tomcat.util.threads.ThreadPoolExecutor.runWorker(ThreadPoolExecutor.java:946)
	at org.apache.tomcat.util.threads.ThreadPoolExecutor$Worker.run(ThreadPoolExecutor.java:480)
	at org.apache.tomcat.util.threads.TaskThread$WrappingRunnable.run(TaskThread.java:57)
	at java.base/java.lang.Thread.run(Thread.java:1516)
Caused by: org.apache.ibatis.reflection.ReflectionException: There is no getter for property named 'teacher_id' in 'class org.example.studentsystem.DTO.StudentDTO'
	at org.apache.ibatis.reflection.Reflector.getGetInvoker(Reflector.java:385)
	at org.apache.ibatis.reflection.MetaClass.getGetInvoker(MetaClass.java:160)
	at org.apache.ibatis.reflection.wrapper.BeanWrapper.getBeanProperty(BeanWrapper.java:156)
	at org.apache.ibatis.reflection.wrapper.BeanWrapper.get(BeanWrapper.java:50)
	at org.apache.ibatis.reflection.MetaObject.getValue(MetaObject.java:115)
	at org.apache.ibatis.scripting.defaults.DefaultParameterHandler.setParameters(DefaultParameterHandler.java:82)
	at org.apache.ibatis.executor.statement.PreparedStatementHandler.parameterize(PreparedStatementHandler.java:97)
	at org.apache.ibatis.executor.statement.RoutingStatementHandler.parameterize(RoutingStatementHandler.java:65)
	at org.apache.ibatis.executor.SimpleExecutor.prepareStatement(SimpleExecutor.java:91)
	at org.apache.ibatis.executor.SimpleExecutor.doUpdate(SimpleExecutor.java:49)
	at org.apache.ibatis.executor.BaseExecutor.update(BaseExecutor.java:117)
	at org.apache.ibatis.executor.CachingExecutor.update(CachingExecutor.java:76)
	at java.base/jdk.internal.reflect.DirectMethodHandleAccessor.invoke(DirectMethodHandleAccessor.java:104)
	at java.base/java.lang.reflect.Method.invoke(Method.java:565)
	at org.apache.ibatis.plugin.Plugin.invoke(Plugin.java:61)
	at jdk.proxy2/jdk.proxy2.$Proxy92.update(Unknown Source)
	at org.apache.ibatis.session.defaults.DefaultSqlSession.update(DefaultSqlSession.java:197)
	at org.apache.ibatis.session.defaults.DefaultSqlSession.insert(DefaultSqlSession.java:184)
	at java.base/jdk.internal.reflect.DirectMethodHandleAccessor.invoke(DirectMethodHandleAccessor.java:104)
	at java.base/java.lang.reflect.Method.invoke(Method.java:565)
	at org.mybatis.spring.SqlSessionTemplate$SqlSessionInterceptor.invoke(SqlSessionTemplate.java:348)
	... 87 common frames omitted
2026-08-31 20:42:43.579 [http-nio-8081-exec-1] [29f0d985e52d4788] ERROR o.e.s.aspect.WebLogAspect - 
══════════════════════════════════════════════════════════════
✖ 【API 系统异常】 StudentController.insert | 81ms
    error :
"\n### Error updating database.  Cause: org.apache.ibatis.reflection.ReflectionException: There is no getter for property named 'teacher_id' in 'class org.example.studentsystem.DTO.StudentDTO'\n### The error may exist in org/example/studentsystem/mapper/StudentMapper.java (best guess)\n### The error may involve org.example.studentsystem.mapper.StudentMapper.insert-Inline\n### The error occurred while setting parameters\n### SQL: INSERT INTO student (id, name, age, gender, chinese, math, english, teacher_id AS teacherId) VALUES (?, ?, ?, ?, ?, ?, ?, ?)\n### Cause: org.apache.ibatis.reflection.ReflectionException: There is no getter for property named 'teacher_id' in 'class org.example.studentsystem.DTO.StudentDTO'"
══════════════════════════════════════════════════════════════

org.mybatis.spring.MyBatisSystemException: 
### Error updating database.  Cause: org.apache.ibatis.reflection.ReflectionException: There is no getter for property named 'teacher_id' in 'class org.example.studentsystem.DTO.StudentDTO'
### The error may exist in org/example/studentsystem/mapper/StudentMapper.java (best guess)
### The error may involve org.example.studentsystem.mapper.StudentMapper.insert-Inline
### The error occurred while setting parameters
### SQL: INSERT INTO student (id, name, age, gender, chinese, math, english, teacher_id AS teacherId) VALUES (?, ?, ?, ?, ?, ?, ?, ?)
### Cause: org.apache.ibatis.reflection.ReflectionException: There is no getter for property named 'teacher_id' in 'class org.example.studentsystem.DTO.StudentDTO'
	at org.mybatis.spring.MyBatisExceptionTranslator.translateExceptionIfPossible(MyBatisExceptionTranslator.java:101)
	at org.mybatis.spring.SqlSessionTemplate$SqlSessionInterceptor.invoke(SqlSessionTemplate.java:362)
	at jdk.proxy2/jdk.proxy2.$Proxy77.insert(Unknown Source)
	at org.mybatis.spring.SqlSessionTemplate.insert(SqlSessionTemplate.java:239)
	at org.apache.ibatis.binding.MapperMethod.execute(MapperMethod.java:62)
	at org.apache.ibatis.binding.MapperProxy$PlainMethodInvoker.invoke(MapperProxy.java:141)
	at org.apache.ibatis.binding.MapperProxy.invoke(MapperProxy.java:86)
	at jdk.proxy2/jdk.proxy2.$Proxy84.insert(Unknown Source)
	at org.example.studentsystem.service.impl.StudentServiceImpl.insert(StudentServiceImpl.java:25)
	at java.base/jdk.internal.reflect.DirectMethodHandleAccessor.invoke(DirectMethodHandleAccessor.java:104)
	at java.base/java.lang.reflect.Method.invoke(Method.java:565)
	at org.springframework.aop.support.AopUtils.invokeJoinpointUsingReflection(AopUtils.java:359)
	at org.springframework.aop.framework.ReflectiveMethodInvocation.invokeJoinpoint(ReflectiveMethodInvocation.java:190)
	at org.springframework.aop.framework.ReflectiveMethodInvocation.proceed(ReflectiveMethodInvocation.java:158)
	at org.springframework.aop.aspectj.MethodInvocationProceedingJoinPoint.proceed(MethodInvocationProceedingJoinPoint.java:82)
	at org.example.studentsystem.aspect.ServiceLogAspect.around(ServiceLogAspect.java:35)
	at java.base/jdk.internal.reflect.DirectMethodHandleAccessor.invoke(DirectMethodHandleAccessor.java:104)
	at java.base/java.lang.reflect.Method.invoke(Method.java:565)
	at org.springframework.aop.aspectj.AbstractAspectJAdvice.invokeAdviceMethodWithGivenArgs(AbstractAspectJAdvice.java:648)
	at org.springframework.aop.aspectj.AbstractAspectJAdvice.invokeAdviceMethod(AbstractAspectJAdvice.java:630)
	at org.springframework.aop.aspectj.AspectJAroundAdvice.invoke(AspectJAroundAdvice.java:70)
	at org.springframework.aop.framework.ReflectiveMethodInvocation.proceed(ReflectiveMethodInvocation.java:179)
	at org.springframework.aop.interceptor.ExposeInvocationInterceptor.invoke(ExposeInvocationInterceptor.java:96)
	at org.springframework.aop.framework.ReflectiveMethodInvocation.proceed(ReflectiveMethodInvocation.java:179)
	at org.springframework.aop.framework.CglibAopProxy$DynamicAdvisedInterceptor.intercept(CglibAopProxy.java:719)
	at org.example.studentsystem.service.impl.StudentServiceImpl$$SpringCGLIB$$0.insert(<generated>)
	at org.example.studentsystem.controller.StudentController.insert(StudentController.java:33)
	at java.base/jdk.internal.reflect.DirectMethodHandleAccessor.invoke(DirectMethodHandleAccessor.java:104)
	at java.base/java.lang.reflect.Method.invoke(Method.java:565)
	at org.springframework.aop.support.AopUtils.invokeJoinpointUsingReflection(AopUtils.java:359)
	at org.springframework.aop.framework.ReflectiveMethodInvocation.invokeJoinpoint(ReflectiveMethodInvocation.java:190)
	at org.springframework.aop.framework.ReflectiveMethodInvocation.proceed(ReflectiveMethodInvocation.java:158)
	at org.springframework.aop.aspectj.MethodInvocationProceedingJoinPoint.proceed(MethodInvocationProceedingJoinPoint.java:82)
	at org.example.studentsystem.aspect.WebLogAspect.around(WebLogAspect.java:56)
	at java.base/jdk.internal.reflect.DirectMethodHandleAccessor.invoke(DirectMethodHandleAccessor.java:104)
	at java.base/java.lang.reflect.Method.invoke(Method.java:565)
	at org.springframework.aop.aspectj.AbstractAspectJAdvice.invokeAdviceMethodWithGivenArgs(AbstractAspectJAdvice.java:648)
	at org.springframework.aop.aspectj.AbstractAspectJAdvice.invokeAdviceMethod(AbstractAspectJAdvice.java:630)
	at org.springframework.aop.aspectj.AspectJAroundAdvice.invoke(AspectJAroundAdvice.java:70)
	at org.springframework.aop.framework.ReflectiveMethodInvocation.proceed(ReflectiveMethodInvocation.java:179)
	at org.springframework.aop.interceptor.ExposeInvocationInterceptor.invoke(ExposeInvocationInterceptor.java:96)
	at org.springframework.aop.framework.ReflectiveMethodInvocation.proceed(ReflectiveMethodInvocation.java:179)
	at org.springframework.aop.framework.CglibAopProxy$DynamicAdvisedInterceptor.intercept(CglibAopProxy.java:719)
	at org.example.studentsystem.controller.StudentController$$SpringCGLIB$$0.insert(<generated>)
	at java.base/jdk.internal.reflect.DirectMethodHandleAccessor.invoke(DirectMethodHandleAccessor.java:104)
	at java.base/java.lang.reflect.Method.invoke(Method.java:565)
	at org.springframework.web.method.support.InvocableHandlerMethod.doInvoke(InvocableHandlerMethod.java:252)
	at org.springframework.web.method.support.InvocableHandlerMethod.invokeForRequest(InvocableHandlerMethod.java:184)
	at org.springframework.web.servlet.mvc.method.annotation.ServletInvocableHandlerMethod.invokeAndHandle(ServletInvocableHandlerMethod.java:117)
	at org.springframework.web.servlet.mvc.method.annotation.RequestMappingHandlerAdapter.invokeHandlerMethod(RequestMappingHandlerAdapter.java:934)
	at org.springframework.web.servlet.mvc.method.annotation.RequestMappingHandlerAdapter.handleInternal(RequestMappingHandlerAdapter.java:853)
	at org.springframework.web.servlet.mvc.method.AbstractHandlerMethodAdapter.handle(AbstractHandlerMethodAdapter.java:86)
	at org.springframework.web.servlet.DispatcherServlet.doDispatch(DispatcherServlet.java:963)
	at org.springframework.web.servlet.DispatcherServlet.doService(DispatcherServlet.java:866)
	at org.springframework.web.servlet.FrameworkServlet.processRequest(FrameworkServlet.java:1000)
	at org.springframework.web.servlet.FrameworkServlet.doPost(FrameworkServlet.java:903)
	at jakarta.servlet.http.HttpServlet.service(HttpServlet.java:649)
	at org.springframework.web.servlet.FrameworkServlet.service(FrameworkServlet.java:874)
	at jakarta.servlet.http.HttpServlet.service(HttpServlet.java:710)
	at org.apache.catalina.core.ApplicationFilterChain.doFilter(ApplicationFilterChain.java:128)
	at org.apache.tomcat.websocket.server.WsFilter.doFilter(WsFilter.java:53)
	at org.apache.catalina.core.ApplicationFilterChain.doFilter(ApplicationFilterChain.java:107)
	at org.springframework.web.filter.RequestContextFilter.doFilterInternal(RequestContextFilter.java:100)
	at org.springframework.web.filter.OncePerRequestFilter.doFilter(OncePerRequestFilter.java:116)
	at org.apache.catalina.core.ApplicationFilterChain.doFilter(ApplicationFilterChain.java:107)
	at org.springframework.web.filter.FormContentFilter.doFilterInternal(FormContentFilter.java:93)
	at org.springframework.web.filter.OncePerRequestFilter.doFilter(OncePerRequestFilter.java:116)
	at org.apache.catalina.core.ApplicationFilterChain.doFilter(ApplicationFilterChain.java:107)
	at org.springframework.web.filter.CharacterEncodingFilter.doFilterInternal(CharacterEncodingFilter.java:199)
	at org.springframework.web.filter.OncePerRequestFilter.doFilter(OncePerRequestFilter.java:116)
	at org.apache.catalina.core.ApplicationFilterChain.doFilter(ApplicationFilterChain.java:107)
	at org.example.studentsystem.filter.TraceFilter.doFilter(TraceFilter.java:29)
	at org.apache.catalina.core.ApplicationFilterChain.doFilter(ApplicationFilterChain.java:107)
	at org.apache.catalina.core.StandardWrapperValve.invoke(StandardWrapperValve.java:165)
	at org.apache.catalina.core.StandardContextValve.invoke(StandardContextValve.java:77)
	at org.apache.catalina.authenticator.AuthenticatorBase.invoke(AuthenticatorBase.java:492)
	at org.apache.catalina.core.StandardHostValve.invoke(StandardHostValve.java:113)
	at org.apache.catalina.valves.ErrorReportValve.invoke(ErrorReportValve.java:83)
	at org.apache.catalina.core.StandardEngineValve.invoke(StandardEngineValve.java:72)
	at org.apache.catalina.connector.CoyoteAdapter.service(CoyoteAdapter.java:341)
	at org.apache.coyote.http11.Http11Processor.service(Http11Processor.java:397)
	at org.apache.coyote.AbstractProcessorLight.process(AbstractProcessorLight.java:63)
	at org.apache.coyote.AbstractProtocol$ConnectionHandler.process(AbstractProtocol.java:903)
	at org.apache.tomcat.util.net.NioEndpoint$SocketProcessor.doRun(NioEndpoint.java:1801)
	at org.apache.tomcat.util.net.SocketProcessorBase.run(SocketProcessorBase.java:52)
	at org.apache.tomcat.util.threads.ThreadPoolExecutor.runWorker(ThreadPoolExecutor.java:946)
	at org.apache.tomcat.util.threads.ThreadPoolExecutor$Worker.run(ThreadPoolExecutor.java:480)
	at org.apache.tomcat.util.threads.TaskThread$WrappingRunnable.run(TaskThread.java:57)
	at java.base/java.lang.Thread.run(Thread.java:1516)
Caused by: org.apache.ibatis.reflection.ReflectionException: There is no getter for property named 'teacher_id' in 'class org.example.studentsystem.DTO.StudentDTO'
	at org.apache.ibatis.reflection.Reflector.getGetInvoker(Reflector.java:385)
	at org.apache.ibatis.reflection.MetaClass.getGetInvoker(MetaClass.java:160)
	at org.apache.ibatis.reflection.wrapper.BeanWrapper.getBeanProperty(BeanWrapper.java:156)
	at org.apache.ibatis.reflection.wrapper.BeanWrapper.get(BeanWrapper.java:50)
	at org.apache.ibatis.reflection.MetaObject.getValue(MetaObject.java:115)
	at org.apache.ibatis.scripting.defaults.DefaultParameterHandler.setParameters(DefaultParameterHandler.java:82)
	at org.apache.ibatis.executor.statement.PreparedStatementHandler.parameterize(PreparedStatementHandler.java:97)
	at org.apache.ibatis.executor.statement.RoutingStatementHandler.parameterize(RoutingStatementHandler.java:65)
	at org.apache.ibatis.executor.SimpleExecutor.prepareStatement(SimpleExecutor.java:91)
	at org.apache.ibatis.executor.SimpleExecutor.doUpdate(SimpleExecutor.java:49)
	at org.apache.ibatis.executor.BaseExecutor.update(BaseExecutor.java:117)
	at org.apache.ibatis.executor.CachingExecutor.update(CachingExecutor.java:76)
	at java.base/jdk.internal.reflect.DirectMethodHandleAccessor.invoke(DirectMethodHandleAccessor.java:104)
	at java.base/java.lang.reflect.Method.invoke(Method.java:565)
	at org.apache.ibatis.plugin.Plugin.invoke(Plugin.java:61)
	at jdk.proxy2/jdk.proxy2.$Proxy92.update(Unknown Source)
	at org.apache.ibatis.session.defaults.DefaultSqlSession.update(DefaultSqlSession.java:197)
	at org.apache.ibatis.session.defaults.DefaultSqlSession.insert(DefaultSqlSession.java:184)
	at java.base/jdk.internal.reflect.DirectMethodHandleAccessor.invoke(DirectMethodHandleAccessor.java:104)
	at java.base/java.lang.reflect.Method.invoke(Method.java:565)
	at org.mybatis.spring.SqlSessionTemplate$SqlSessionInterceptor.invoke(SqlSessionTemplate.java:348)
	... 87 common frames omitted
2026-08-31 20:42:43.581 [http-nio-8081-exec-1] [29f0d985e52d4788] ERROR o.e.s.common.GlobalExceptionHandler - 
══════════════════════════════════════════════════════════════
✖ 【系统异常】 traceId=29f0d985e52d4788
    detail :
"\n### Error updating database.  Cause: org.apache.ibatis.reflection.ReflectionException: There is no getter for property named 'teacher_id' in 'class org.example.studentsystem.DTO.StudentDTO'\n### The error may exist in org/example/studentsystem/mapper/StudentMapper.java (best guess)\n### The error may involve org.example.studentsystem.mapper.StudentMapper.insert-Inline\n### The error occurred while setting parameters\n### SQL: INSERT INTO student (id, name, age, gender, chinese, math, english, teacher_id AS teacherId) VALUES (?, ?, ?, ?, ?, ?, ?, ?)\n### Cause: org.apache.ibatis.reflection.ReflectionException: There is no getter for property named 'teacher_id' in 'class org.example.studentsystem.DTO.StudentDTO'"
══════════════════════════════════════════════════════════════

org.mybatis.spring.MyBatisSystemException: 
### Error updating database.  Cause: org.apache.ibatis.reflection.ReflectionException: There is no getter for property named 'teacher_id' in 'class org.example.studentsystem.DTO.StudentDTO'
### The error may exist in org/example/studentsystem/mapper/StudentMapper.java (best guess)
### The error may involve org.example.studentsystem.mapper.StudentMapper.insert-Inline
### The error occurred while setting parameters
### SQL: INSERT INTO student (id, name, age, gender, chinese, math, english, teacher_id AS teacherId) VALUES (?, ?, ?, ?, ?, ?, ?, ?)
### Cause: org.apache.ibatis.reflection.ReflectionException: There is no getter for property named 'teacher_id' in 'class org.example.studentsystem.DTO.StudentDTO'
	at org.mybatis.spring.MyBatisExceptionTranslator.translateExceptionIfPossible(MyBatisExceptionTranslator.java:101)
	at org.mybatis.spring.SqlSessionTemplate$SqlSessionInterceptor.invoke(SqlSessionTemplate.java:362)
	at jdk.proxy2/jdk.proxy2.$Proxy77.insert(Unknown Source)
	at org.mybatis.spring.SqlSessionTemplate.insert(SqlSessionTemplate.java:239)
	at org.apache.ibatis.binding.MapperMethod.execute(MapperMethod.java:62)
	at org.apache.ibatis.binding.MapperProxy$PlainMethodInvoker.invoke(MapperProxy.java:141)
	at org.apache.ibatis.binding.MapperProxy.invoke(MapperProxy.java:86)
	at jdk.proxy2/jdk.proxy2.$Proxy84.insert(Unknown Source)
	at org.example.studentsystem.service.impl.StudentServiceImpl.insert(StudentServiceImpl.java:25)
	at java.base/jdk.internal.reflect.DirectMethodHandleAccessor.invoke(DirectMethodHandleAccessor.java:104)
	at java.base/java.lang.reflect.Method.invoke(Method.java:565)
	at org.springframework.aop.support.AopUtils.invokeJoinpointUsingReflection(AopUtils.java:359)
	at org.springframework.aop.framework.ReflectiveMethodInvocation.invokeJoinpoint(ReflectiveMethodInvocation.java:190)
	at org.springframework.aop.framework.ReflectiveMethodInvocation.proceed(ReflectiveMethodInvocation.java:158)
	at org.springframework.aop.aspectj.MethodInvocationProceedingJoinPoint.proceed(MethodInvocationProceedingJoinPoint.java:82)
	at org.example.studentsystem.aspect.ServiceLogAspect.around(ServiceLogAspect.java:35)
	at java.base/jdk.internal.reflect.DirectMethodHandleAccessor.invoke(DirectMethodHandleAccessor.java:104)
	at java.base/java.lang.reflect.Method.invoke(Method.java:565)
	at org.springframework.aop.aspectj.AbstractAspectJAdvice.invokeAdviceMethodWithGivenArgs(AbstractAspectJAdvice.java:648)
	at org.springframework.aop.aspectj.AbstractAspectJAdvice.invokeAdviceMethod(AbstractAspectJAdvice.java:630)
	at org.springframework.aop.aspectj.AspectJAroundAdvice.invoke(AspectJAroundAdvice.java:70)
	at org.springframework.aop.framework.ReflectiveMethodInvocation.proceed(ReflectiveMethodInvocation.java:179)
	at org.springframework.aop.interceptor.ExposeInvocationInterceptor.invoke(ExposeInvocationInterceptor.java:96)
	at org.springframework.aop.framework.ReflectiveMethodInvocation.proceed(ReflectiveMethodInvocation.java:179)
	at org.springframework.aop.framework.CglibAopProxy$DynamicAdvisedInterceptor.intercept(CglibAopProxy.java:719)
	at org.example.studentsystem.service.impl.StudentServiceImpl$$SpringCGLIB$$0.insert(<generated>)
	at org.example.studentsystem.controller.StudentController.insert(StudentController.java:33)
	at java.base/jdk.internal.reflect.DirectMethodHandleAccessor.invoke(DirectMethodHandleAccessor.java:104)
	at java.base/java.lang.reflect.Method.invoke(Method.java:565)
	at org.springframework.aop.support.AopUtils.invokeJoinpointUsingReflection(AopUtils.java:359)
	at org.springframework.aop.framework.ReflectiveMethodInvocation.invokeJoinpoint(ReflectiveMethodInvocation.java:190)
	at org.springframework.aop.framework.ReflectiveMethodInvocation.proceed(ReflectiveMethodInvocation.java:158)
	at org.springframework.aop.aspectj.MethodInvocationProceedingJoinPoint.proceed(MethodInvocationProceedingJoinPoint.java:82)
	at org.example.studentsystem.aspect.WebLogAspect.around(WebLogAspect.java:56)
	at java.base/jdk.internal.reflect.DirectMethodHandleAccessor.invoke(DirectMethodHandleAccessor.java:104)
	at java.base/java.lang.reflect.Method.invoke(Method.java:565)
	at org.springframework.aop.aspectj.AbstractAspectJAdvice.invokeAdviceMethodWithGivenArgs(AbstractAspectJAdvice.java:648)
	at org.springframework.aop.aspectj.AbstractAspectJAdvice.invokeAdviceMethod(AbstractAspectJAdvice.java:630)
	at org.springframework.aop.aspectj.AspectJAroundAdvice.invoke(AspectJAroundAdvice.java:70)
	at org.springframework.aop.framework.ReflectiveMethodInvocation.proceed(ReflectiveMethodInvocation.java:179)
	at org.springframework.aop.interceptor.ExposeInvocationInterceptor.invoke(ExposeInvocationInterceptor.java:96)
	at org.springframework.aop.framework.ReflectiveMethodInvocation.proceed(ReflectiveMethodInvocation.java:179)
	at org.springframework.aop.framework.CglibAopProxy$DynamicAdvisedInterceptor.intercept(CglibAopProxy.java:719)
	at org.example.studentsystem.controller.StudentController$$SpringCGLIB$$0.insert(<generated>)
	at java.base/jdk.internal.reflect.DirectMethodHandleAccessor.invoke(DirectMethodHandleAccessor.java:104)
	at java.base/java.lang.reflect.Method.invoke(Method.java:565)
	at org.springframework.web.method.support.InvocableHandlerMethod.doInvoke(InvocableHandlerMethod.java:252)
	at org.springframework.web.method.support.InvocableHandlerMethod.invokeForRequest(InvocableHandlerMethod.java:184)
	at org.springframework.web.servlet.mvc.method.annotation.ServletInvocableHandlerMethod.invokeAndHandle(ServletInvocableHandlerMethod.java:117)
	at org.springframework.web.servlet.mvc.method.annotation.RequestMappingHandlerAdapter.invokeHandlerMethod(RequestMappingHandlerAdapter.java:934)
	at org.springframework.web.servlet.mvc.method.annotation.RequestMappingHandlerAdapter.handleInternal(RequestMappingHandlerAdapter.java:853)
	at org.springframework.web.servlet.mvc.method.AbstractHandlerMethodAdapter.handle(AbstractHandlerMethodAdapter.java:86)
	at org.springframework.web.servlet.DispatcherServlet.doDispatch(DispatcherServlet.java:963)
	at org.springframework.web.servlet.DispatcherServlet.doService(DispatcherServlet.java:866)
	at org.springframework.web.servlet.FrameworkServlet.processRequest(FrameworkServlet.java:1000)
	at org.springframework.web.servlet.FrameworkServlet.doPost(FrameworkServlet.java:903)
	at jakarta.servlet.http.HttpServlet.service(HttpServlet.java:649)
	at org.springframework.web.servlet.FrameworkServlet.service(FrameworkServlet.java:874)
	at jakarta.servlet.http.HttpServlet.service(HttpServlet.java:710)
	at org.apache.catalina.core.ApplicationFilterChain.doFilter(ApplicationFilterChain.java:128)
	at org.apache.tomcat.websocket.server.WsFilter.doFilter(WsFilter.java:53)
	at org.apache.catalina.core.ApplicationFilterChain.doFilter(ApplicationFilterChain.java:107)
	at org.springframework.web.filter.RequestContextFilter.doFilterInternal(RequestContextFilter.java:100)
	at org.springframework.web.filter.OncePerRequestFilter.doFilter(OncePerRequestFilter.java:116)
	at org.apache.catalina.core.ApplicationFilterChain.doFilter(ApplicationFilterChain.java:107)
	at org.springframework.web.filter.FormContentFilter.doFilterInternal(FormContentFilter.java:93)
	at org.springframework.web.filter.OncePerRequestFilter.doFilter(OncePerRequestFilter.java:116)
	at org.apache.catalina.core.ApplicationFilterChain.doFilter(ApplicationFilterChain.java:107)
	at org.springframework.web.filter.CharacterEncodingFilter.doFilterInternal(CharacterEncodingFilter.java:199)
	at org.springframework.web.filter.OncePerRequestFilter.doFilter(OncePerRequestFilter.java:116)
	at org.apache.catalina.core.ApplicationFilterChain.doFilter(ApplicationFilterChain.java:107)
	at org.example.studentsystem.filter.TraceFilter.doFilter(TraceFilter.java:29)
	at org.apache.catalina.core.ApplicationFilterChain.doFilter(ApplicationFilterChain.java:107)
	at org.apache.catalina.core.StandardWrapperValve.invoke(StandardWrapperValve.java:165)
	at org.apache.catalina.core.StandardContextValve.invoke(StandardContextValve.java:77)
	at org.apache.catalina.authenticator.AuthenticatorBase.invoke(AuthenticatorBase.java:492)
	at org.apache.catalina.core.StandardHostValve.invoke(StandardHostValve.java:113)
	at org.apache.catalina.valves.ErrorReportValve.invoke(ErrorReportValve.java:83)
	at org.apache.catalina.core.StandardEngineValve.invoke(StandardEngineValve.java:72)
	at org.apache.catalina.connector.CoyoteAdapter.service(CoyoteAdapter.java:341)
	at org.apache.coyote.http11.Http11Processor.service(Http11Processor.java:397)
	at org.apache.coyote.AbstractProcessorLight.process(AbstractProcessorLight.java:63)
	at org.apache.coyote.AbstractProtocol$ConnectionHandler.process(AbstractProtocol.java:903)
	at org.apache.tomcat.util.net.NioEndpoint$SocketProcessor.doRun(NioEndpoint.java:1801)
	at org.apache.tomcat.util.net.SocketProcessorBase.run(SocketProcessorBase.java:52)
	at org.apache.tomcat.util.threads.ThreadPoolExecutor.runWorker(ThreadPoolExecutor.java:946)
	at org.apache.tomcat.util.threads.ThreadPoolExecutor$Worker.run(ThreadPoolExecutor.java:480)
	at org.apache.tomcat.util.threads.TaskThread$WrappingRunnable.run(TaskThread.java:57)
	at java.base/java.lang.Thread.run(Thread.java:1516)
Caused by: org.apache.ibatis.reflection.ReflectionException: There is no getter for property named 'teacher_id' in 'class org.example.studentsystem.DTO.StudentDTO'
	at org.apache.ibatis.reflection.Reflector.getGetInvoker(Reflector.java:385)
	at org.apache.ibatis.reflection.MetaClass.getGetInvoker(MetaClass.java:160)
	at org.apache.ibatis.reflection.wrapper.BeanWrapper.getBeanProperty(BeanWrapper.java:156)
	at org.apache.ibatis.reflection.wrapper.BeanWrapper.get(BeanWrapper.java:50)
	at org.apache.ibatis.reflection.MetaObject.getValue(MetaObject.java:115)
	at org.apache.ibatis.scripting.defaults.DefaultParameterHandler.setParameters(DefaultParameterHandler.java:82)
	at org.apache.ibatis.executor.statement.PreparedStatementHandler.parameterize(PreparedStatementHandler.java:97)
	at org.apache.ibatis.executor.statement.RoutingStatementHandler.parameterize(RoutingStatementHandler.java:65)
	at org.apache.ibatis.executor.SimpleExecutor.prepareStatement(SimpleExecutor.java:91)
	at org.apache.ibatis.executor.SimpleExecutor.doUpdate(SimpleExecutor.java:49)
	at org.apache.ibatis.executor.BaseExecutor.update(BaseExecutor.java:117)
	at org.apache.ibatis.executor.CachingExecutor.update(CachingExecutor.java:76)
	at java.base/jdk.internal.reflect.DirectMethodHandleAccessor.invoke(DirectMethodHandleAccessor.java:104)
	at java.base/java.lang.reflect.Method.invoke(Method.java:565)
	at org.apache.ibatis.plugin.Plugin.invoke(Plugin.java:61)
	at jdk.proxy2/jdk.proxy2.$Proxy92.update(Unknown Source)
	at org.apache.ibatis.session.defaults.DefaultSqlSession.update(DefaultSqlSession.java:197)
	at org.apache.ibatis.session.defaults.DefaultSqlSession.insert(DefaultSqlSession.java:184)
	at java.base/jdk.internal.reflect.DirectMethodHandleAccessor.invoke(DirectMethodHandleAccessor.java:104)
	at java.base/java.lang.reflect.Method.invoke(Method.java:565)
	at org.mybatis.spring.SqlSessionTemplate$SqlSessionInterceptor.invoke(SqlSessionTemplate.java:348)
	... 87 common frames omitted
2026-08-31 20:53:17.633 [SpringApplicationShutdownHook] [] INFO  o.s.boot.tomcat.GracefulShutdown - Commencing graceful shutdown. Waiting for active requests to complete
2026-08-31 20:53:17.636 [tomcat-shutdown] [] INFO  o.s.boot.tomcat.GracefulShutdown - Graceful shutdown complete
2026-08-31 20:53:17.638 [SpringApplicationShutdownHook] [] INFO  com.zaxxer.hikari.HikariDataSource - HikariPool-1 - Shutdown initiated...
2026-08-31 20:53:17.641 [SpringApplicationShutdownHook] [] INFO  com.zaxxer.hikari.HikariDataSource - HikariPool-1 - Shutdown completed.
